t,gear_choice,motor_pwm,accel_ramp_s,pid_p,pid_d,cpg_freq_hz,cpg_amp,cpg_phase_deg,speed_mps,penalised_fitness,overcurrent,overtemp,joint_limit,timeout,algo,note
0,1,0.854678,0.609897,3.11783,0.536588,1.775179,0.792386,95.617589,0.939639,0.939639,False,False,False,False,CMA-ES,
1,1,0.655213,1.035905,1.307309,0.544788,1.576516,0.14505,77.749287,0.591737,0.591737,False,False,False,False,CMA-ES,
2,1,0.609807,0.865774,4.067609,0.143378,1.623386,0.694181,154.260869,0.501269,0.501269,False,False,False,False,CMA-ES,
3,1,0.674675,0.754733,1.999102,0.586075,2.352848,0.640134,108.534533,0.629541,0.629541,False,False,False,False,CMA-ES,
4,1,0.679268,0.456611,0.303535,0.470845,1.848278,0.268505,149.013324,0.501779,0.501779,False,False,False,False,CMA-ES,
5,1,0.728148,1.520819,1.903958,0.446562,1.948961,0.429316,179.37248,0.8157,0.8157,False,False,False,False,CMA-ES,
6,1,0.756895,1.238193,4.182739,0.54418,2.340735,0.862932,168.431406,0.34466,0.34466,False,False,False,False,CMA-ES,
7,1,0.639055,0.951921,2.279867,0.707196,1.830582,0.274131,171.80225,0.596965,0.596965,False,False,False,False,CMA-ES,
8,1,0.667879,0.755675,0.99604,0.611497,2.242131,0.391668,9.872165,0.570314,0.570314,False,False,False,False,CMA-ES,
9,1,0.668725,1.581948,2.512714,0.547315,1.452402,0.659803,188.295516,0.884961,0.884961,False,False,False,False,CMA-ES,
10,1,0.3,1.656655,2.058027,0.486147,1.536156,0.416173,164.344966,0.0,-2.0,False,False,False,True,CMA-ES,
11,1,0.547721,1.467384,2.36071,0.471064,1.425964,0.43849,52.443126,0.788747,0.788747,False,False,False,False,CMA-ES,
12,1,0.3,2.0,0.0,0.0,3.0,0.0,360.0,0.0,-2.0,False,False,False,True,CMA-ES,
13,1,0.3,0.0,0.0,0.0,3.0,0.0,360.0,0.0,-2.0,False,False,False,True,CMA-ES,
14,1,0.3,2.0,0.0,1.0,3.0,0.0,0.0,0.0,-2.0,False,False,False,True,CMA-ES,
15,1,0.3,2.0,0.0,1.0,3.0,0.0,0.0,0.0,-2.0,False,False,False,True,CMA-ES,
16,1,0.3,2.0,5.0,1.0,3.0,1.0,360.0,0.0,-2.0,False,False,False,True,CMA-ES,
17,1,1.0,0.0,5.0,0.0,3.0,1.0,0.0,0.0,-2.0,True,True,False,False,CMA-ES,
18,1,1.0,0.0,5.0,1.0,3.0,0.0,360.0,0.0,-2.0,True,True,True,False,CMA-ES,
19,1,1.0,2.0,5.0,1.0,0.5,0.0,360.0,0.0,-2.0,False,True,False,False,CMA-ES,
20,1,0.65,1.0,2.5,0.5,1.75,0.5,180.0,0.865479,0.865479,False,False,False,False,safe-bo-seed,
21,1,0.669768,1.036618,2.807884,0.48188,1.834445,0.483826,133.881999,0.823689,0.823689,False,False,False,False,safe-bo-seed,
22,1,0.671197,1.001812,2.822906,0.428103,1.781276,0.555353,197.001569,0.840701,0.840701,False,False,False,False,safe-bo-seed,
23,1,0.7422,0.966469,2.090076,0.39938,1.520192,0.487759,197.385716,1.013186,1.013186,False,False,False,False,safe-bo,
24,1,0.815227,1.065298,2.047284,0.398421,1.762083,0.396768,180.635392,0.998492,0.998492,False,False,False,False,safe-bo,
25,1,0.787879,1.002596,2.103229,0.43284,1.767362,0.312072,197.036836,0.916379,0.916379,False,False,False,False,safe-bo,
26,1,0.760359,1.14031,2.192958,0.399268,1.412976,0.505081,197.821055,1.0995,1.0995,False,False,False,False,safe-bo,
27,1,0.783438,0.999729,2.667142,0.396742,1.338173,0.542456,179.9068,1.039303,1.039303,False,False,False,False,safe-bo,
28,1,0.807747,1.231985,2.416415,0.36468,1.441779,0.543159,180.48786,1.122604,1.122604,False,False,False,False,safe-bo,
29,1,0.912689,1.299559,1.65561,0.416182,1.378853,0.461972,179.900372,1.238997,1.238997,False,False,False,False,safe-bo,
30,1,0.868547,1.445401,1.837001,0.42367,1.436039,0.453213,179.811981,1.133123,1.133123,False,False,False,False,safe-bo,
31,1,0.985776,1.3061,1.81546,0.460104,1.511519,0.421136,196.947274,1.29285,1.29285,False,False,False,False,safe-bo,
32,1,0.931178,1.425324,1.682622,0.469767,1.473526,0.417267,179.880762,1.225159,1.225159,False,False,False,False,safe-bo,
33,1,0.90231,1.251666,2.281464,0.606988,1.45167,0.439575,197.815503,1.161315,1.161315,False,False,False,False,safe-bo,
34,1,0.937414,1.306694,2.075903,0.450616,1.097443,0.386786,198.092478,1.093281,1.093281,False,False,False,False,safe-bo,
35,1,1.0,1.085827,1.534173,0.44322,1.156816,0.483525,197.000927,1.265904,1.265904,False,False,False,False,safe-bo,
36,1,1.0,1.358562,2.154238,0.409664,1.631885,0.394357,198.331615,1.304336,1.304336,False,False,False,False,safe-bo,
37,1,0.990095,1.372672,2.136539,0.419503,1.675731,0.43637,179.874259,1.332058,1.332058,False,False,False,False,safe-bo,
38,1,0.944765,1.215805,2.142437,0.475562,1.567729,0.404377,180.337652,1.189772,1.189772,False,False,False,False,safe-bo,
39,1,0.932978,1.513172,2.293724,0.480123,2.149478,0.480971,197.897377,0.997459,0.997459,False,False,False,False,safe-bo,
40,1,0.985372,1.587978,2.237627,0.392365,1.59552,0.448926,197.390143,1.28795,1.28795,False,False,False,False,safe-bo,
41,1,0.984406,1.483455,2.231805,0.3822,2.095361,0.393937,197.522072,0.964348,0.964348,False,False,False,False,safe-bo,
42,1,1.0,1.2981,1.874666,0.41731,1.774052,0.327819,197.318369,1.156522,1.156522,False,False,False,False,safe-bo,
43,1,0.940052,1.439072,2.524125,0.275797,1.921878,0.485093,197.393208,1.12134,1.12134,False,False,False,False,safe-bo,
44,1,1.0,1.434967,1.562816,0.323177,1.471715,0.532477,197.702883,1.423252,1.423252,False,False,False,False,safe-bo,
45,1,0.965811,1.667424,1.065298,0.240328,1.679642,0.459124,197.113363,1.199992,1.199992,False,False,False,False,safe-bo,
46,1,1.0,1.251029,2.882508,0.439053,1.774186,0.488035,180.240297,1.167293,1.167293,False,False,False,False,safe-bo,
47,1,1.0,1.526782,1.902579,0.293986,1.579643,0.505284,197.741319,1.436516,1.436516,False,False,False,False,safe-bo,
48,1,0.926933,1.809149,1.993604,0.31693,1.441648,0.511234,181.039228,1.280871,1.280871,False,False,False,False,safe-bo,
49,1,0.893762,1.813776,1.961735,0.20009,1.566556,0.523845,198.20362,1.259397,1.259397,False,False,False,False,safe-bo,
50,1,0.963605,1.624653,1.557093,0.189259,1.393884,0.555969,197.993928,1.322672,1.322672,False,False,False,False,safe-bo,
51,1,0.911895,1.267704,1.755124,0.279826,1.816026,0.52459,198.963701,1.220696,1.220696,False,False,False,False,safe-bo,
52,1,1.0,1.626567,2.110164,0.337977,1.659842,0.552695,180.035261,1.43264,1.43264,False,False,False,False,safe-bo,
53,1,1.0,1.537256,2.683287,0.286964,1.786509,0.514476,195.343103,1.298792,1.298792,False,False,False,False,safe-bo,
54,1,0.979075,1.60608,2.749566,0.377911,1.298555,0.527217,198.245149,1.280558,1.280558,False,False,False,False,safe-bo,
55,1,0.943991,1.517651,1.625676,0.278391,1.528418,0.542583,180.190967,1.346257,1.346257,False,False,False,False,safe-bo,
56,1,0.993826,1.782279,1.686182,0.144151,1.565761,0.484571,198.128501,1.365176,1.365176,False,False,False,False,safe-bo,
57,1,1.0,1.515463,2.421169,0.310511,1.776944,0.570781,180.677723,1.325051,1.325051,False,False,False,False,safe-bo,
58,1,0.971785,1.475709,1.674794,0.484292,1.181322,0.53426,181.266043,1.232804,1.232804,False,False,False,False,safe-bo,
59,1,0.977585,1.200078,2.463775,0.303827,1.555102,0.411462,180.291417,1.261271,1.261271,False,False,False,False,safe-bo,
60,1,1.0,1.480264,1.947074,0.263263,1.770948,0.551627,180.671047,1.384559,1.384559,False,False,False,False,safe-bo,
61,1,0.931191,1.493552,2.517042,0.410301,1.637277,0.452056,181.085522,1.209592,1.209592,False,False,False,False,safe-bo,
62,1,0.918399,1.490748,1.536577,0.209349,1.61788,0.536536,197.642381,1.332948,1.332948,False,False,False,False,safe-bo,
63,1,0.994154,1.491084,1.667654,0.318596,1.405173,0.497556,181.330987,1.351007,1.351007,False,False,False,False,safe-bo,
64,1,0.940481,1.897685,1.932793,0.339134,1.721676,0.528331,180.628598,1.266246,1.266246,False,False,False,False,safe-bo,
65,1,0.946846,1.544362,2.35278,0.348898,1.69513,0.568255,196.829668,1.333926,1.333926,False,False,False,False,safe-bo,
66,1,1.0,1.489972,1.824897,0.23829,1.843737,0.445474,198.487482,1.316616,1.316616,False,False,False,False,safe-bo,
67,1,1.0,1.38863,2.00886,0.186306,1.666511,0.425141,180.295498,1.333686,1.333686,False,False,False,False,safe-bo,
68,1,0.995763,1.598169,2.207129,0.316455,1.238237,0.52427,197.879175,1.381875,1.381875,False,False,False,False,safe-bo,
69,1,1.0,1.567714,1.92958,0.3127,1.573355,0.280844,198.027647,1.215941,1.215941,False,False,False,False,safe-bo,
70,1,0.932853,1.504384,2.014733,0.354926,1.496823,0.459635,197.231131,1.288643,1.288643,False,False,False,False,safe-bo,
71,1,0.949813,1.5618,1.98,0.181746,1.888936,0.407376,198.115396,1.107237,1.107237,False,False,False,False,safe-bo,
72,1,1.0,1.603381,2.747004,0.457167,1.541564,0.512383,195.064288,1.285434,1.285434,False,False,False,False,safe-bo,
73,1,0.98221,1.487146,1.461346,0.181083,1.763031,0.601924,198.352708,1.327938,1.327938,False,False,False,False,safe-bo,
74,1,1.0,1.376565,2.487927,0.264645,1.507679,0.473597,180.849905,1.310726,1.310726,False,False,False,False,safe-bo,
75,1,1.0,1.446314,1.535171,0.235582,1.672584,0.440158,198.252507,1.309945,1.309945,False,False,False,False,safe-bo,
76,1,1.0,1.499136,2.047553,0.351023,1.589853,0.463596,198.481366,1.388992,1.388992,False,False,False,False,safe-bo,
77,1,1.0,1.744581,1.551223,0.240434,1.501879,0.374433,181.486362,1.25657,1.25657,False,False,False,False,safe-bo,
78,1,0.93608,1.523801,1.650373,0.330302,1.655838,0.572058,180.907979,1.327827,1.327827,False,False,False,False,safe-bo,
79,1,1.0,1.426427,2.161775,0.240111,1.490058,0.555197,195.219749,1.445753,1.445753,False,False,False,False,safe-bo,
80,1,1.0,1.574115,2.365188,0.211607,1.684874,0.459774,197.845059,1.399703,1.399703,False,False,False,False,safe-bo,
81,1,1.0,1.430059,2.196311,0.315371,1.305636,0.516525,180.371923,1.40018,1.40018,False,False,False,False,safe-bo,
82,1,0.9813,1.085319,2.040717,0.242754,1.46093,0.498369,182.012067,1.360784,1.360784,False,False,False,False,safe-bo,
83,1,1.0,1.362703,2.015727,0.126259,1.611411,0.598285,198.378405,1.382263,1.382263,False,False,False,False,safe-bo,
84,1,1.0,1.606878,2.642102,0.241576,1.712931,0.737035,181.391939,1.256118,1.256118,False,False,False,False,safe-bo,
85,1,0.949435,1.360908,2.219206,0.137732,1.136046,0.597544,198.763035,1.261485,1.261485,False,False,False,False,safe-bo,
86,1,0.95397,1.352969,2.148127,0.212279,1.376189,0.542394,180.975004,1.32331,1.32331,False,False,False,False,safe-bo,
87,1,1.0,1.305207,2.745845,0.332075,1.503916,0.459348,195.434353,1.294164,1.294164,False,False,False,False,safe-bo,
88,1,0.905427,1.225475,2.293592,0.36815,1.656276,0.562272,180.116975,1.28579,1.28579,False,False,False,False,safe-bo,
89,1,0.947865,1.426448,1.996675,0.40358,1.500787,0.511838,197.514351,1.314112,1.314112,False,False,False,False,safe-bo,
90,1,1.0,1.341402,1.921448,0.298611,1.524544,0.430585,181.073744,1.349372,1.349372,False,False,False,False,safe-bo,
91,1,0.976457,1.411928,1.685526,0.314713,1.290083,0.480597,181.011137,1.259757,1.259757,False,False,False,False,safe-bo,
92,1,1.0,1.412971,2.297918,0.288464,1.523033,0.675452,180.65922,1.375547,1.375547,False,False,False,False,safe-bo,
93,1,1.0,1.531364,2.254064,0.218257,1.35534,0.448971,198.33296,1.327696,1.327696,False,False,False,False,safe-bo,
94,1,0.915391,1.302958,2.745619,0.182764,1.821119,0.550613,195.082186,1.155515,1.155515,False,False,False,False,safe-bo,
95,1,0.977021,1.538148,2.333247,0.356579,1.39255,0.474739,180.680382,1.368501,1.368501,False,False,False,False,safe-bo,
96,1,1.0,1.731021,1.962633,0.206852,1.137826,0.378389,181.39379,1.197413,1.197413,False,False,False,False,safe-bo,
97,1,0.996388,1.409777,2.346897,0.25926,1.536732,0.45713,180.137782,1.362599,1.362599,False,False,False,False,safe-bo,
98,1,0.916139,1.593688,2.276471,0.331717,1.407566,0.605309,196.964257,1.307572,1.307572,False,False,False,False,safe-bo,
99,1,0.942306,1.41152,1.827548,0.21735,1.281714,0.56525,198.266292,1.339858,1.339858,False,False,False,False,safe-bo,
100,1,1.0,1.398621,2.399574,0.231968,1.771371,0.55842,180.242914,1.368771,1.368771,False,False,False,False,safe-bo,
101,1,0.981664,1.308353,2.884391,0.440656,1.712259,0.499272,195.306941,1.218787,1.218787,False,False,False,False,safe-bo,
102,1,1.0,1.610136,1.761757,0.306904,1.447385,0.591553,180.796857,1.397273,1.397273,False,False,False,False,safe-bo,
103,1,0.996329,1.312379,2.525836,0.309062,1.527711,0.384332,181.547417,1.291067,1.291067,False,False,False,False,safe-bo,
104,1,0.99541,1.344906,2.452552,0.349512,1.592971,0.689142,181.717618,1.378203,1.378203,False,False,False,False,safe-bo,
105,1,1.0,1.278847,2.867802,0.216957,1.492092,0.482214,180.536798,1.309297,1.309297,False,False,False,False,safe-bo,
106,1,0.876781,1.390562,2.363191,0.257846,1.370605,0.577592,195.482252,1.228912,1.228912,False,False,False,False,safe-bo,
107,1,0.928556,1.471147,2.404283,0.286798,1.452246,0.58955,181.631835,1.367512,1.367512,False,False,False,False,safe-bo,
108,1,1.0,1.351398,2.220956,0.149137,1.530815,0.465802,196.807634,1.347704,1.347704,False,False,False,False,safe-bo,
109,1,1.0,1.199316,2.458638,0.136438,1.513393,0.524491,197.838856,1.410066,1.410066,False,False,False,False,safe-bo,
110,1,1.0,1.386518,2.203027,0.180698,1.366108,0.638644,197.734541,1.404478,1.404478,False,False,False,False,safe-bo,
111,1,0.976025,1.478537,2.114657,0.257408,1.686039,0.569423,198.368127,1.358252,1.358252,False,False,False,False,safe-bo,
112,1,1.0,1.548059,2.081269,0.300236,1.767453,0.53107,197.968752,1.335222,1.335222,False,False,False,False,safe-bo,
113,1,1.0,1.582192,2.296067,0.208547,1.394791,0.608585,197.530439,1.40495,1.40495,False,False,False,False,safe-bo,
114,1,1.0,1.544627,1.907743,0.231587,1.416962,0.540901,197.32764,1.463575,1.463575,False,False,False,False,safe-bo,
115,1,0.942803,1.473888,2.014711,0.109046,1.993967,0.580033,197.453118,1.16549,1.16549,False,False,False,False,safe-bo,
116,1,1.0,1.546087,1.806604,0.276749,1.459087,0.442323,180.76955,1.382728,1.382728,False,False,False,False,safe-bo,
117,1,1.0,1.741145,1.09313,0.299155,1.257651,0.536368,198.390529,1.181608,1.181608,False,False,False,False,safe-bo,
118,1,1.0,1.571731,1.84483,0.141547,1.298665,0.664099,198.835519,1.38762,1.38762,False,False,False,False,safe-bo,
119,1,1.0,1.712714,1.541396,0.177427,1.475415,0.52951,181.357275,1.389817,1.389817,False,False,False,False,safe-bo,
120,1,1.0,1.474589,1.672529,0.359495,1.62625,0.561011,180.884235,1.383325,1.383325,False,False,False,False,safe-bo,
121,1,0.923092,1.521959,1.916235,0.324618,1.308331,0.601899,180.545592,1.279722,1.279722,False,False,False,False,safe-bo,
122,1,1.0,1.839458,2.278441,0.252775,1.672183,0.552855,180.821436,1.392747,1.392747,False,False,False,False,safe-bo,
123,1,1.0,1.765941,1.801088,0.17596,1.689479,0.518966,197.837253,1.422799,1.422799,False,False,False,False,safe-bo,
124,1,0.987486,1.596687,2.105905,0.293833,1.572433,0.581625,198.894009,1.387186,1.387186,False,False,False,False,safe-bo,
125,1,1.0,1.553824,1.940798,0.334969,1.74794,0.526316,195.681943,1.360947,1.360947,False,False,False,False,safe-bo,
126,1,0.98729,1.593202,1.991564,0.207623,1.573388,0.632407,197.516526,1.448977,1.448977,False,False,False,False,safe-bo,
127,1,0.957982,1.524433,2.303171,0.171184,1.464121,0.63739,182.280085,1.328249,1.328249,False,False,False,False,safe-bo,
128,1,1.0,1.450329,1.978572,0.216906,1.32909,0.493667,196.718451,1.367951,1.367951,False,False,False,False,safe-bo,
129,1,0.996707,1.415782,1.523825,0.193927,1.265731,0.443756,198.620606,1.282196,1.282196,False,False,False,False,safe-bo,
130,1,0.915918,1.720388,2.020555,0.271256,1.567049,0.551654,180.461053,1.271067,1.271067,False,False,False,False,safe-bo,
131,1,0.98569,1.639847,2.472968,0.253934,1.464654,0.665597,196.330403,1.376271,1.376271,False,False,False,False,safe-bo,
132,1,0.970866,1.664074,2.075857,0.100033,1.568328,0.522408,182.339979,1.296936,1.296936,False,False,False,False,safe-bo,
133,1,0.985673,1.422836,2.25523,0.270239,1.574334,0.51673,196.528804,1.413076,1.413076,False,False,False,False,safe-bo,
134,1,1.0,1.460284,2.200386,0.141881,1.859908,0.404557,195.647316,1.206645,1.206645,False,False,False,False,safe-bo,
135,1,1.0,1.471733,1.653184,0.305908,1.125901,0.549966,183.135123,1.367104,1.367104,False,False,False,False,safe-bo,
136,1,0.92898,1.379425,1.826936,0.179161,1.530429,0.449904,197.71151,1.270449,1.270449,False,False,False,False,safe-bo,
137,1,0.919725,1.607521,2.436268,0.170505,1.277814,0.483708,196.500261,1.250613,1.250613,False,False,False,False,safe-bo,
138,1,1.0,1.66537,2.235458,0.17752,1.508844,0.356628,182.1008,1.216385,1.216385,False,False,False,False,safe-bo,
139,1,1.0,1.703348,2.252061,0.266662,1.610887,0.693772,196.202303,1.391999,1.391999,False,False,False,False,safe-bo,
140,1,0.998981,1.4093,2.067915,0.325622,1.506788,0.469463,197.262045,1.401965,1.401965,False,False,False,False,safe-bo,
141,1,0.970618,1.747072,1.912069,0.232437,1.300086,0.48168,197.924432,1.376766,1.376766,False,False,False,False,safe-bo,
142,1,0.922783,1.616104,1.643955,0.221321,1.440537,0.601658,198.207162,1.252701,1.252701,False,False,False,False,safe-bo,
143,1,1.0,1.488868,1.450755,0.089485,1.546764,0.556869,198.569109,1.367275,1.367275,False,False,False,False,safe-bo,
144,1,0.894213,1.514335,1.837529,0.297288,1.176046,0.428655,198.376544,1.157483,1.157483,False,False,False,False,safe-bo,
145,1,0.933379,1.560227,2.400507,0.305787,1.58722,0.566194,196.770073,1.358506,1.358506,False,False,False,False,safe-bo,
146,1,0.973653,1.505313,2.147682,0.286549,1.618854,0.613353,197.80649,1.410959,1.410959,False,False,False,False,safe-bo,
147,1,1.0,1.344268,2.323495,0.27237,1.605796,0.418142,179.828946,1.32286,1.32286,False,False,False,False,safe-bo,
148,1,0.954449,1.507779,1.941373,0.24757,1.744875,0.385093,196.498674,1.192812,1.192812,False,False,False,False,safe-bo,
149,1,1.0,1.541731,1.758634,0.252305,1.523165,0.419333,197.916392,1.30289,1.30289,False,False,False,False,safe-bo,
150,1,0.984432,1.649682,1.752301,0.236473,1.683671,0.46442,196.890085,1.333964,1.333964,False,False,False,False,safe-bo,
151,1,1.0,1.306405,1.872263,0.22013,1.283411,0.411637,183.057186,1.289304,1.289304,False,False,False,False,safe-bo,
152,1,0.972207,1.326725,2.195535,0.144019,1.465116,0.415826,196.215045,1.339561,1.339561,False,False,False,False,safe-bo,
153,1,0.977511,1.486322,1.938627,0.258237,1.498457,0.491191,196.335224,1.356884,1.356884,False,False,False,False,safe-bo,
154,1,0.96058,1.510247,2.009546,0.300353,1.534313,0.519524,197.219172,1.377465,1.377465,False,False,False,False,safe-bo,
155,1,1.0,1.630742,2.300427,0.294577,1.657899,0.572535,180.359633,1.35412,1.35412,False,False,False,False,safe-bo,
156,1,0.909721,1.496057,1.816894,0.317868,1.152088,0.467454,181.296254,1.159301,1.159301,False,False,False,False,safe-bo,
157,1,1.0,1.308992,1.712168,0.057882,1.322081,0.631059,183.100477,1.34021,1.34021,False,False,False,False,safe-bo,
158,1,1.0,1.485858,1.853171,0.203467,1.555593,0.545099,198.418,1.443163,1.443163,False,False,False,False,safe-bo,
159,1,1.0,1.254868,2.197479,0.195878,1.731604,0.542523,182.284635,1.41034,1.41034,False,False,False,False,safe-bo,
160,1,0.863136,1.328324,2.158033,0.19898,1.424593,0.451908,179.969576,1.171042,1.171042,False,False,False,False,safe-bo,
161,1,1.0,1.66026,2.068507,0.087009,1.225746,0.613033,180.629293,1.292689,1.292689,False,False,False,False,safe-bo,
162,1,0.956272,1.430715,1.446102,0.125153,1.169186,0.450156,198.355919,1.176628,1.176628,False,False,False,False,safe-bo,
163,1,0.997958,1.454956,1.471153,0.295863,1.353678,0.59561,180.086594,1.38733,1.38733,False,False,False,False,safe-bo,
164,1,0.938071,1.378165,1.930661,0.325213,1.377278,0.480801,180.994731,1.314514,1.314514,False,False,False,False,safe-bo,
165,1,1.0,1.608013,2.016516,0.179919,1.477818,0.542982,182.841464,1.392883,1.392883,False,False,False,False,safe-bo,
166,1,0.981464,1.624502,1.909033,0.262576,1.362572,0.487853,181.353561,1.393818,1.393818,False,False,False,False,safe-bo,
167,1,0.965816,1.180276,2.031623,0.214218,1.536936,0.538778,198.637797,1.37763,1.37763,False,False,False,False,safe-bo,
168,1,0.935727,1.545019,1.810133,0.203712,1.631124,0.590206,199.05475,1.342803,1.342803,False,False,False,False,safe-bo,
169,1,1.0,1.620847,2.051933,0.378447,1.545302,0.458226,198.299842,1.416412,1.416412,False,False,False,False,safe-bo,
170,1,0.925358,1.44743,2.047899,0.348792,1.243414,0.667892,197.959588,1.288093,1.288093,False,False,False,False,safe-bo,
171,1,0.888775,1.483652,1.716199,0.27068,1.583387,0.654368,181.266727,1.262558,1.262558,False,False,False,False,safe-bo,
172,1,0.997183,1.370808,1.991436,0.268342,1.506449,0.463706,196.756617,1.450263,1.450263,False,False,False,False,safe-bo,
173,1,1.0,1.394536,1.767343,0.151523,1.640168,0.486897,180.952343,1.361423,1.361423,False,False,False,False,safe-bo,
174,1,1.0,1.645969,1.849017,0.296052,1.35617,0.650152,180.083473,1.402338,1.402338,False,False,False,False,safe-bo,
175,1,1.0,1.502932,2.513501,0.16988,1.706403,0.586105,180.98483,1.344495,1.344495,False,False,False,False,safe-bo,
176,1,1.0,1.663455,1.743218,0.151076,1.666435,0.570734,198.793252,1.426594,1.426594,False,False,False,False,safe-bo,
177,1,1.0,1.549872,1.763109,0.331553,1.617189,0.517404,198.761568,1.405949,1.405949,False,False,False,False,safe-bo,
178,1,1.0,1.831505,1.978687,0.296588,1.402276,0.598838,196.801222,1.450654,1.450654,False,False,False,False,safe-bo,
179,1,0.917419,1.451689,2.080604,0.192044,1.394325,0.594849,198.335694,1.338538,1.338538,False,False,False,False,safe-bo,
180,1,0.924919,1.380325,1.879178,0.237788,1.151044,0.525014,194.648694,1.205092,1.205092,False,False,False,False,safe-bo,
181,1,1.0,1.442403,1.666316,0.153706,1.574632,0.449704,180.303814,1.278818,1.278818,False,False,False,False,safe-bo,
182,1,0.936204,1.389953,2.355835,0.189634,1.706517,0.525553,182.092266,1.276608,1.276608,False,False,False,False,safe-bo,
183,1,0.989784,1.326365,1.924305,0.143867,1.8941,0.573297,195.641242,1.280209,1.280209,False,False,False,False,safe-bo,
184,1,0.984682,1.483178,2.613706,0.12742,1.808217,0.448905,180.353166,1.176019,1.176019,False,False,False,False,safe-bo,
185,1,0.983019,1.586913,2.300486,0.366951,1.448786,0.469703,197.573492,1.376203,1.376203,False,False,False,False,safe-bo,
186,1,0.966083,1.572459,2.174022,0.374993,1.212765,0.541965,182.370626,1.322719,1.322719,False,False,False,False,safe-bo,
187,1,1.0,1.556674,2.2207,0.163029,1.348466,0.530852,197.038152,1.351256,1.351256,False,False,False,False,safe-bo,
188,1,0.979058,1.568028,2.230801,0.156025,1.591555,0.480367,197.075418,1.351033,1.351033,False,False,False,False,safe-bo,
189,1,0.937759,1.593555,1.808873,0.241317,1.077282,0.582074,183.079225,1.197895,1.197895,False,False,False,False,safe-bo,
190,1,1.0,1.661708,1.714331,0.254141,1.483832,0.40349,180.253464,1.273066,1.273066,False,False,False,False,safe-bo,
191,1,0.899112,1.552686,1.458397,0.201749,1.454549,0.367537,198.24746,1.128578,1.128578,False,False,False,False,safe-bo,
192,1,0.927953,1.528566,2.112862,0.159646,1.634953,0.559875,196.667969,1.296566,1.296566,False,False,False,False,safe-bo,
193,1,0.990846,1.315608,2.001298,0.299758,1.556412,0.577045,194.612315,1.402795,1.402795,False,False,False,False,safe-bo,
194,1,1.0,1.480463,1.930168,0.093447,1.520033,0.529883,195.586453,1.395427,1.395427,False,False,False,False,safe-bo,
195,1,0.99145,1.540749,1.856406,0.224058,1.601865,0.424272,195.807912,1.341855,1.341855,False,False,False,False,safe-bo,
196,1,1.0,1.573751,2.163784,0.258991,1.515731,0.496035,198.696788,1.389365,1.389365,False,False,False,False,safe-bo,
197,1,1.0,1.580061,1.846937,0.207216,1.647497,0.568548,180.433983,1.416838,1.416838,False,False,False,False,safe-bo,
198,1,0.937725,1.418004,1.694229,0.26405,1.321604,0.618634,198.088399,1.341784,1.341784,False,False,False,False,safe-bo,
199,1,1.0,1.800246,1.851369,0.207398,1.469268,0.367943,181.066342,1.258638,1.258638,False,False,False,False,safe-bo,
200,1,1.0,1.670438,2.038742,0.193978,1.557748,0.57447,182.39059,1.43364,1.43364,False,False,False,False,safe-bo,
201,1,0.984323,1.548965,1.482668,0.246673,1.461856,0.540217,198.260805,1.36245,1.36245,False,False,False,False,safe-bo,
202,1,1.0,1.566868,1.685813,0.048566,1.415846,0.498909,198.725693,1.391733,1.391733,False,False,False,False,safe-bo,
203,1,0.984279,1.610493,1.65731,0.220538,1.189724,0.553813,180.362527,1.250987,1.250987,False,False,False,False,safe-bo,
204,1,1.0,1.582299,2.509779,0.238559,1.543256,0.436306,198.062675,1.34195,1.34195,False,False,False,False,safe-bo,
205,1,0.915323,1.501503,1.523756,0.078905,1.405005,0.468806,181.153597,1.176134,1.176134,False,False,False,False,safe-bo,
206,1,1.0,1.823289,1.641967,0.138238,1.17178,0.68448,180.789425,1.280277,1.280277,False,False,False,False,safe-bo,
207,1,0.918955,1.799241,2.53762,0.162428,1.516891,0.538909,180.618696,1.306453,1.306453,False,False,False,False,safe-bo,
208,1,1.0,1.409748,1.839932,0.293927,1.541502,0.425597,198.153396,1.352892,1.352892,False,False,False,False,safe-bo,
209,1,1.0,1.260617,1.856088,0.2332,1.266709,0.493546,198.352606,1.425333,1.425333,False,False,False,False,safe-bo,
210,1,0.969906,1.711455,2.476748,0.114563,1.37289,0.557969,196.1296,1.294423,1.294423,False,False,False,False,safe-bo,
211,1,0.920214,1.640646,1.792419,0.201108,1.353795,0.612739,180.206778,1.301428,1.301428,False,False,False,False,safe-bo,
212,1,1.0,1.601328,1.632731,0.232308,1.371655,0.638802,180.292002,1.378884,1.378884,False,False,False,False,safe-bo,
213,1,0.997749,1.60326,1.803266,0.292806,1.378176,0.628268,196.058908,1.397448,1.397448,False,False,False,False,safe-bo,
214,1,1.0,1.507776,2.127728,0.36562,1.595147,0.462042,197.990445,1.376878,1.376878,False,False,False,False,safe-bo,
215,1,0.881054,1.32452,2.334633,0.117735,1.586562,0.458491,182.441302,1.157428,1.157428,False,False,False,False,safe-bo,
216,1,1.0,1.641487,2.421239,0.309691,1.20409,0.514234,195.900961,1.326758,1.326758,False,False,False,False,safe-bo,
217,1,0.972317,1.568359,2.193933,0.302259,1.59428,0.533346,181.999853,1.311044,1.311044,False,False,False,False,safe-bo,
218,1,1.0,1.192703,2.27146,0.132891,1.566744,0.544429,194.438267,1.445994,1.445994,False,False,False,False,safe-bo,
219,1,1.0,1.52755,1.74513,0.22951,1.20187,0.545425,194.325785,1.338537,1.338537,False,False,False,False,safe-bo,
220,1,0.999428,1.386679,2.005846,0.27969,1.59361,0.532779,180.071934,1.470563,1.470563,False,False,False,False,safe-bo,
221,1,1.0,1.373981,1.993837,0.211143,1.799058,0.55965,181.267686,1.321561,1.321561,False,False,False,False,safe-bo,
222,1,0.988512,1.457576,2.211221,0.31726,1.464984,0.647293,195.668892,1.419848,1.419848,False,False,False,False,safe-bo,
223,1,1.0,1.732808,1.480789,0.229543,1.553071,0.592481,179.346847,1.481088,1.481088,False,False,False,False,safe-bo,
224,1,1.0,1.508321,1.94137,0.273583,1.669429,0.500492,195.900518,1.363164,1.363164,False,False,False,False,safe-bo,
225,1,0.993179,1.898816,1.835087,0.201842,1.576712,0.63149,196.497835,1.365153,1.365153,False,False,False,False,safe-bo,
226,1,0.925643,1.693145,1.814364,0.168273,1.423894,0.62257,182.685743,1.286939,1.286939,False,False,False,False,safe-bo,
227,1,1.0,1.798344,1.809249,0.246738,1.74987,0.65109,179.346751,1.384886,1.384886,False,False,False,False,safe-bo,
228,1,1.0,1.904518,2.225369,0.213425,1.262111,0.616423,182.468452,1.395327,1.395327,False,False,False,False,safe-bo,
229,1,0.986114,1.692394,1.762664,0.254413,1.760198,0.588892,180.915509,1.390429,1.390429,False,False,False,False,safe-bo,
230,1,1.0,1.396127,1.895889,0.069872,1.497721,0.588389,199.065917,1.374585,1.374585,False,False,False,False,safe-bo,
231,1,1.0,1.463655,1.825744,0.206052,1.607744,0.520653,195.731402,1.351915,1.351915,False,False,False,False,safe-bo,
232,1,1.0,1.76229,1.962634,0.169759,1.628438,0.575793,180.199827,1.391666,1.391666,False,False,False,False,safe-bo,
233,1,0.984857,1.865049,1.516266,0.340784,1.143616,0.633471,180.404627,1.310401,1.310401,False,False,False,False,safe-bo,
234,1,1.0,1.717555,2.378342,0.244279,1.415442,0.625005,183.041025,1.418243,1.418243,False,False,False,False,safe-bo,
235,1,1.0,1.790297,1.43982,0.360905,1.41363,0.548521,181.34662,1.310536,1.310536,False,False,False,False,safe-bo,
236,1,1.0,1.880369,1.674087,0.170192,1.763644,0.582755,179.535378,1.343578,1.343578,False,False,False,False,safe-bo,
237,1,0.992534,1.498564,1.348727,0.114436,1.451081,0.568751,180.633649,1.358894,1.358894,False,False,False,False,safe-bo,
238,1,0.980277,1.726825,1.617782,0.211358,1.308662,0.515794,197.978309,1.396844,1.396844,False,False,False,False,safe-bo,
239,1,0.956041,1.634034,2.263931,0.322191,1.431953,0.786364,197.179704,1.289587,1.289587,False,False,False,False,safe-bo,
240,1,1.0,1.876004,1.883074,0.097873,1.615953,0.462679,181.291925,1.338444,1.338444,False,False,False,False,safe-bo,
241,1,0.952989,1.442499,1.710439,0.271443,1.722727,0.597995,181.694925,1.280681,1.280681,False,False,False,False,safe-bo,
242,1,0.925418,1.838134,1.969718,0.233166,1.418462,0.625066,196.571725,1.298507,1.298507,False,False,False,False,safe-bo,
243,1,1.0,1.687163,1.831647,0.364115,1.614919,0.611316,198.498012,1.424226,1.424226,False,False,False,False,safe-bo,
244,1,1.0,1.738181,1.714738,0.202938,1.542825,0.570205,181.284099,1.426351,1.426351,False,False,False,False,safe-bo,
245,1,0.870073,1.520348,1.451823,0.254902,1.565277,0.504663,198.551426,1.202623,1.202623,False,False,False,False,safe-bo,
246,1,0.963271,1.680995,1.663584,0.152636,1.425199,0.622624,180.780096,1.324614,1.324614,False,False,False,False,safe-bo,
247,1,0.979077,1.928162,1.499907,0.228904,1.583007,0.535148,198.62369,1.315034,1.315034,False,False,False,False,safe-bo,
248,1,0.995567,1.883802,1.550264,0.222982,1.749297,0.69075,181.174928,1.296406,1.296406,False,False,False,False,safe-bo,
249,1,1.0,1.586197,1.337934,0.165251,1.656608,0.659646,197.850463,1.286249,1.286249,False,False,False,False,safe-bo,
250,1,1.0,1.574531,2.105752,0.158507,1.336325,0.610245,198.566207,1.415689,1.415689,False,False,False,False,safe-bo,
251,1,1.0,1.416985,1.196776,0.194465,1.524755,0.666289,181.355503,1.239512,1.239512,False,False,False,False,safe-bo,
252,1,1.0,1.590988,1.200681,0.372987,1.607512,0.444029,181.284822,1.246259,1.246259,False,False,False,False,safe-bo,
253,1,1.0,1.7676,1.307862,0.157331,1.385017,0.649787,197.853918,1.337493,1.337493,False,False,False,False,safe-bo,
254,1,1.0,1.675314,1.092837,0.299709,1.565494,0.490462,197.865786,1.319447,1.319447,False,False,False,False,safe-bo,
255,1,0.974518,1.696819,1.956707,0.126455,1.567073,0.447383,180.290317,1.305868,1.305868,False,False,False,False,safe-bo,
256,1,0.939471,1.612124,1.968185,0.264626,1.647257,0.545378,199.039716,1.359985,1.359985,False,False,False,False,safe-bo,
257,1,1.0,1.679363,1.258256,0.235478,1.412425,0.534434,181.057716,1.313942,1.313942,False,False,False,False,safe-bo,
258,1,1.0,1.859652,1.684595,0.194625,1.385091,0.619164,179.205437,1.375847,1.375847,False,False,False,False,safe-bo,
259,1,1.0,1.430833,1.396853,0.266863,1.605361,0.63046,179.897774,1.345369,1.345369,False,False,False,False,safe-bo,
260,1,1.0,1.646712,2.160481,0.323364,1.939767,0.515423,181.908557,1.305431,1.305431,False,False,False,False,safe-bo,
261,1,0.988608,1.912541,1.863594,0.358493,1.659786,0.621857,182.120108,1.423551,1.423551,False,False,False,False,safe-bo,
262,1,0.940844,1.514665,1.560165,0.261808,1.423931,0.595512,197.630099,1.335607,1.335607,False,False,False,False,safe-bo,
263,1,1.0,1.770166,1.38801,0.246376,1.342926,0.652135,180.610335,1.445942,1.445942,False,False,False,False,safe-bo,
264,1,1.0,1.701369,1.53126,0.069189,1.827464,0.553163,181.25014,1.25379,1.25379,False,False,False,False,safe-bo,
265,1,0.968805,1.707917,1.366817,0.041731,1.745711,0.602849,179.950606,1.234211,1.234211,False,False,False,False,safe-bo,
266,1,0.958436,2.0,1.969237,0.313797,1.692437,0.617055,180.985924,1.357916,1.357916,False,False,False,False,safe-bo,
267,1,0.989831,1.576769,1.877626,0.294031,1.539655,0.68754,198.820327,1.397296,1.397296,False,False,False,False,safe-bo,
268,1,0.973155,1.824658,1.303681,0.222253,1.561063,0.734843,180.055418,1.33542,1.33542,False,False,False,False,safe-bo,
269,1,1.0,1.693885,1.590081,0.205744,1.467509,0.47987,179.484544,1.405733,1.405733,False,False,False,False,safe-bo,
270,1,1.0,1.852946,1.475038,0.144876,1.448233,0.660422,196.28154,1.315507,1.315507,False,False,False,False,safe-bo,
271,1,1.0,1.683402,1.6032,0.270213,1.678031,0.494427,180.96225,1.34292,1.34292,False,False,False,False,safe-bo,
272,1,1.0,1.641165,1.904923,0.2316,1.518911,0.577976,179.85983,1.444219,1.444219,False,False,False,False,safe-bo,
273,1,1.0,1.592206,1.174665,0.150996,1.659188,0.627753,182.454407,1.305527,1.305527,False,False,False,False,safe-bo,
274,1,0.983919,1.686257,1.443903,0.27012,1.380938,0.597627,182.47847,1.312302,1.312302,False,False,False,False,safe-bo,
275,1,1.0,2.0,1.088851,0.215397,1.525336,0.590301,181.51295,1.22763,1.22763,False,False,False,False,safe-bo,
276,1,0.985846,1.555012,1.388399,0.226415,1.809142,0.708251,198.703529,1.193031,1.193031,False,False,False,False,safe-bo,
277,1,1.0,1.530585,1.679242,0.170667,1.528591,0.620963,183.209272,1.399493,1.399493,False,False,False,False,safe-bo,
278,1,0.985354,1.642877,1.554233,0.064485,1.719031,0.599992,198.606353,1.288379,1.288379,False,False,False,False,safe-bo,
279,1,0.994333,1.786534,1.411292,0.24347,1.693816,0.592075,181.857249,1.3497,1.3497,False,False,False,False,safe-bo,
280,1,1.0,1.591583,1.349274,0.271786,1.632603,0.512147,181.445936,1.309633,1.309633,False,False,False,False,safe-bo,
281,1,1.0,1.640817,2.23538,0.1896,1.847018,0.579847,182.342789,1.2801,1.2801,False,False,False,False,safe-bo,
282,1,0.967202,1.492466,1.418774,0.260839,1.600443,0.60182,196.090808,1.269927,1.269927,False,False,False,False,safe-bo,
283,1,0.95509,1.696747,1.172992,0.139979,1.81507,0.595397,198.616946,1.182722,1.182722,False,False,False,False,safe-bo,
284,1,0.996994,1.735703,1.626714,0.202916,1.764365,0.532846,180.016303,1.342751,1.342751,False,False,False,False,safe-bo,
285,1,0.963577,1.897428,1.791102,0.337008,1.510209,0.566238,181.75654,1.405392,1.405392,False,False,False,False,safe-bo,
286,1,1.0,2.0,1.669607,0.212372,1.387052,0.496193,183.019363,1.395727,1.395727,False,False,False,False,safe-bo,
287,1,1.0,1.923211,1.450394,0.212524,1.546532,0.561276,182.024231,1.368668,1.368668,False,False,False,False,safe-bo,
288,1,0.986695,1.863222,1.773026,0.269659,1.588445,0.522765,183.111093,1.428372,1.428372,False,False,False,False,safe-bo,
289,1,1.0,1.67272,1.478433,0.190862,1.359352,0.795545,181.690884,1.259742,1.259742,False,False,False,False,safe-bo,
290,1,1.0,1.734915,1.173171,0.23777,1.580285,0.641062,198.561242,1.296908,1.296908,False,False,False,False,safe-bo,
291,1,0.954045,1.910571,1.350412,0.09318,1.498597,0.655367,181.6835,1.238755,1.238755,False,False,False,False,safe-bo,
292,1,0.955333,1.486958,1.182289,0.268636,1.566131,0.581741,182.963083,1.246992,1.246992,False,False,False,False,safe-bo,
293,1,0.934508,1.593348,1.884742,0.306025,1.755174,0.589297,179.475519,1.226767,1.226767,False,False,False,False,safe-bo,
294,1,1.0,1.727293,1.312226,0.316664,1.660204,0.492452,197.612423,1.316916,1.316916,False,False,False,False,safe-bo,
295,1,0.994009,1.905208,1.277723,0.186217,1.514472,0.661704,180.998738,1.327906,1.327906,False,False,False,False,safe-bo,
296,1,1.0,1.780212,1.366288,0.317008,1.479067,0.568626,181.846656,1.358046,1.358046,False,False,False,False,safe-bo,
297,1,0.899137,1.706003,1.684023,0.274318,1.196501,0.593883,179.755495,1.188407,1.188407,False,False,False,False,safe-bo,
298,1,0.947897,1.807178,1.15388,0.283911,1.420689,0.527631,196.387181,1.248565,1.248565,False,False,False,False,safe-bo,
299,1,0.965284,1.450446,1.586443,0.058252,1.651736,0.574093,181.978686,1.33157,1.33157,False,False,False,False,safe-bo,
300,1,1.0,2.0,1.627716,0.113185,1.639017,0.664189,181.450752,1.351376,1.351376,False,False,False,False,safe-bo,
301,1,0.935229,1.740309,1.539416,0.2623,1.392532,0.675766,180.214945,1.272236,1.272236,False,False,False,False,safe-bo,
302,1,0.981423,1.734281,1.312123,0.214544,1.602108,0.59698,180.150423,1.301416,1.301416,False,False,False,False,safe-bo,
303,1,1.0,1.814644,1.577959,0.158341,1.501779,0.604459,195.875093,1.387888,1.387888,False,False,False,False,safe-bo,
304,1,0.974304,1.756585,1.396388,0.236356,1.473193,0.553991,183.286362,1.294582,1.294582,False,False,False,False,safe-bo,
305,1,0.986794,1.539618,1.914665,0.144652,1.361187,0.526061,198.569876,1.361798,1.361798,False,False,False,False,safe-bo,
306,1,1.0,1.734469,2.029763,0.307189,1.544155,0.419532,178.866598,1.349266,1.349266,False,False,False,False,safe-bo,
307,1,0.968779,1.677813,1.586186,0.196118,1.32758,0.64154,197.742087,1.385226,1.385226,False,False,False,False,safe-bo,
308,1,0.93758,1.72462,1.447903,0.241421,1.815672,0.602462,182.445099,1.251072,1.251072,False,False,False,False,safe-bo,
309,1,1.0,1.54573,1.154662,0.234918,1.676904,0.545043,182.642031,1.316003,1.316003,False,False,False,False,safe-bo,
310,1,0.903757,1.592608,1.213443,0.195819,1.323901,0.722452,180.86321,1.119647,1.119647,False,False,False,False,safe-bo,
311,1,1.0,1.76759,1.145429,0.247767,1.450859,0.57121,197.685319,1.335761,1.335761,False,False,False,False,safe-bo,
312,1,1.0,1.553746,0.99119,0.120178,1.384809,0.568641,182.525353,1.195526,1.195526,False,False,False,False,safe-bo,
313,1,1.0,1.902644,1.845393,0.18237,1.452923,0.605115,181.256801,1.427485,1.427485,False,False,False,False,safe-bo,
314,1,0.910944,1.939493,1.423662,0.077706,1.686832,0.536366,179.054977,1.189532,1.189532,False,False,False,False,safe-bo,
315,1,1.0,1.81146,1.658427,0.094135,1.643235,0.528965,181.229029,1.31926,1.31926,False,False,False,False,safe-bo,
316,1,0.923991,1.764082,1.691574,0.276307,1.418518,0.682711,183.311391,1.351932,1.351932,False,False,False,False,safe-bo,
317,1,1.0,1.744287,1.324294,0.221035,1.253807,0.685614,180.89783,1.305994,1.305994,False,False,False,False,safe-bo,
318,1,1.0,1.73978,1.764043,0.157462,1.514886,0.588099,180.820188,1.34969,1.34969,False,False,False,False,safe-bo,
319,1,1.0,1.756756,1.886556,0.238688,1.665188,0.724744,179.915957,1.383556,1.383556,False,False,False,False,safe-bo,
320,1,1.0,1.498146,1.564557,0.157893,1.531826,0.460516,179.636334,1.319158,1.319158,False,False,False,False,safe-bo,
321,1,0.959181,1.792436,1.442475,0.366651,1.929955,0.692743,198.427164,1.169849,1.169849,False,False,False,False,safe-bo,
322,1,1.0,1.94406,1.407049,0.16228,1.139708,0.553205,195.83131,1.268951,1.268951,False,False,False,False,safe-bo,
323,1,1.0,1.728579,1.55585,0.195222,1.484193,0.612462,178.507488,1.405115,1.405115,False,False,False,False,safe-bo,
324,1,1.0,1.701478,1.191938,0.237689,1.518903,0.629717,180.92625,1.263554,1.263554,False,False,False,False,safe-bo,
325,1,0.935227,1.830157,1.515003,0.188393,1.41877,0.589429,178.962618,1.256115,1.256115,False,False,False,False,safe-bo,
326,1,1.0,1.665767,1.480048,0.152903,1.374283,0.70973,179.997035,1.348065,1.348065,False,False,False,False,safe-bo,
327,1,1.0,1.772641,1.52244,0.28438,1.734428,0.654421,178.873654,1.386459,1.386459,False,False,False,False,safe-bo,
328,1,0.894838,1.8867,1.348815,0.198816,1.450007,0.773811,197.569875,1.201772,1.201772,False,False,False,False,safe-bo,
329,1,1.0,1.61133,1.664907,0.268777,1.374719,0.548579,179.786615,1.452991,1.452991,False,False,False,False,safe-bo,
330,1,0.915942,1.417372,1.751809,0.21855,1.571106,0.468418,196.085328,1.195239,1.195239,False,False,False,False,safe-bo,
331,1,0.98844,1.745446,1.462213,0.230475,1.711684,0.412894,180.593759,1.266103,1.266103,False,False,False,False,safe-bo,
332,1,0.950536,1.631486,1.599616,0.128334,1.576414,0.54813,182.901013,1.242413,1.242413,False,False,False,False,safe-bo,
333,1,1.0,1.766284,1.692732,0.243557,1.517157,0.518446,183.028138,1.449656,1.449656,False,False,False,False,safe-bo,
334,1,1.0,1.735081,1.709632,0.080123,1.302549,0.537006,195.588152,1.339441,1.339441,False,False,False,False,safe-bo,
335,1,1.0,1.789142,1.745411,0.26923,1.570257,0.614078,198.675246,1.392902,1.392902,False,False,False,False,safe-bo,
336,1,0.968584,2.0,1.721899,0.169412,1.240708,0.712907,180.516779,1.336598,1.336598,False,False,False,False,safe-bo,
337,1,0.953861,1.783823,1.325543,0.258372,1.539069,0.623467,181.195525,1.315507,1.315507,False,False,False,False,safe-bo,
338,1,0.999672,1.919211,1.545698,0.229394,1.547024,0.556785,182.877221,1.335025,1.335025,False,False,False,False,safe-bo,
339,1,0.988889,1.850054,1.753224,0.212478,1.724051,0.479233,179.696692,1.332921,1.332921,False,False,False,False,safe-bo,
340,1,0.958284,1.862594,1.660265,0.242388,1.735791,0.562475,181.318306,1.2872,1.2872,False,False,False,False,safe-bo,
341,1,0.971816,1.5296,1.579423,0.297872,1.553177,0.530164,178.944696,1.357772,1.357772,False,False,False,False,safe-bo,
342,1,0.979823,1.704976,1.877516,0.230234,1.576832,0.541017,179.125825,1.374333,1.374333,False,False,False,False,safe-bo,
343,1,1.0,1.698826,1.557248,0.124015,1.435937,0.554628,197.490415,1.407808,1.407808,False,False,False,False,safe-bo,
344,1,1.0,1.819007,1.37055,0.190071,1.225836,0.616341,182.731999,1.256647,1.256647,False,False,False,False,safe-bo,
345,1,1.0,1.731623,1.883162,0.308324,2.126192,0.632146,179.502747,1.143368,1.143368,False,False,False,False,safe-bo,
346,1,1.0,1.722798,1.410263,0.211995,1.444104,0.504099,181.919373,1.399535,1.399535,False,False,False,False,safe-bo,
347,1,0.999074,2.0,1.558418,0.167817,1.50039,0.704766,198.331905,1.334808,1.334808,False,False,False,False,safe-bo,
348,1,1.0,1.631508,1.625909,0.196216,1.570202,0.643299,182.081544,1.400857,1.400857,False,False,False,False,safe-bo,
349,1,0.953913,1.821711,1.748476,0.192744,1.461522,0.496946,197.742231,1.330746,1.330746,False,False,False,False,safe-bo,
350,1,1.0,1.7157,1.678147,0.100027,1.705035,0.666511,182.085857,1.31065,1.31065,False,False,False,False,safe-bo,
351,1,1.0,1.644696,1.543811,0.21642,2.007259,0.518987,182.96419,1.200769,1.200769,False,False,False,False,safe-bo,
352,1,0.947989,1.49329,1.44219,0.267431,1.613581,0.441081,196.297621,1.245284,1.245284,False,False,False,False,safe-bo,
353,1,0.962141,1.579229,1.649421,0.333443,1.565272,0.623169,183.331374,1.33085,1.33085,False,False,False,False,safe-bo,
354,1,1.0,1.580983,1.321066,0.153048,1.596945,0.5309,196.126427,1.374731,1.374731,False,False,False,False,safe-bo,
355,1,1.0,1.871465,1.753904,0.237979,1.60474,0.50617,180.233952,1.414867,1.414867,False,False,False,False,safe-bo,
356,1,0.902802,1.863343,1.559216,0.148951,1.266809,0.555658,180.780263,1.197327,1.197327,False,False,False,False,safe-bo,
357,1,1.0,2.0,1.184817,0.215916,1.368567,0.573954,194.11698,1.289815,1.289815,False,False,False,False,safe-bo,
358,1,1.0,1.65686,1.530976,0.264265,1.567264,0.564862,198.061875,1.374093,1.374093,False,False,False,False,safe-bo,
359,1,1.0,1.895489,1.256764,0.304916,1.315161,0.519958,198.243816,1.34403,1.34403,False,False,False,False,safe-bo,
360,1,1.0,1.549466,1.440994,0.149134,1.306968,0.584573,180.681362,1.326841,1.326841,False,False,False,False,safe-bo,
361,1,0.932965,1.793312,1.557781,0.346587,1.678976,0.597053,178.924259,1.298869,1.298869,False,False,False,False,safe-bo,
362,1,0.988628,1.754133,1.507948,0.277419,1.32731,0.569801,180.354293,1.349774,1.349774,False,False,False,False,safe-bo,
363,1,1.0,1.611343,1.685361,0.314833,1.728607,0.553042,180.112983,1.391249,1.391249,False,False,False,False,safe-bo,
364,1,1.0,1.853409,1.420719,0.257075,1.388855,0.571913,198.207512,1.369097,1.369097,False,False,False,False,safe-bo,
365,1,0.992602,1.882668,1.365148,0.333151,1.580954,0.699865,197.797043,1.355008,1.355008,False,False,False,False,safe-bo,
366,1,1.0,1.640179,1.587312,0.257586,1.899493,0.633958,196.123667,1.274538,1.274538,False,False,False,False,safe-bo,
367,1,1.0,1.740221,1.654215,0.200193,1.730092,0.741504,180.383323,1.335527,1.335527,False,False,False,False,safe-bo,
368,1,0.970679,1.629547,1.368827,0.155976,1.337852,0.737218,180.784585,1.262586,1.262586,False,False,False,False,safe-bo,
369,1,1.0,1.694862,1.475174,0.216795,1.275549,0.578186,195.960988,1.342334,1.342334,False,False,False,False,safe-bo,
370,1,0.900222,1.852936,1.631258,0.302672,1.567282,0.622182,180.690879,1.244834,1.244834,False,False,False,False,safe-bo,
371,1,1.0,1.628369,2.037605,0.214106,1.81956,0.594946,179.373032,1.317951,1.317951,False,False,False,False,safe-bo,
372,1,1.0,1.70995,1.56345,0.229483,1.448799,0.596776,181.497337,1.377426,1.377426,False,False,False,False,safe-bo,
373,1,1.0,1.57665,1.165335,0.132834,1.2557,0.477419,195.796732,1.185682,1.185682,False,False,False,False,safe-bo,
374,1,1.0,1.762356,1.744167,0.265203,1.498208,0.444238,181.25749,1.385734,1.385734,False,False,False,False,safe-bo,
375,1,0.975508,1.565862,1.437047,0.256126,1.694093,0.41833,179.111347,1.234344,1.234344,False,False,False,False,safe-bo,
376,1,1.0,1.802187,1.847454,0.270506,1.493822,0.78485,180.33179,1.387269,1.387269,False,False,False,False,safe-bo,
377,1,0.989172,1.799916,1.700758,0.256338,1.604429,0.575514,179.460573,1.464567,1.464567,False,False,False,False,safe-bo,
378,1,1.0,1.618055,1.402508,0.2458,1.514555,0.609653,180.299493,1.376671,1.376671,False,False,False,False,safe-bo,
379,1,1.0,1.93182,1.881852,0.270016,1.591533,0.676044,182.608731,1.366558,1.366558,False,False,False,False,safe-bo,
380,1,0.971285,1.685763,1.52768,0.142919,1.661845,0.510498,181.408329,1.281959,1.281959,False,False,False,False,safe-bo,
381,1,1.0,1.758681,1.377674,0.260456,1.352617,0.645331,180.950109,1.347304,1.347304,False,False,False,False,safe-bo,
382,1,1.0,1.73199,1.625319,0.334425,1.616083,0.674709,183.138233,1.343097,1.343097,False,False,False,False,safe-bo,
383,1,0.989772,1.671444,1.701281,0.162184,1.707576,0.535874,195.864635,1.337623,1.337623,False,False,False,False,safe-bo,
384,1,0.990868,1.730596,1.946731,0.396863,1.7386,0.52526,183.052506,1.361672,1.361672,False,False,False,False,safe-bo,
385,1,0.880393,1.891989,1.193149,0.217334,1.763396,0.622517,179.437667,1.103647,1.103647,False,False,False,False,safe-bo,
386,1,1.0,1.784873,1.299305,0.280647,1.456817,0.599041,198.002628,1.336318,1.336318,False,False,False,False,safe-bo,
387,1,1.0,1.823234,1.292495,0.211852,1.451335,0.498473,197.603047,1.29894,1.29894,False,False,False,False,safe-bo,
388,1,0.982077,1.900994,1.911476,0.252408,1.833203,0.66415,182.985185,1.362303,1.362303,False,False,False,False,safe-bo,
389,1,0.966448,1.714557,1.499183,0.224754,1.718944,0.551897,180.134482,1.295384,1.295384,False,False,False,False,safe-bo,
390,1,0.916696,1.622994,1.891122,0.159337,1.671563,0.621427,181.368959,1.248704,1.248704,False,False,False,False,safe-bo,
391,1,1.0,1.778586,1.600942,0.306032,1.665903,0.54023,179.202905,1.368492,1.368492,False,False,False,False,safe-bo,
392,1,0.926609,1.671628,1.816789,0.131934,1.738998,0.553509,179.531285,1.278703,1.278703,False,False,False,False,safe-bo,
393,1,1.0,1.63036,1.789917,0.24626,1.752261,0.605532,179.526792,1.35493,1.35493,False,False,False,False,safe-bo,
394,1,1.0,1.771189,1.285653,0.305848,1.596428,0.667615,198.67615,1.352995,1.352995,False,False,False,False,safe-bo,
395,1,1.0,1.678383,1.594823,0.23622,1.858305,0.696276,197.629618,1.304228,1.304228,False,False,False,False,safe-bo,
396,1,1.0,1.687079,1.647259,0.235603,1.539149,0.482899,179.75757,1.396918,1.396918,False,False,False,False,safe-bo,
397,1,0.964716,1.851073,1.942802,0.183378,1.695696,0.606159,182.278186,1.384363,1.384363,False,False,False,False,safe-bo,
398,1,1.0,1.908737,1.509398,0.271922,1.882279,0.716416,198.124845,1.233424,1.233424,False,False,False,False,safe-bo,
399,1,1.0,1.745358,1.538629,0.195041,1.574873,0.603512,196.351282,1.423758,1.423758,False,False,False,False,safe-bo,
400,1,0.973676,1.891605,1.561913,0.261431,1.531742,0.619801,197.513727,1.346377,1.346377,False,False,False,False,safe-bo,
401,1,1.0,1.40697,1.375776,0.270576,1.571821,0.638439,181.402585,1.353109,1.353109,False,False,False,False,safe-bo,
402,1,0.951049,1.743145,1.252776,0.246702,1.68144,0.616939,179.122608,1.28803,1.28803,False,False,False,False,safe-bo,
403,1,1.0,1.845933,1.666773,0.158665,1.594202,0.597823,198.152707,1.419491,1.419491,False,False,False,False,safe-bo,
404,1,0.955198,1.471415,1.488969,0.234209,1.451638,0.543484,181.484252,1.318218,1.318218,False,False,False,False,safe-bo,
405,1,0.891232,1.671484,1.775009,0.287565,1.592271,0.681959,182.548774,1.216338,1.216338,False,False,False,False,safe-bo,
406,1,1.0,1.914181,1.473469,0.16579,1.789742,0.654377,196.200163,1.317527,1.317527,False,False,False,False,safe-bo,
407,1,0.907098,1.756927,1.752943,0.187096,1.535517,0.504008,196.008069,1.242943,1.242943,False,False,False,False,safe-bo,
408,1,0.939312,1.963506,1.611249,0.230634,2.119335,0.435919,198.021726,0.971066,0.971066,False,False,False,False,safe-bo,
409,1,0.924747,1.598775,1.671865,0.116964,1.337559,0.623209,182.832704,1.238959,1.238959,False,False,False,False,safe-bo,
410,1,0.937455,1.758528,1.431251,0.151656,1.488483,0.598175,198.034626,1.286645,1.286645,False,False,False,False,safe-bo,
411,1,0.926964,1.729155,1.518341,0.050629,1.647257,0.639472,182.270645,1.15184,1.15184,False,False,False,False,safe-bo,
412,1,1.0,1.617826,1.660699,0.312921,1.55441,0.55803,181.835266,1.423411,1.423411,False,False,False,False,safe-bo,
413,1,0.950438,1.989261,1.633811,0.280269,1.548798,0.730776,180.531416,1.304454,1.304454,False,False,False,False,safe-bo,
414,1,0.937986,1.831099,1.693302,0.318644,1.570856,0.528564,180.316025,1.3001,1.3001,False,False,False,False,safe-bo,
415,1,0.998015,1.528531,1.009832,0.231963,1.494231,0.651734,180.679656,1.297197,1.297197,False,False,False,False,safe-bo,
416,1,0.988329,1.679102,1.288528,0.230667,1.38534,0.639082,194.469861,1.340325,1.340325,False,False,False,False,safe-bo,
417,1,0.991601,1.652848,1.713646,0.242256,1.647154,0.786429,181.000656,1.280306,1.280306,False,False,False,False,safe-bo,
418,1,0.946936,1.895099,1.339433,0.221656,1.453898,0.41746,182.395146,1.183092,1.183092,False,False,False,False,safe-bo,
419,1,1.0,2.0,1.417189,0.200252,1.614263,0.56871,194.737044,1.381497,1.381497,False,False,False,False,safe-bo,
420,1,1.0,1.718398,1.87555,0.128097,1.338534,0.633047,181.901243,1.333503,1.333503,False,False,False,False,safe-bo,
421,1,0.888403,1.841,1.524061,0.289293,1.42822,0.446598,197.897624,1.177186,1.177186,False,False,False,False,safe-bo,
422,1,1.0,1.811493,1.360423,0.26031,1.596422,0.597389,198.148876,1.346491,1.346491,False,False,False,False,safe-bo,
423,1,1.0,1.77416,1.79583,0.202802,1.503502,0.546666,194.077287,1.418404,1.418404,False,False,False,False,safe-bo,
424,1,1.0,1.526467,1.830828,0.254456,1.575491,0.642257,181.096801,1.429052,1.429052,False,False,False,False,safe-bo,
425,1,0.991369,1.384796,1.395429,0.219373,1.471632,0.574644,182.062111,1.357973,1.357973,False,False,False,False,safe-bo,
426,1,1.0,1.702492,1.950373,0.170402,1.530273,0.539543,182.998312,1.443393,1.443393,False,False,False,False,safe-bo,
427,1,1.0,2.0,1.846626,0.203812,1.554725,0.460225,183.157441,1.375228,1.375228,False,False,False,False,safe-bo,
428,1,0.964188,1.682165,1.683436,0.266399,1.366354,0.618736,180.87473,1.345593,1.345593,False,False,False,False,safe-bo,
429,1,0.970519,1.557375,1.418429,0.310037,1.819571,0.613269,194.529273,1.22757,1.22757,False,False,False,False,safe-bo,
430,1,0.937969,1.650742,1.526333,0.141527,1.165545,0.564128,195.615286,1.226016,1.226016,False,False,False,False,safe-bo,
431,1,1.0,1.923893,1.276952,0.124623,1.783275,0.605976,194.432464,1.275496,1.275496,False,False,False,False,safe-bo,
432,1,1.0,1.653034,1.338245,0.334373,1.480981,0.728259,180.88427,1.364059,1.364059,False,False,False,False,safe-bo,
433,1,1.0,1.69196,1.698882,0.113376,1.469183,0.759375,180.706967,1.293492,1.293492,False,False,False,False,safe-bo,
434,1,0.954622,1.734088,2.06252,0.259827,1.709691,0.597661,193.871096,1.339453,1.339453,False,False,False,False,safe-bo,
435,1,0.969236,1.667651,1.537142,0.247509,1.646328,0.633032,197.487951,1.338706,1.338706,False,False,False,False,safe-bo,
436,1,1.0,1.669828,1.25183,0.191609,1.725253,0.582915,181.867828,1.290515,1.290515,False,False,False,False,safe-bo,
437,1,1.0,1.782253,1.238148,0.236569,1.609877,0.535921,182.064999,1.318626,1.318626,False,False,False,False,safe-bo,
438,1,1.0,1.855308,0.973134,0.249247,1.656149,0.651404,182.729715,1.18991,1.18991,False,False,False,False,safe-bo,
439,1,1.0,1.462922,1.846334,0.259047,1.363761,0.558685,180.205967,1.438036,1.438036,False,False,False,False,safe-bo,
440,1,0.921383,1.634136,1.702912,0.214274,1.42194,0.574971,195.778256,1.321041,1.321041,False,False,False,False,safe-bo,
441,1,0.952126,1.857602,1.572843,0.311043,1.597168,0.572492,198.111386,1.369222,1.369222,False,False,False,False,safe-bo,
442,1,0.906638,1.796361,1.915737,0.192532,1.588892,0.606046,180.473634,1.353732,1.353732,False,False,False,False,safe-bo,
443,1,1.0,1.617749,1.515581,0.088613,1.579303,0.420806,181.996096,1.252529,1.252529,False,False,False,False,safe-bo,
444,1,1.0,1.858382,1.464558,0.326569,1.77921,0.589378,182.813978,1.325677,1.325677,False,False,False,False,safe-bo,
445,1,0.929665,1.829035,1.267236,0.181966,1.565815,0.475368,194.74636,1.202666,1.202666,False,False,False,False,safe-bo,
446,1,0.995951,1.961092,1.400415,0.238091,1.558868,0.613893,194.478267,1.426713,1.426713,False,False,False,False,safe-bo,
447,1,0.922538,1.645192,1.680129,0.266754,1.539175,0.52568,183.082013,1.243654,1.243654,False,False,False,False,safe-bo,
448,1,1.0,1.60739,1.46866,0.26173,1.498559,0.711048,181.973943,1.371146,1.371146,False,False,False,False,safe-bo,
449,1,1.0,1.540262,1.296822,0.207541,1.430745,0.574179,181.092878,1.298019,1.298019,False,False,False,False,safe-bo,
450,1,1.0,1.682712,1.432259,0.106689,1.824161,0.589555,194.384636,1.186882,1.186882,False,False,False,False,safe-bo,
451,1,1.0,1.884379,1.432063,0.218455,1.658377,0.577395,196.235588,1.298387,1.298387,False,False,False,False,safe-bo,
452,1,1.0,1.717826,1.779364,0.348155,1.790663,0.477172,183.232663,1.276619,1.276619,False,False,False,False,safe-bo,
453,1,1.0,1.816252,1.218834,0.323762,1.677591,0.593139,197.723543,1.34805,1.34805,False,False,False,False,safe-bo,
454,1,0.980681,1.669786,1.464818,0.290032,1.207849,0.693576,180.745019,1.247699,1.247699,False,False,False,False,safe-bo,
455,1,1.0,1.614666,1.858789,0.238171,1.424822,0.623666,180.083797,1.418902,1.418902,False,False,False,False,safe-bo,
456,1,1.0,1.741705,1.542702,0.239467,1.380641,0.494915,194.219273,1.325366,1.325366,False,False,False,False,safe-bo,
457,1,0.994129,1.830767,1.264206,0.272804,1.895809,0.557949,178.899179,1.234455,1.234455,False,False,False,False,safe-bo,
458,1,1.0,1.637286,1.514906,0.28106,1.790328,0.482426,179.647776,1.261147,1.261147,False,False,False,False,safe-bo,
459,1,1.0,1.786976,1.355375,0.21018,1.447246,0.706221,194.796299,1.370528,1.370528,False,False,False,False,safe-bo,
460,1,1.0,1.808379,1.435174,0.25637,1.617696,0.420086,179.434956,1.256533,1.256533,False,False,False,False,safe-bo,
461,1,0.948169,1.592165,1.790957,0.139474,1.749726,0.580388,195.351906,1.260252,1.260252,False,False,False,False,safe-bo,
462,1,0.995756,1.705221,1.337558,0.2842,1.304465,0.646982,181.015002,1.327057,1.327057,False,False,False,False,safe-bo,
463,1,0.959255,1.772378,1.768596,0.300493,1.561103,0.436188,182.279428,1.298649,1.298649,False,False,False,False,safe-bo,
464,1,1.0,2.0,0.952829,0.138881,1.643922,0.544426,195.023097,1.258756,1.258756,False,False,False,False,safe-bo,
465,1,0.943818,1.712328,1.772197,0.139562,1.55532,0.413321,181.519043,1.235425,1.235425,False,False,False,False,safe-bo,
466,1,1.0,1.876168,1.68367,0.212117,1.738294,0.462799,183.043921,1.280054,1.280054,False,False,False,False,safe-bo,
467,1,0.936313,1.831815,1.383943,0.351348,1.679222,0.452435,194.388469,1.192564,1.192564,False,False,False,False,safe-bo,
468,1,0.9978,1.622299,1.551875,0.299851,1.542837,0.591994,194.670188,1.386251,1.386251,False,False,False,False,safe-bo,
469,1,1.0,1.861698,1.555525,0.347872,1.81367,0.500336,182.379455,1.319008,1.319008,False,False,False,False,safe-bo,
470,1,1.0,1.78201,1.487425,0.217618,1.454198,0.56288,180.80549,1.393714,1.393714,False,False,False,False,safe-bo,
471,1,0.992795,1.944724,1.452168,0.185782,1.738804,0.646923,197.755955,1.312928,1.312928,False,False,False,False,safe-bo,
472,1,0.889658,1.599712,1.944643,0.212905,1.643143,0.671171,195.67503,1.273322,1.273322,False,False,False,False,safe-bo,
473,1,1.0,1.477658,1.794173,0.267378,1.562389,0.581073,181.79606,1.411301,1.411301,False,False,False,False,safe-bo,
474,1,1.0,1.732268,1.876853,0.165587,1.373946,0.702682,194.590473,1.372406,1.372406,False,False,False,False,safe-bo,
475,1,0.987817,1.68547,0.909422,0.230318,1.632135,0.489486,181.511002,1.191788,1.191788,False,False,False,False,safe-bo,
476,1,1.0,1.692973,0.746528,0.086865,1.474925,0.478398,195.041759,1.164033,1.164033,False,False,False,False,safe-bo,
477,1,0.980763,1.81387,1.671908,0.301638,1.528517,0.57446,196.503616,1.391903,1.391903,False,False,False,False,safe-bo,
478,1,1.0,1.591768,1.456913,0.224461,1.824945,0.653824,197.678112,1.284018,1.284018,False,False,False,False,safe-bo,
479,1,1.0,1.623118,1.52025,0.290846,1.641193,0.496897,182.837279,1.323627,1.323627,False,False,False,False,safe-bo,
480,1,1.0,1.767679,1.702068,0.162405,1.575963,0.662061,182.909049,1.408426,1.408426,False,False,False,False,safe-bo,
481,1,0.912343,1.670282,1.553801,0.162316,1.500181,0.614665,180.869296,1.245286,1.245286,False,False,False,False,safe-bo,
482,1,0.934448,2.0,1.037088,0.250929,1.943212,0.686089,182.549147,1.062659,1.062659,False,False,False,False,safe-bo,
483,1,0.897438,1.660429,1.159187,0.26732,1.675659,0.575421,179.501784,1.105973,1.105973,False,False,False,False,safe-bo,
484,1,1.0,1.973158,1.486419,0.14312,1.685277,0.700112,182.203706,1.344804,1.344804,False,False,False,False,safe-bo,
485,1,0.989351,1.633975,1.386975,0.176628,1.61658,0.536506,182.128729,1.283814,1.283814,False,False,False,False,safe-bo,
486,1,1.0,1.77249,1.784417,0.224749,1.525078,0.633541,195.105647,1.401187,1.401187,False,False,False,False,safe-bo,
487,1,1.0,1.62585,1.48111,0.215489,1.444793,0.514794,182.090242,1.395602,1.395602,False,False,False,False,safe-bo,
488,1,1.0,1.75009,1.706572,0.286432,1.688297,0.582725,195.081089,1.356795,1.356795,False,False,False,False,safe-bo,
489,1,1.0,1.933105,1.854148,0.272071,1.664452,0.49537,195.69125,1.382219,1.382219,False,False,False,False,safe-bo,
490,1,0.903631,1.720863,1.489923,0.183542,1.701971,0.44889,197.515069,1.168328,1.168328,False,False,False,False,safe-bo,
491,1,0.945453,1.306975,1.442291,0.171104,1.781639,0.546703,196.084678,1.199824,1.199824,False,False,False,False,safe-bo,
492,1,0.938872,1.841251,0.986938,0.159624,1.594266,0.610333,181.666089,1.21043,1.21043,False,False,False,False,safe-bo,
493,1,1.0,1.742027,1.927189,0.202089,1.581441,0.615698,197.908372,1.470507,1.470507,False,False,False,False,safe-bo,
494,1,0.988038,1.505231,0.742535,0.188724,1.735611,0.599079,195.124037,1.07012,1.07012,False,False,False,False,safe-bo,
495,1,1.0,1.881833,1.353283,0.324839,1.7218,0.657771,183.24202,1.276828,1.276828,False,False,False,False,safe-bo,
496,1,0.994754,1.811407,1.783858,0.286479,1.595961,0.534306,183.2709,1.428583,1.428583,False,False,False,False,safe-bo,
497,1,1.0,1.703819,1.63482,0.14681,1.465295,0.554447,196.040271,1.347925,1.347925,False,False,False,False,safe-bo,
498,1,1.0,1.700501,1.557973,0.155464,1.731406,0.5817,197.962431,1.330647,1.330647,False,False,False,False,safe-bo,
499,1,1.0,1.828617,1.555388,0.194287,1.410515,0.619856,180.851154,1.389849,1.389849,False,False,False,False,safe-bo,
500,1,0.963956,1.85592,1.775746,0.119916,1.795928,0.736179,197.780032,1.253165,1.253165,False,False,False,False,safe-bo,
501,1,0.987243,1.621811,1.520472,0.134961,1.418298,0.567916,181.625014,1.338282,1.338282,False,False,False,False,safe-bo,
502,1,1.0,1.804599,1.436089,0.211964,1.565073,0.509076,178.542264,1.354372,1.354372,False,False,False,False,safe-bo,
503,1,1.0,1.885742,2.048881,0.111052,1.499286,0.583018,181.487226,1.37497,1.37497,False,False,False,False,safe-bo,
504,1,0.993324,1.79343,1.465993,0.177495,1.39193,0.661967,197.690737,1.388165,1.388165,False,False,False,False,safe-bo,
505,1,0.99346,1.82302,1.131374,0.207565,1.785911,0.656083,178.678649,1.213135,1.213135,False,False,False,False,safe-bo,
506,1,0.922465,1.476239,1.531545,0.296127,1.722257,0.594324,195.613421,1.268711,1.268711,False,False,False,False,safe-bo,
507,1,0.969159,2.0,1.456326,0.216467,1.44746,0.712736,178.173304,1.288366,1.288366,False,False,False,False,safe-bo,
508,1,1.0,1.737257,1.278996,0.385709,1.638228,0.553467,194.122121,1.329323,1.329323,False,False,False,False,safe-bo,
509,1,1.0,1.884862,1.994258,0.276962,1.828863,0.646731,195.374356,1.340693,1.340693,False,False,False,False,safe-bo,
510,1,0.946533,1.904477,1.895824,0.184145,1.595479,0.560622,194.490705,1.332687,1.332687,False,False,False,False,safe-bo,
511,1,1.0,1.787884,1.508273,0.284961,1.581989,0.487236,195.10135,1.33015,1.33015,False,False,False,False,safe-bo,
512,1,1.0,1.743968,1.848048,0.163718,1.63643,0.590329,181.587415,1.422784,1.422784,False,False,False,False,safe-bo,
513,1,1.0,2.0,1.416604,0.208314,1.698643,0.67972,178.673973,1.366484,1.366484,False,False,False,False,safe-bo,
514,1,1.0,1.71929,1.436923,0.266777,1.47172,0.455089,181.95164,1.334754,1.334754,False,False,False,False,safe-bo,
515,1,1.0,1.753896,1.189157,0.240575,1.501394,0.800311,181.610458,1.246667,1.246667,False,False,False,False,safe-bo,
516,1,0.99171,1.770062,1.447775,0.223169,1.809868,0.577127,178.220093,1.317375,1.317375,False,False,False,False,safe-bo,
517,1,1.0,1.844962,1.330919,0.161234,1.765006,0.647258,181.056495,1.310484,1.310484,False,False,False,False,safe-bo,
518,1,1.0,1.672999,1.395162,0.233272,1.213763,0.702661,194.118083,1.291356,1.291356,False,False,False,False,safe-bo,
519,1,0.994204,1.759344,1.643733,0.359358,1.689505,0.571622,182.441258,1.380295,1.380295,False,False,False,False,safe-bo,
520,1,0.99769,1.673431,1.425767,0.240765,1.612123,0.476149,194.187407,1.353591,1.353591,False,False,False,False,safe-bo,
521,1,0.926587,1.843235,1.478968,0.229027,1.431156,0.839361,181.820755,1.145899,1.145899,False,False,False,False,safe-bo,
522,1,0.941963,1.719645,1.975621,0.207529,1.513117,0.68405,194.612434,1.301216,1.301216,False,False,False,False,safe-bo,
523,1,1.0,1.712113,1.647409,0.178452,1.778887,0.630963,197.805152,1.33979,1.33979,False,False,False,False,safe-bo,
524,1,0.938477,1.618874,1.653388,0.217469,1.611413,0.751829,197.99185,1.202503,1.202503,False,False,False,False,safe-bo,
525,1,0.885787,1.536836,0.960276,0.171777,1.635646,0.630158,194.82184,1.093425,1.093425,False,False,False,False,safe-bo,
526,1,0.932883,1.591527,1.516182,0.015374,1.468103,0.48186,197.845064,1.205332,1.205332,False,False,False,False,safe-bo,
527,1,1.0,1.807399,1.63408,0.147769,1.711463,0.564615,196.274446,1.390893,1.390893,False,False,False,False,safe-bo,
528,1,0.972034,1.945938,1.303672,0.19718,1.71986,0.379951,178.311109,1.159208,1.159208,False,False,False,False,safe-bo,
529,1,0.981466,1.877293,1.726874,0.039908,1.458756,0.512347,196.27385,1.33611,1.33611,False,False,False,False,safe-bo,
530,1,0.935528,1.782783,1.781558,0.264287,1.507073,0.683459,183.104758,1.319642,1.319642,False,False,False,False,safe-bo,
531,1,1.0,1.787015,1.232015,0.243181,1.573043,0.601346,194.250874,1.305439,1.305439,False,False,False,False,safe-bo,
532,1,1.0,1.811839,1.414235,0.315895,1.715318,0.602021,180.815187,1.301385,1.301385,False,False,False,False,safe-bo,
533,1,0.931181,1.685173,1.775486,0.189406,1.572934,0.534084,197.933494,1.278676,1.278676,False,False,False,False,safe-bo,
534,1,1.0,1.869521,1.465715,0.265078,1.723108,0.542442,182.888468,1.299446,1.299446,False,False,False,False,safe-bo,
535,1,1.0,1.82094,1.909054,0.159259,1.590769,0.674686,181.915194,1.412396,1.412396,False,False,False,False,safe-bo,
536,1,0.977103,1.718875,1.283045,0.277246,1.682044,0.534685,179.249251,1.279045,1.279045,False,False,False,False,safe-bo,
537,1,1.0,1.648457,1.526879,0.214725,1.684948,0.603343,183.178283,1.382587,1.382587,False,False,False,False,safe-bo,
538,1,1.0,1.753409,1.447398,0.028958,1.613187,0.546833,196.628115,1.296812,1.296812,False,False,False,False,safe-bo,
539,1,0.988366,1.851459,1.404938,0.208816,1.608661,0.44243,178.524415,1.311597,1.311597,False,False,False,False,safe-bo,
540,1,0.855625,1.79971,1.76068,0.259143,1.649747,0.657163,180.999455,1.229659,1.229659,False,False,False,False,safe-bo,
541,1,0.91863,1.612654,1.750169,0.203684,1.618089,0.443384,182.062434,1.211203,1.211203,False,False,False,False,safe-bo,
542,1,0.950716,1.664303,2.022356,0.314587,1.450333,0.496434,195.797161,1.332263,1.332263,False,False,False,False,safe-bo,
543,1,0.999049,1.844331,1.398392,0.241894,1.525053,0.588644,183.290351,1.357039,1.357039,False,False,False,False,safe-bo,
544,1,1.0,1.656099,1.630475,0.146374,1.592744,0.619092,196.404678,1.336424,1.336424,False,False,False,False,safe-bo,
545,1,1.0,1.741856,0.917162,0.222074,1.607496,0.618466,194.884497,1.258047,1.258047,False,False,False,False,safe-bo,
546,1,0.990616,1.693375,1.76911,0.187369,1.295192,0.603673,194.452295,1.406239,1.406239,False,False,False,False,safe-bo,
547,1,1.0,1.851954,1.543602,0.268484,1.524331,0.587993,181.278922,1.40226,1.40226,False,False,False,False,safe-bo,
548,1,1.0,1.752836,2.259887,0.158643,1.778649,0.624892,181.634739,1.325311,1.325311,False,False,False,False,safe-bo,
549,1,1.0,1.718825,1.407707,0.245421,1.480634,0.693844,180.98538,1.385738,1.385738,False,False,False,False,safe-bo,
550,1,0.981636,1.856718,1.364267,0.250539,1.741347,0.626116,196.650742,1.228744,1.228744,False,False,False,False,safe-bo,
551,1,0.962896,1.43954,1.472094,0.415143,1.498096,0.450168,193.831866,1.275929,1.275929,False,False,False,False,safe-bo,
552,1,0.979396,1.66581,1.74009,0.223821,1.191584,0.601582,193.989181,1.321677,1.321677,False,False,False,False,safe-bo,
553,1,1.0,1.597564,1.130391,0.421418,1.831041,0.747284,195.121239,1.1504,1.1504,False,False,False,False,safe-bo,
554,1,0.977561,1.784874,1.885055,0.194404,1.334949,0.759999,194.679706,1.346104,1.346104,False,False,False,False,safe-bo,
555,1,1.0,1.758383,1.99542,0.201319,1.564818,0.670512,195.992348,1.443279,1.443279,False,False,False,False,safe-bo,
556,1,1.0,1.626139,1.908567,0.085233,1.59948,0.579586,182.504875,1.369323,1.369323,False,False,False,False,safe-bo,
557,1,0.941864,1.700783,1.773548,0.271816,1.687725,0.489443,181.974867,1.284513,1.284513,False,False,False,False,safe-bo,
558,1,1.0,1.827893,1.583958,0.278294,1.380353,0.579016,194.392189,1.387373,1.387373,False,False,False,False,safe-bo,
559,1,0.937422,1.796395,1.429821,0.221237,1.504687,0.607582,196.641645,1.279288,1.279288,False,False,False,False,safe-bo,
560,1,1.0,1.935429,1.806629,0.19628,1.747646,0.584149,182.721146,1.330072,1.330072,False,False,False,False,safe-bo,
561,1,0.988529,1.663438,1.415891,0.109103,1.311076,0.654814,194.784779,1.334991,1.334991,False,False,False,False,safe-bo,
562,1,0.951293,1.839973,1.409796,0.270261,1.521011,0.638043,194.893414,1.341992,1.341992,False,False,False,False,safe-bo,
563,1,1.0,1.580536,1.212467,0.266728,1.82782,0.653688,178.982695,1.268897,1.268897,False,False,False,False,safe-bo,
564,1,0.983951,1.651739,1.346947,0.291007,1.563941,0.590293,181.88013,1.309773,1.309773,False,False,False,False,safe-bo,
565,1,0.917822,1.590614,1.477069,0.285333,1.493967,0.5181,182.897486,1.324224,1.324224,False,False,False,False,safe-bo,
566,1,1.0,1.955611,1.952725,0.331921,1.721307,0.652107,181.419553,1.44865,1.44865,False,False,False,False,safe-bo,
567,1,0.937143,1.647443,1.628685,0.093083,1.445726,0.601458,183.637568,1.286163,1.286163,False,False,False,False,safe-bo,
568,1,0.975501,1.619355,1.155513,0.409388,1.682938,0.605414,178.144104,1.224668,1.224668,False,False,False,False,safe-bo,
569,1,0.910023,1.869512,1.636663,0.241742,1.607262,0.43537,183.652123,1.18423,1.18423,False,False,False,False,safe-bo,
570,1,0.826394,1.749523,1.848582,0.106574,1.568924,0.623278,195.094721,1.161977,1.161977,False,False,False,False,safe-bo,
571,1,0.865608,1.557723,1.604941,0.156128,1.629178,0.641849,183.446573,1.159834,1.159834,False,False,False,False,safe-bo,
572,1,1.0,1.841995,1.560516,0.377446,1.389244,0.615689,193.886547,1.39055,1.39055,False,False,False,False,safe-bo,
573,1,0.958764,1.792242,1.329045,0.234604,1.594683,0.650778,197.72678,1.325949,1.325949,False,False,False,False,safe-bo,
574,1,0.987019,1.797186,1.337518,0.241628,1.481433,0.486767,183.705803,1.265351,1.265351,False,False,False,False,safe-bo,
575,1,0.934794,1.783571,1.26207,0.243391,1.575694,0.682778,182.986995,1.296615,1.296615,False,False,False,False,safe-bo,
576,1,0.906007,1.679891,1.656002,0.253108,1.424052,0.838823,197.661868,1.191602,1.191602,False,False,False,False,safe-bo,
577,1,1.0,1.873424,1.233851,0.219632,1.07423,0.711774,182.167966,1.130922,1.130922,False,False,False,False,safe-bo,
578,1,0.884376,1.739323,1.831659,0.243602,1.537066,0.643402,194.819811,1.220073,1.220073,False,False,False,False,safe-bo,
579,1,0.906084,1.676311,1.426298,0.219111,1.429736,0.631247,194.598792,1.235292,1.235292,False,False,False,False,safe-bo,
580,1,0.914279,1.652658,1.615796,0.189244,1.766543,0.600611,181.637629,1.196457,1.196457,False,False,False,False,safe-bo,
581,1,1.0,1.596582,1.396705,0.272283,1.831258,0.426441,194.21181,1.208575,1.208575,False,False,False,False,safe-bo,
582,1,1.0,1.703367,1.346581,0.28762,1.730921,0.645513,183.336508,1.24205,1.24205,False,False,False,False,safe-bo,
583,1,1.0,1.920917,1.765352,0.271939,1.570089,0.585581,195.604462,1.420873,1.420873,False,False,False,False,safe-bo,
584,1,1.0,1.921441,1.531829,0.0,1.558842,0.583604,182.881987,1.355949,1.355949,False,False,False,False,safe-bo,
585,1,0.978163,1.860853,1.748919,0.201019,1.470548,0.474009,195.253493,1.312113,1.312113,False,False,False,False,safe-bo,
586,1,0.956204,1.796908,1.619548,0.22603,1.360145,0.673359,182.701696,1.309228,1.309228,False,False,False,False,safe-bo,
587,1,1.0,1.534421,1.418499,0.143915,1.49972,0.577656,197.907944,1.313654,1.313654,False,False,False,False,safe-bo,
588,1,1.0,1.648531,1.810278,0.127369,1.35176,0.608642,196.243434,1.403681,1.403681,False,False,False,False,safe-bo,
589,1,1.0,1.752243,1.47787,0.159116,1.693796,0.622377,178.959587,1.333045,1.333045,False,False,False,False,safe-bo,
590,1,0.965562,1.861857,1.873971,0.25772,1.557191,0.457883,182.797703,1.386617,1.386617,False,False,False,False,safe-bo,
591,1,0.9703,1.84649,1.838615,0.207053,1.128881,0.514516,194.751449,1.263589,1.263589,False,False,False,False,safe-bo,
592,1,0.907138,1.508691,1.663907,0.331264,1.526093,0.582511,181.543809,1.275232,1.275232,False,False,False,False,safe-bo,
593,1,1.0,1.885494,1.974967,0.122574,1.412924,0.642531,181.625257,1.409201,1.409201,False,False,False,False,safe-bo,
594,1,0.966141,1.926409,1.937452,0.338041,1.712721,0.59074,196.318872,1.339384,1.339384,False,False,False,False,safe-bo,
595,1,1.0,1.756375,1.23273,0.244022,1.619644,0.664605,194.888505,1.278221,1.278221,False,False,False,False,safe-bo,
596,1,0.986595,1.653592,1.400665,0.132597,1.493622,0.400094,178.958656,1.237424,1.237424,False,False,False,False,safe-bo,
597,1,0.99066,1.816033,1.461124,0.189124,1.487775,0.4978,195.750677,1.333432,1.333432,False,False,False,False,safe-bo,
598,1,0.994239,1.852086,1.638292,0.226323,1.566225,0.656526,196.101415,1.398711,1.398711,False,False,False,False,safe-bo,
599,1,0.927028,1.76626,1.325949,0.181739,1.819118,0.541221,179.173978,1.179103,1.179103,False,False,False,False,safe-bo,
600,1,1.0,1.931441,1.675506,0.331657,1.782483,0.50442,183.3163,1.314652,1.314652,False,False,False,False,safe-bo,
601,1,0.926333,1.856858,1.47563,0.244583,1.543193,0.559186,181.616856,1.294416,1.294416,False,False,False,False,safe-bo,
602,1,0.929951,1.666094,1.393628,0.295328,1.378832,0.633205,195.154286,1.32185,1.32185,False,False,False,False,safe-bo,
603,1,0.95707,1.753307,1.912878,0.020521,1.758529,0.629651,180.890115,1.207264,1.207264,False,False,False,False,safe-bo,
604,1,1.0,1.750317,1.717828,0.281791,1.438895,0.721839,183.071403,1.433351,1.433351,False,False,False,False,safe-bo,
605,1,1.0,1.654865,1.648099,0.186626,1.597614,0.597565,196.22129,1.392028,1.392028,False,False,False,False,safe-bo,
606,1,0.944694,1.634776,1.364731,0.180269,1.451238,0.628749,184.303221,1.254532,1.254532,False,False,False,False,safe-bo,
607,1,1.0,1.758307,1.687477,0.21223,1.40539,0.472032,183.075642,1.434494,1.434494,False,False,False,False,safe-bo,
608,1,0.953424,1.691093,1.430767,0.110266,1.759373,0.37011,180.864474,1.113372,1.113372,False,False,False,False,safe-bo,
609,1,0.930025,1.645675,1.530075,0.041688,1.299691,0.636507,184.147376,1.245084,1.245084,False,False,False,False,safe-bo,
610,1,0.968007,1.563099,1.552233,0.182449,1.374538,0.539277,195.087873,1.350449,1.350449,False,False,False,False,safe-bo,
611,1,1.0,1.870823,1.347164,0.237602,1.510806,0.536679,178.551934,1.302567,1.302567,False,False,False,False,safe-bo,
612,1,1.0,1.574291,1.901079,0.251094,1.640017,0.55236,181.298369,1.415993,1.415993,False,False,False,False,safe-bo,
613,1,0.973747,1.676057,1.353046,0.306866,1.536598,0.694266,193.709949,1.295229,1.295229,False,False,False,False,safe-bo,
614,1,0.938249,1.853297,1.572554,0.24254,1.586557,0.613443,197.760572,1.275124,1.275124,False,False,False,False,safe-bo,
615,1,0.956213,1.675188,1.299413,0.227983,1.548902,0.522552,178.292214,1.222445,1.222445,False,False,False,False,safe-bo,
616,1,1.0,1.640586,1.370039,0.220529,1.475114,0.687921,182.874383,1.347816,1.347816,False,False,False,False,safe-bo,
617,1,0.998009,1.617684,1.594752,0.212137,1.689726,0.54636,193.622689,1.382466,1.382466,False,False,False,False,safe-bo,
618,1,1.0,1.785781,1.45035,0.126724,1.260335,0.600121,197.92468,1.325093,1.325093,False,False,False,False,safe-bo,
619,1,0.908688,1.766292,1.329185,0.106662,1.355468,0.628695,181.828018,1.17712,1.17712,False,False,False,False,safe-bo,
620,1,0.948237,1.771015,1.8006,0.007309,1.385913,0.54544,181.392249,1.227667,1.227667,False,False,False,False,safe-bo,
621,1,1.0,1.932,1.30739,0.259376,1.634066,0.58473,183.557677,1.313003,1.313003,False,False,False,False,safe-bo,
622,1,0.97227,1.683561,1.730816,0.264212,1.378303,0.53244,195.649845,1.347921,1.347921,False,False,False,False,safe-bo,
623,1,0.989257,1.700082,1.316832,0.21278,1.296889,0.504407,180.997065,1.251404,1.251404,False,False,False,False,safe-bo,
624,1,1.0,1.879789,1.635102,0.289491,1.421953,0.616603,180.934062,1.405014,1.405014,False,False,False,False,safe-bo,
625,1,1.0,1.728238,1.699089,0.071037,1.558616,0.696067,183.847709,1.337672,1.337672,False,False,False,False,safe-bo,
626,1,1.0,1.731973,1.885395,0.365832,1.718701,0.646284,196.69578,1.362638,1.362638,False,False,False,False,safe-bo,
627,1,1.0,1.640978,1.509541,0.352611,1.577961,0.519793,181.267682,1.366128,1.366128,False,False,False,False,safe-bo,
628,1,0.95472,1.924323,1.576397,0.383532,1.517675,0.783741,184.124261,1.227793,1.227793,False,False,False,False,safe-bo,
629,1,0.996695,1.606249,1.820424,0.082215,1.81813,0.445443,181.178258,1.234816,1.234816,False,False,False,False,safe-bo,
630,1,1.0,1.953989,1.389564,0.273147,1.528371,0.48038,180.937948,1.351984,1.351984,False,False,False,False,safe-bo,
631,1,0.988742,1.762109,1.850883,0.200263,1.455612,0.559949,181.378125,1.407934,1.407934,False,False,False,False,safe-bo,
632,1,1.0,1.705332,1.559624,0.16711,1.643164,0.696772,197.831417,1.362514,1.362514,False,False,False,False,safe-bo,
633,1,1.0,1.639988,1.801519,0.119875,1.689122,0.540653,181.515808,1.307709,1.307709,False,False,False,False,safe-bo,
634,1,0.997335,1.782666,1.469921,0.166681,1.408497,0.77415,197.65996,1.273913,1.273913,False,False,False,False,safe-bo,
635,1,0.933803,1.386425,1.173129,0.200359,1.717818,0.673067,195.033724,1.192328,1.192328,False,False,False,False,safe-bo,
636,1,0.912494,1.582513,1.553982,0.251037,1.549868,0.536239,179.123946,1.287516,1.287516,False,False,False,False,safe-bo,
637,1,1.0,1.784098,1.4851,0.148682,1.451715,0.583524,184.156452,1.319192,1.319192,False,False,False,False,safe-bo,
638,1,0.959049,1.865918,1.494802,0.179292,1.577703,0.693755,182.663268,1.300933,1.300933,False,False,False,False,safe-bo,
639,1,0.992924,1.536493,1.631758,0.334758,1.301633,0.592681,194.589305,1.411086,1.411086,False,False,False,False,safe-bo,
640,1,1.0,1.738456,1.557868,0.261495,1.639394,0.612692,195.627474,1.385708,1.385708,False,False,False,False,safe-bo,
641,1,0.955753,1.53423,1.610864,0.166379,1.659134,0.745374,181.673297,1.255122,1.255122,False,False,False,False,safe-bo,
642,1,1.0,1.71302,1.366907,0.229279,1.518129,0.575345,181.858036,1.378523,1.378523,False,False,False,False,safe-bo,
643,1,1.0,1.819737,1.445793,0.281475,1.616939,0.650783,195.037063,1.379111,1.379111,False,False,False,False,safe-bo,
644,1,1.0,1.81374,1.241543,0.11127,1.817972,0.585954,183.677285,1.249205,1.249205,False,False,False,False,safe-bo,
645,1,0.924458,1.888463,1.312539,0.322814,1.939769,0.530022,193.508454,1.112518,1.112518,False,False,False,False,safe-bo,
646,1,0.940768,1.646186,1.610026,0.238818,1.356814,0.502732,193.520808,1.292015,1.292015,False,False,False,False,safe-bo,
647,1,1.0,1.558707,1.645578,0.179151,1.496671,0.573153,193.7105,1.378694,1.378694,False,False,False,False,safe-bo,
648,1,0.857774,1.730014,1.788802,0.216851,1.486856,0.533588,183.888118,1.206009,1.206009,False,False,False,False,safe-bo,
649,1,0.978897,1.89734,1.75049,0.168493,1.378713,0.590307,193.568599,1.407227,1.407227,False,False,False,False,safe-bo,
650,1,0.943302,1.677689,1.481602,0.26222,1.606933,0.537158,183.117589,1.288482,1.288482,False,False,False,False,safe-bo,
651,1,0.981702,1.675609,1.667282,0.133035,1.775112,0.490593,184.154611,1.267953,1.267953,False,False,False,False,safe-bo,
652,1,1.0,1.526311,1.475152,0.239121,1.627553,0.576875,183.794494,1.359511,1.359511,False,False,False,False,safe-bo,
653,1,1.0,1.849998,1.594268,0.323492,1.584687,0.561186,182.763255,1.424629,1.424629,False,False,False,False,safe-bo,
654,1,0.982898,1.740401,1.396515,0.206803,1.60569,0.609945,178.813277,1.310591,1.310591,False,False,False,False,safe-bo,
655,1,1.0,1.755432,2.025636,0.252401,1.507701,0.657506,194.758122,1.457685,1.457685,False,False,False,False,safe-bo,
656,1,0.938106,1.56741,1.498593,0.084964,1.685426,0.625108,181.552494,1.207691,1.207691,False,False,False,False,safe-bo,
657,1,0.96252,1.707029,2.042759,0.154486,1.783176,0.457289,197.319459,1.218029,1.218029,False,False,False,False,safe-bo,
658,1,1.0,1.826285,1.916407,0.129525,1.405191,0.686077,195.341053,1.386506,1.386506,False,False,False,False,safe-bo,
659,1,0.98575,1.816391,1.801015,0.319433,1.709069,0.570687,180.73033,1.377317,1.377317,False,False,False,False,safe-bo,
660,1,1.0,1.510213,1.850323,0.349126,1.642586,0.501937,196.29595,1.401039,1.401039,False,False,False,False,safe-bo,
661,1,1.0,1.789536,1.482078,0.389427,1.583513,0.537455,195.362846,1.403549,1.403549,False,False,False,False,safe-bo,
662,1,1.0,2.0,1.465975,0.19525,1.495933,0.542094,183.076776,1.357894,1.357894,False,False,False,False,safe-bo,
663,1,1.0,1.842683,1.477893,0.213946,1.508963,0.662157,196.916157,1.39129,1.39129,False,False,False,False,safe-bo,
664,1,1.0,1.802412,1.301534,0.313909,1.647473,0.421032,178.439188,1.229869,1.229869,False,False,False,False,safe-bo,
665,1,1.0,1.698323,1.871577,0.211198,1.532073,0.510431,194.583793,1.444805,1.444805,False,False,False,False,safe-bo,
666,1,1.0,1.595387,1.70125,0.193339,1.463666,0.730491,180.839693,1.382385,1.382385,False,False,False,False,safe-bo,
667,1,1.0,1.825468,1.729416,0.207136,1.712293,0.554675,183.902585,1.390385,1.390385,False,False,False,False,safe-bo,
668,1,1.0,1.498918,1.516244,0.205375,1.555747,0.461191,180.561605,1.340728,1.340728,False,False,False,False,safe-bo,
669,1,0.92837,1.682952,1.632177,0.192223,1.599254,0.722471,197.317561,1.236791,1.236791,False,False,False,False,safe-bo,
670,1,0.969152,1.886117,1.686703,0.307965,1.563888,0.486714,181.106425,1.331123,1.331123,False,False,False,False,safe-bo,
671,1,1.0,1.776856,1.943004,0.343523,1.458733,0.572749,196.856123,1.452136,1.452136,False,False,False,False,safe-bo,
672,1,0.971281,1.63423,1.979151,0.217007,1.361029,0.517556,195.350084,1.358411,1.358411,False,False,False,False,safe-bo,
673,1,0.962639,1.672797,1.899932,0.287788,1.596889,0.586285,197.449336,1.383307,1.383307,False,False,False,False,safe-bo,
674,1,1.0,1.630497,1.647935,0.233957,1.631837,0.610621,184.222393,1.358232,1.358232,False,False,False,False,safe-bo,
675,1,0.991779,1.683586,1.249995,0.291999,1.697586,0.551967,180.4523,1.3034,1.3034,False,False,False,False,safe-bo,
676,1,0.948851,1.840073,1.858158,0.150034,1.556787,0.58465,184.01015,1.314953,1.314953,False,False,False,False,safe-bo,
677,1,1.0,1.79064,1.417946,0.220559,1.675752,0.601555,179.123334,1.31791,1.31791,False,False,False,False,safe-bo,
678,1,0.958852,1.516888,1.421835,0.194469,1.559503,0.602926,195.243288,1.309803,1.309803,False,False,False,False,safe-bo,
679,1,1.0,1.906084,1.84781,0.295595,1.591181,0.639135,194.797687,1.371395,1.371395,False,False,False,False,safe-bo,
680,1,1.0,1.843309,1.564275,0.03244,1.314798,0.707905,181.245517,1.293143,1.293143,False,False,False,False,safe-bo,
681,1,1.0,1.763364,1.188364,0.235416,1.04952,0.641995,181.925515,1.195557,1.195557,False,False,False,False,safe-bo,
682,1,1.0,1.700539,1.961485,0.197504,1.471899,0.647674,180.986236,1.418954,1.418954,False,False,False,False,safe-bo,
683,1,1.0,1.884063,1.576416,0.355019,1.393721,0.659863,195.302715,1.359367,1.359367,False,False,False,False,safe-bo,
684,1,0.988477,1.749022,1.866065,0.241543,1.57208,0.552555,180.917058,1.377366,1.377366,False,False,False,False,safe-bo,
685,1,1.0,1.634202,1.052934,0.297066,1.500222,0.644542,181.746027,1.283429,1.283429,False,False,False,False,safe-bo,
686,1,0.950545,1.909586,1.655613,0.208158,1.512951,0.654249,196.97306,1.262878,1.262878,False,False,False,False,safe-bo,
687,1,1.0,1.689299,1.882669,0.391086,1.577788,0.570322,181.132883,1.425862,1.425862,False,False,False,False,safe-bo,
688,1,0.95006,1.708808,1.752913,0.193253,1.721231,0.558763,193.590794,1.324352,1.324352,False,False,False,False,safe-bo,
689,1,0.919454,1.756483,1.56125,0.288097,1.450106,0.707788,182.993837,1.252772,1.252772,False,False,False,False,safe-bo,
690,1,1.0,1.94667,1.547228,0.244486,1.626462,0.618485,197.549521,1.37597,1.37597,False,False,False,False,safe-bo,
691,1,0.940394,1.616738,1.411125,0.131791,1.534003,0.544632,194.657279,1.269003,1.269003,False,False,False,False,safe-bo,
692,1,1.0,1.809669,1.456139,0.284721,1.356711,0.606518,193.633414,1.385064,1.385064,False,False,False,False,safe-bo,
693,1,1.0,1.702352,1.276259,0.232633,1.417361,0.616984,179.159508,1.373921,1.373921,False,False,False,False,safe-bo,
694,1,0.922767,1.484337,1.962286,0.205853,1.60288,0.525324,195.56263,1.299472,1.299472,False,False,False,False,safe-bo,
695,1,1.0,1.764014,1.668222,0.15014,1.365097,0.61641,197.31259,1.362679,1.362679,False,False,False,False,safe-bo,
696,1,0.898481,1.760971,1.888824,0.324343,1.761507,0.571545,180.887726,1.223536,1.223536,False,False,False,False,safe-bo,
697,1,1.0,1.764981,1.91919,0.382973,1.399509,0.485406,194.61771,1.393406,1.393406,False,False,False,False,safe-bo,
698,1,1.0,1.767857,1.320051,0.241092,1.595413,0.641174,194.535907,1.395616,1.395616,False,False,False,False,safe-bo,
699,1,1.0,1.568464,1.69583,0.160886,1.547911,0.629964,195.070525,1.390843,1.390843,False,False,False,False,safe-bo,
700,1,1.0,1.831088,1.646542,0.155534,1.624024,0.700287,181.188104,1.323182,1.323182,False,False,False,False,safe-bo,
701,1,0.992302,2.0,1.287961,0.304239,1.584674,0.582779,193.386395,1.313904,1.313904,False,False,False,False,safe-bo,
702,1,1.0,1.865449,1.584651,0.39776,1.434196,0.584332,197.617092,1.336181,1.336181,False,False,False,False,safe-bo,
703,1,0.988281,1.670729,1.546318,0.248017,1.517275,0.629233,180.969073,1.392698,1.392698,False,False,False,False,safe-bo,
704,1,1.0,1.932271,1.711665,0.361336,1.52356,0.652238,182.8982,1.372474,1.372474,False,False,False,False,safe-bo,
705,1,0.970231,1.606365,1.831782,0.069733,1.670888,0.506955,196.78847,1.254925,1.254925,False,False,False,False,safe-bo,
706,1,0.973623,1.6165,1.885511,0.116469,1.495514,0.665789,195.5623,1.294307,1.294307,False,False,False,False,safe-bo,
707,1,1.0,1.588618,1.446486,0.213043,1.311699,0.678335,181.95675,1.300636,1.300636,False,False,False,False,safe-bo,
708,1,1.0,1.631769,1.522678,0.267702,1.638534,0.53333,195.091212,1.391398,1.391398,False,False,False,False,safe-bo,
709,1,1.0,1.992379,1.471313,0.382377,1.765807,0.615597,196.490255,1.290524,1.290524,False,False,False,False,safe-bo,
710,1,1.0,1.887144,1.726343,0.17989,1.721737,0.548853,193.216094,1.3121,1.3121,False,False,False,False,safe-bo,
711,1,1.0,1.755898,1.306071,0.198393,1.552619,0.586518,178.957151,1.350603,1.350603,False,False,False,False,safe-bo,
712,1,1.0,1.750672,1.276586,0.070065,1.330726,0.47406,195.008008,1.226564,1.226564,False,False,False,False,safe-bo,
713,1,0.889166,1.647705,1.50366,0.288696,1.489977,0.54057,194.974897,1.249445,1.249445,False,False,False,False,safe-bo,
714,1,1.0,1.87546,1.076744,0.205126,1.413692,0.523008,195.318852,1.294484,1.294484,False,False,False,False,safe-bo,
715,1,0.999121,1.918691,1.483043,0.215859,1.541739,0.590701,197.428153,1.387045,1.387045,False,False,False,False,safe-bo,
716,1,0.966853,1.819317,1.717043,0.399655,1.299575,0.549964,194.336204,1.29216,1.29216,False,False,False,False,safe-bo,
717,1,1.0,1.792367,1.620666,0.258349,1.564697,0.471689,194.679019,1.362934,1.362934,False,False,False,False,safe-bo,
718,1,0.995627,1.828164,1.482728,0.208243,1.517196,0.60136,184.24708,1.394048,1.394048,False,False,False,False,safe-bo,
719,1,0.952996,1.924488,1.435656,0.176833,1.505932,0.570747,194.120672,1.287362,1.287362,False,False,False,False,safe-bo,
720,1,1.0,1.870783,1.554246,0.270331,1.712795,0.470099,196.865014,1.282077,1.282077,False,False,False,False,safe-bo,
721,1,0.963559,1.817818,1.590409,0.146478,1.508673,0.569765,183.300228,1.365174,1.365174,False,False,False,False,safe-bo,
722,1,1.0,1.684598,1.439839,0.294261,1.663753,0.562715,181.715631,1.348405,1.348405,False,False,False,False,safe-bo,
723,1,1.0,1.795199,2.047964,0.309761,1.360824,0.613666,194.143025,1.412447,1.412447,False,False,False,False,safe-bo,
724,1,0.927566,1.779468,1.650408,0.174317,1.541142,0.550341,197.421943,1.295784,1.295784,False,False,False,False,safe-bo,
725,1,1.0,1.503061,1.295336,0.283344,1.457526,0.578329,181.901397,1.384617,1.384617,False,False,False,False,safe-bo,
726,1,1.0,1.53995,1.549837,0.302088,1.428214,0.591143,193.275478,1.41083,1.41083,False,False,False,False,safe-bo,
727,1,0.917624,1.940313,1.617883,0.216057,1.517778,0.552221,197.447701,1.278291,1.278291,False,False,False,False,safe-bo,
728,1,0.912849,1.70973,1.948108,0.198051,1.411316,0.620353,197.256923,1.319692,1.319692,False,False,False,False,safe-bo,
729,1,1.0,1.552332,1.713687,0.310475,1.518692,0.569585,192.89261,1.489249,1.489249,False,False,False,False,safe-bo,
730,1,1.0,1.652608,2.075388,0.412485,1.419646,0.528564,195.801905,1.449191,1.449191,False,False,False,False,safe-bo,
731,1,1.0,1.782597,1.595029,0.192577,1.441794,0.517484,193.529861,1.399549,1.399549,False,False,False,False,safe-bo,
732,1,0.986964,1.586393,1.475001,0.118294,1.743674,0.616502,194.442956,1.260174,1.260174,False,False,False,False,safe-bo,
733,1,1.0,1.55856,1.694963,0.311538,1.426134,0.600025,181.293621,1.531787,1.531787,False,False,False,False,safe-bo,
734,1,1.0,1.596659,1.899735,0.204952,1.52902,0.538097,197.050278,1.383788,1.383788,False,False,False,False,safe-bo,
735,1,1.0,1.717724,1.255017,0.432293,1.359367,0.491397,196.603759,1.274027,1.274027,False,False,False,False,safe-bo,
736,1,0.952225,1.766817,1.91692,0.327895,1.44141,0.572997,184.406186,1.343635,1.343635,False,False,False,False,safe-bo,
737,1,1.0,1.714388,1.523881,0.248874,1.724221,0.33558,193.945784,1.230543,1.230543,False,False,False,False,safe-bo,
738,1,0.993214,1.407415,2.165898,0.412654,1.456693,0.727682,193.289075,1.378946,1.378946,False,False,False,False,safe-bo,
739,1,0.962334,1.375933,2.074908,0.35802,1.340451,0.646301,195.716724,1.31435,1.31435,False,False,False,False,safe-bo,
740,1,1.0,1.575795,1.254327,0.353057,1.643279,0.610122,193.384534,1.337329,1.337329,False,False,False,False,safe-bo,
741,1,1.0,1.439313,1.62196,0.254559,1.70692,0.5598,181.265281,1.389318,1.389318,False,False,False,False,safe-bo,
742,1,0.983697,1.670694,1.572781,0.401491,1.539226,0.478182,181.960562,1.323527,1.323527,False,False,False,False,safe-bo,
743,1,1.0,1.582888,1.780059,0.434692,1.357344,0.569756,194.049113,1.357071,1.357071,False,False,False,False,safe-bo,
744,1,0.98287,1.660002,1.74787,0.304102,1.648628,0.497716,181.103814,1.335627,1.335627,False,False,False,False,safe-bo,
745,1,1.0,1.712854,1.514493,0.30944,1.544634,0.656498,181.677323,1.376098,1.376098,False,False,False,False,safe-bo,
746,1,1.0,1.417769,1.484968,0.376379,1.291578,0.58815,194.193407,1.355267,1.355267,False,False,False,False,safe-bo,
747,1,1.0,1.765372,2.144077,0.331161,1.563425,0.551049,195.502334,1.412279,1.412279,False,False,False,False,safe-bo,
748,1,1.0,1.878766,1.701328,0.284601,1.780013,0.596662,196.147477,1.383944,1.383944,False,False,False,False,safe-bo,
749,1,1.0,1.618065,1.749965,0.286685,1.52238,0.651462,193.766826,1.394828,1.394828,False,False,False,False,safe-bo,
750,1,1.0,1.457463,1.615915,0.367194,1.672555,0.770685,181.649011,1.254386,1.254386,False,False,False,False,safe-bo,
751,1,1.0,1.71154,1.69005,0.342182,1.487113,0.754233,182.660275,1.33319,1.33319,False,False,False,False,safe-bo,
752,1,0.928628,1.625128,1.51579,0.345531,1.501192,0.669302,181.346047,1.326048,1.326048,False,False,False,False,safe-bo,
753,1,0.956935,1.850533,1.993359,0.119502,1.604267,0.539117,182.884335,1.306847,1.306847,False,False,False,False,safe-bo,
754,1,1.0,1.74295,1.627949,0.220038,1.552722,0.683799,194.627591,1.459808,1.459808,False,False,False,False,safe-bo,
755,1,1.0,1.685579,1.328273,0.32952,1.783055,0.614358,179.018236,1.313392,1.313392,False,False,False,False,safe-bo,
756,1,1.0,1.674365,2.403453,0.277601,1.235574,0.542446,194.265776,1.312017,1.312017,False,False,False,False,safe-bo,
757,1,0.98294,1.466157,1.946149,0.328139,1.135042,0.815722,194.071521,1.166374,1.166374,False,False,False,False,safe-bo,
758,1,0.982236,1.67971,1.568856,0.228901,1.371122,0.642952,192.429665,1.368023,1.368023,False,False,False,False,safe-bo,
759,1,1.0,1.571806,1.773431,0.353275,1.58773,0.572452,195.690756,1.386785,1.386785,False,False,False,False,safe-bo,
760,1,0.927567,1.69944,1.599664,0.290261,1.371376,0.654783,196.875512,1.363772,1.363772,False,False,False,False,safe-bo,
761,1,0.95025,1.38955,1.612011,0.316352,1.610995,0.506148,192.96304,1.282521,1.282521,False,False,False,False,safe-bo,
762,1,0.995519,1.253602,1.658545,0.25433,1.536712,0.624673,192.535098,1.43071,1.43071,False,False,False,False,safe-bo,
763,1,1.0,1.480371,1.471812,0.393017,1.561436,0.621269,196.259487,1.425475,1.425475,False,False,False,False,safe-bo,
764,1,0.974092,1.706712,1.874916,0.318167,1.398717,0.563066,183.18847,1.384156,1.384156,False,False,False,False,safe-bo,
765,1,1.0,1.590843,1.921478,0.420082,1.772807,0.63935,182.590316,1.326306,1.326306,False,False,False,False,safe-bo,
766,1,0.873947,1.700199,1.764579,0.202465,1.387941,0.583064,194.388886,1.224597,1.224597,False,False,False,False,safe-bo,
767,1,1.0,1.79139,1.561674,0.371967,1.295018,0.583463,192.632988,1.37843,1.37843,False,False,False,False,safe-bo,
768,1,0.988998,1.259185,1.631001,0.457855,1.58254,0.658983,196.150535,1.387587,1.387587,False,False,False,False,safe-bo,
769,1,0.95856,1.672674,1.850016,0.362953,1.654706,0.549994,197.309581,1.351022,1.351022,False,False,False,False,safe-bo,
770,1,0.941021,1.45495,1.788008,0.439816,1.410224,0.665959,193.342184,1.268984,1.268984,False,False,False,False,safe-bo,
771,1,0.887416,1.418035,1.530213,0.29318,1.387193,0.591665,196.376412,1.23885,1.23885,False,False,False,False,safe-bo,
772,1,1.0,1.472781,1.347658,0.406025,1.792202,0.639589,179.345194,1.264112,1.264112,False,False,False,False,safe-bo,
773,1,0.948475,1.656716,1.882658,0.334729,1.374262,0.536672,196.488864,1.276155,1.276155,False,False,False,False,safe-bo,
774,1,0.994674,1.905731,1.67966,0.398911,1.779859,0.596187,184.165084,1.31856,1.31856,False,False,False,False,safe-bo,
775,1,1.0,1.453264,1.614515,0.32216,1.513911,0.633551,192.703626,1.369595,1.369595,False,False,False,False,safe-bo,
776,1,0.951102,1.691937,1.315207,0.378469,1.436438,0.535658,193.709303,1.29419,1.29419,False,False,False,False,safe-bo,
777,1,0.931046,1.624099,1.500861,0.298947,1.306169,0.671761,194.669946,1.319781,1.319781,False,False,False,False,safe-bo,
778,1,1.0,1.571184,2.165814,0.421101,1.39162,0.461333,194.396844,1.413541,1.413541,False,False,False,False,safe-bo,
779,1,0.96942,1.676348,1.802126,0.360385,1.486903,0.5601,182.481327,1.363703,1.363703,False,False,False,False,safe-bo,
780,1,1.0,1.615924,1.873317,0.272932,1.536995,0.752854,182.6356,1.355744,1.355744,False,False,False,False,safe-bo,
781,1,0.981874,1.554085,1.538738,0.296361,1.222431,0.64769,194.3166,1.332932,1.332932,False,False,False,False,safe-bo,
782,1,0.967857,1.439375,1.801824,0.328193,1.558069,0.629648,196.04492,1.415875,1.415875,False,False,False,False,safe-bo,
783,1,0.977635,1.588143,1.582847,0.350281,1.223681,0.635059,193.871672,1.300641,1.300641,False,False,False,False,safe-bo,
784,1,1.0,1.79708,1.638582,0.16522,1.632153,0.710932,183.243516,1.344816,1.344816,False,False,False,False,safe-bo,
785,1,0.911935,1.697656,1.396304,0.283962,1.607569,0.646121,193.606613,1.310887,1.310887,False,False,False,False,safe-bo,
786,1,1.0,1.625403,1.403323,0.309294,1.419367,0.497799,193.525459,1.344746,1.344746,False,False,False,False,safe-bo,
787,1,1.0,1.689247,1.51681,0.228664,1.519322,0.613661,183.473794,1.379277,1.379277,False,False,False,False,safe-bo,
788,1,0.956073,1.641597,1.710021,0.35306,1.527348,0.580536,184.090219,1.362006,1.362006,False,False,False,False,safe-bo,
789,1,1.0,1.690812,1.525515,0.284002,1.346154,0.511805,184.540246,1.377873,1.377873,False,False,False,False,safe-bo,
790,1,0.937113,1.628199,1.761104,0.226064,1.165038,0.555934,192.566619,1.21368,1.21368,False,False,False,False,safe-bo,
791,1,1.0,1.644639,1.843857,0.218898,1.521126,0.718019,184.294117,1.381413,1.381413,False,False,False,False,safe-bo,
792,1,0.978296,1.586105,1.547458,0.266824,1.690601,0.662215,181.427107,1.298397,1.298397,False,False,False,False,safe-bo,
793,1,1.0,1.535932,1.536483,0.188446,1.571817,0.438841,194.237987,1.308936,1.308936,False,False,False,False,safe-bo,
794,1,1.0,1.534711,1.92922,0.317431,1.628001,0.610098,183.354127,1.480863,1.480863,False,False,False,False,safe-bo,
795,1,0.963905,1.670358,1.56981,0.197572,1.375269,0.542293,193.918531,1.349244,1.349244,False,False,False,False,safe-bo,
796,1,0.979855,1.541514,1.433409,0.446467,1.360178,0.652101,195.763121,1.311827,1.311827,False,False,False,False,safe-bo,
797,1,1.0,1.328652,1.480364,0.370924,1.331869,0.520233,192.145333,1.321559,1.321559,False,False,False,False,safe-bo,
798,1,1.0,1.483645,1.771239,0.278572,1.371869,0.585772,193.365544,1.408653,1.408653,False,False,False,False,safe-bo,
799,1,0.910188,1.607126,2.326032,0.280471,1.539165,0.450671,193.350714,1.269476,1.269476,False,False,False,False,safe-bo,
800,1,1.0,1.578319,1.842741,0.276263,1.339839,0.595125,196.693639,1.399559,1.399559,False,False,False,False,safe-bo,
801,1,1.0,1.606376,2.032604,0.300884,1.578024,0.473739,195.385111,1.435827,1.435827,False,False,False,False,safe-bo,
802,1,1.0,1.377221,1.472584,0.274167,1.318497,0.822398,192.387204,1.196589,1.196589,False,False,False,False,safe-bo,
803,1,1.0,1.452256,1.858468,0.378944,1.244671,0.525522,195.910614,1.353593,1.353593,False,False,False,False,safe-bo,
804,1,0.958797,1.331523,1.795724,0.345698,1.490981,0.62768,182.861357,1.421689,1.421689,False,False,False,False,safe-bo,
805,1,1.0,1.382333,1.714771,0.398474,1.347828,0.639247,195.89611,1.333895,1.333895,False,False,False,False,safe-bo,
806,1,1.0,1.52385,1.597147,0.476204,1.319144,0.583241,196.62681,1.38884,1.38884,False,False,False,False,safe-bo,
807,1,0.965199,1.625686,1.622556,0.323022,1.101734,0.523654,196.157935,1.174524,1.174524,False,False,False,False,safe-bo,
808,1,0.998825,1.478238,1.957551,0.204429,1.155911,0.641923,194.475214,1.324605,1.324605,False,False,False,False,safe-bo,
809,1,1.0,1.68336,1.658494,0.116878,1.469118,0.734052,194.102613,1.329892,1.329892,False,False,False,False,safe-bo,
810,1,1.0,1.572228,2.250507,0.298409,1.60627,0.731236,193.45694,1.398299,1.398299,False,False,False,False,safe-bo,
811,1,0.906934,1.401367,1.641845,0.412294,1.304142,0.684001,192.106303,1.133605,1.133605,False,False,False,False,safe-bo,
812,1,1.0,1.313331,1.692201,0.297036,1.521396,0.590075,184.677253,1.365769,1.365769,False,False,False,False,safe-bo,
813,1,0.944925,1.529785,2.192949,0.38167,1.334851,0.625414,182.998455,1.306956,1.306956,False,False,False,False,safe-bo,
814,1,1.0,1.577355,1.528009,0.234056,1.308604,0.627792,193.801421,1.367958,1.367958,False,False,False,False,safe-bo,
815,1,1.0,1.626361,1.614258,0.425585,1.566,0.57559,197.004025,1.368059,1.368059,False,False,False,False,safe-bo,
816,1,1.0,1.416507,1.984056,0.163381,1.472793,0.518653,194.297314,1.395124,1.395124,False,False,False,False,safe-bo,
817,1,0.98824,1.518576,1.702162,0.214678,1.508842,0.522112,194.222641,1.349644,1.349644,False,False,False,False,safe-bo,
818,1,1.0,1.550746,2.009871,0.33895,1.394088,0.570623,183.187259,1.41421,1.41421,False,False,False,False,safe-bo,
819,1,0.925546,1.710385,1.794793,0.362257,1.317501,0.539531,192.230348,1.262585,1.262585,False,False,False,False,safe-bo,
820,1,0.952299,1.494808,2.042393,0.352932,1.155163,0.571692,195.34266,1.281544,1.281544,False,False,False,False,safe-bo,
821,1,0.954534,1.575644,1.593093,0.228723,1.406286,0.572228,195.194434,1.352943,1.352943,False,False,False,False,safe-bo,
822,1,0.922814,1.633509,2.159669,0.28903,1.541535,0.576314,193.362686,1.366787,1.366787,False,False,False,False,safe-bo,
823,1,0.992554,1.589952,1.838073,0.376032,1.519864,0.522735,193.628961,1.383549,1.383549,False,False,False,False,safe-bo,
824,1,0.970658,1.711175,1.662789,0.258416,1.391345,0.600299,195.506072,1.360405,1.360405,False,False,False,False,safe-bo,
825,1,0.975601,1.334646,1.602075,0.340183,1.465039,0.737474,183.431185,1.326172,1.326172,False,False,False,False,safe-bo,
826,1,1.0,1.496907,2.118505,0.27298,1.429174,0.519884,183.206837,1.405423,1.405423,False,False,False,False,safe-bo,
827,1,1.0,1.665728,1.935911,0.36185,1.66235,0.656617,183.075408,1.401906,1.401906,False,False,False,False,safe-bo,
828,1,1.0,1.534113,1.628192,0.271813,1.186552,0.653444,194.581688,1.28229,1.28229,False,False,False,False,safe-bo,
829,1,1.0,1.614959,1.832431,0.407093,1.463783,0.522608,195.808786,1.418113,1.418113,False,False,False,False,safe-bo,
830,1,1.0,1.55386,1.631481,0.247787,1.393522,0.525105,182.585608,1.361012,1.361012,False,False,False,False,safe-bo,
831,1,0.909997,1.482456,1.95713,0.284257,1.299531,0.538467,193.789996,1.242318,1.242318,False,False,False,False,safe-bo,
832,1,0.978102,1.32592,1.342597,0.333355,1.425255,0.696657,184.627701,1.259566,1.259566,False,False,False,False,safe-bo,
833,1,0.970374,1.540175,1.665573,0.415514,1.261147,0.556443,193.526081,1.35003,1.35003,False,False,False,False,safe-bo,
834,1,0.933911,1.749782,1.674684,0.231393,1.305846,0.626207,192.016575,1.288865,1.288865,False,False,False,False,safe-bo,
835,1,0.90438,1.647465,1.968745,0.375366,1.620086,0.542215,183.094288,1.311119,1.311119,False,False,False,False,safe-bo,
836,1,0.981807,1.768021,2.135617,0.341764,1.506532,0.637701,194.767966,1.415431,1.415431,False,False,False,False,safe-bo,
837,1,0.962897,1.620501,1.785342,0.403296,1.421684,0.743653,196.89435,1.259141,1.259141,False,False,False,False,safe-bo,
838,1,0.901925,1.553987,1.907941,0.396769,1.257561,0.634087,194.301592,1.209885,1.209885,False,False,False,False,safe-bo,
839,1,0.895403,1.751222,2.151545,0.434038,1.197841,0.550722,186.047296,1.217212,1.217212,False,False,False,False,safe-bo,
840,1,0.979331,1.586481,1.598288,0.260213,1.304452,0.597384,196.937534,1.33037,1.33037,False,False,False,False,safe-bo,
841,1,0.951976,1.6797,1.971699,0.323781,1.32729,0.716011,183.841299,1.277503,1.277503,False,False,False,False,safe-bo,
842,1,1.0,1.67285,1.7928,0.21479,1.526601,0.717177,183.231112,1.379876,1.379876,False,False,False,False,safe-bo,
843,1,0.96658,1.632713,2.231321,0.300625,1.742486,0.644243,194.445182,1.326836,1.326836,False,False,False,False,safe-bo,
844,1,0.965198,1.635512,1.821794,0.166206,1.649739,0.687798,193.964076,1.297891,1.297891,False,False,False,False,safe-bo,
845,1,0.942805,1.483535,1.640868,0.387672,1.549263,0.503292,193.877064,1.294403,1.294403,False,False,False,False,safe-bo,
846,1,0.968956,1.806169,2.132402,0.29692,1.438219,0.61879,183.383042,1.373968,1.373968,False,False,False,False,safe-bo,
847,1,1.0,1.647728,1.838924,0.186063,1.68489,0.525944,195.120929,1.301615,1.301615,False,False,False,False,safe-bo,
848,1,0.899661,1.604697,1.73281,0.336496,1.588225,0.637809,184.455268,1.288762,1.288762,False,False,False,False,safe-bo,
849,1,1.0,1.605344,2.181072,0.180861,1.250401,0.624075,183.763157,1.340358,1.340358,False,False,False,False,safe-bo,
850,1,0.907076,1.607219,1.726077,0.313566,1.426938,0.675056,193.59072,1.316815,1.316815,False,False,False,False,safe-bo,
851,1,0.995892,1.431945,1.688359,0.295489,1.393076,0.450118,192.231886,1.313099,1.313099,False,False,False,False,safe-bo,
852,1,0.92828,1.40147,1.810776,0.394619,1.184048,0.63872,184.339694,1.193749,1.193749,False,False,False,False,safe-bo,
853,1,0.974544,1.500633,1.916396,0.35768,1.366556,0.67315,193.970944,1.406727,1.406727,False,False,False,False,safe-bo,
854,1,1.0,1.275067,1.915503,0.291513,1.523935,0.554541,198.089262,1.388639,1.388639,False,False,False,False,safe-bo,
855,1,1.0,1.455024,1.996848,0.315105,1.496263,0.620876,182.962228,1.419491,1.419491,False,False,False,False,safe-bo,
856,1,1.0,1.346165,1.744755,0.356006,1.095227,0.66849,183.664615,1.29777,1.29777,False,False,False,False,safe-bo,
857,1,1.0,1.654822,1.929217,0.496048,1.474541,0.584639,184.668346,1.384725,1.384725,False,False,False,False,safe-bo,
858,1,1.0,1.642177,1.710926,0.443581,1.213195,0.494585,196.724997,1.258849,1.258849,False,False,False,False,safe-bo,
859,1,1.0,1.728914,1.822847,0.315042,1.286487,0.658185,193.932699,1.394116,1.394116,False,False,False,False,safe-bo,
860,1,1.0,1.4383,1.694389,0.45421,1.524806,0.548395,195.244104,1.386068,1.386068,False,False,False,False,safe-bo,
861,1,1.0,1.278638,1.120423,0.401169,1.470811,0.651824,192.37602,1.33418,1.33418,False,False,False,False,safe-bo,
862,1,0.974628,1.419514,1.952154,0.247964,1.732704,0.540006,184.190399,1.363424,1.363424,False,False,False,False,safe-bo,
863,1,1.0,1.82259,2.062027,0.304748,1.349808,0.487577,192.049868,1.477283,1.477283,False,False,False,False,safe-bo,
864,1,1.0,1.125711,1.584076,0.296388,1.507594,0.588706,195.409759,1.363431,1.363431,False,False,False,False,safe-bo,
865,1,0.919244,1.583871,1.864158,0.18198,1.208517,0.611113,198.175569,1.243716,1.243716,False,False,False,False,safe-bo,
866,1,1.0,1.332455,1.497888,0.319086,1.602021,0.547531,194.847186,1.350924,1.350924,False,False,False,False,safe-bo,
867,1,0.986848,1.643547,1.603776,0.348002,1.509741,0.549971,184.704193,1.419844,1.419844,False,False,False,False,safe-bo,
868,1,0.972375,1.741906,2.487814,0.227591,1.533873,0.592903,184.253414,1.378899,1.378899,False,False,False,False,safe-bo,
869,1,0.950629,1.593312,2.168156,0.324328,1.382371,0.579849,183.114499,1.373983,1.373983,False,False,False,False,safe-bo,
870,1,0.982051,1.482984,1.549073,0.443827,1.589828,0.697375,195.71415,1.304915,1.304915,False,False,False,False,safe-bo,
871,1,0.938632,1.461603,1.496644,0.237812,1.585411,0.605135,182.602238,1.279046,1.279046,False,False,False,False,safe-bo,
872,1,1.0,1.38492,2.145842,0.421449,1.573708,0.535215,195.418962,1.344949,1.344949,False,False,False,False,safe-bo,
873,1,1.0,1.38674,1.416855,0.248497,1.575668,0.599394,195.609704,1.42886,1.42886,False,False,False,False,safe-bo,
874,1,0.991163,1.571363,1.870106,0.061267,1.532132,0.682654,195.567774,1.359583,1.359583,False,False,False,False,safe-bo,
875,1,1.0,1.520958,2.38048,0.377187,1.736899,0.513487,193.837215,1.335938,1.335938,False,False,False,False,safe-bo,
876,1,1.0,1.755021,1.93888,0.235843,1.309499,0.464771,195.215911,1.383952,1.383952,False,False,False,False,safe-bo,
877,1,1.0,1.357268,1.746663,0.336528,1.578278,0.576712,195.029217,1.445875,1.445875,False,False,False,False,safe-bo,
878,1,0.991293,1.512083,2.121046,0.257664,1.376287,0.466228,195.307943,1.392277,1.392277,False,False,False,False,safe-bo,
879,1,1.0,1.518352,1.787559,0.376032,1.691264,0.710725,183.138607,1.31229,1.31229,False,False,False,False,safe-bo,
880,1,0.938802,1.391389,1.4516,0.252222,1.345545,0.544757,184.12875,1.254041,1.254041,False,False,False,False,safe-bo,
881,1,0.894559,1.463152,1.891688,0.288816,1.686546,0.693531,198.366518,1.247166,1.247166,False,False,False,False,safe-bo,
882,1,0.975706,1.634804,2.17558,0.399525,1.279378,0.657295,186.512976,1.351124,1.351124,False,False,False,False,safe-bo,
883,1,0.921805,1.413981,1.228328,0.268023,1.375721,0.625594,183.675562,1.25071,1.25071,False,False,False,False,safe-bo,
884,1,1.0,1.545264,2.009286,0.404312,1.223833,0.460998,183.300439,1.281824,1.281824,False,False,False,False,safe-bo,
885,1,1.0,1.803153,1.907079,0.257261,1.557175,0.586533,195.56733,1.439811,1.439811,False,False,False,False,safe-bo,
886,1,1.0,1.661957,1.919001,0.447398,1.332517,0.694461,192.400673,1.433811,1.433811,False,False,False,False,safe-bo,
887,1,1.0,1.592023,1.580191,0.209561,1.524793,0.691487,183.734044,1.397831,1.397831,False,False,False,False,safe-bo,
888,1,1.0,1.594314,1.687474,0.276124,1.376913,0.490493,194.90092,1.40498,1.40498,False,False,False,False,safe-bo,
889,1,0.903529,1.614916,1.568744,0.370287,1.585645,0.4778,196.780108,1.226976,1.226976,False,False,False,False,safe-bo,
890,1,0.894097,1.414185,1.733532,0.287287,1.407796,0.565294,183.288131,1.290006,1.290006,False,False,False,False,safe-bo,
891,1,0.973857,1.570309,1.717134,0.366945,1.341035,0.689846,196.687997,1.398584,1.398584,False,False,False,False,safe-bo,
892,1,1.0,1.632533,1.388299,0.335435,1.338942,0.801816,196.940945,1.254423,1.254423,False,False,False,False,safe-bo,
893,1,0.909252,1.451424,1.483161,0.248074,1.397662,0.565481,182.377612,1.291147,1.291147,False,False,False,False,safe-bo,
894,1,0.954926,1.515884,1.490206,0.335636,1.470044,0.570474,196.067289,1.305111,1.305111,False,False,False,False,safe-bo,
895,1,0.91811,1.607139,2.206271,0.328402,1.155481,0.534406,195.979191,1.233959,1.233959,False,False,False,False,safe-bo,
896,1,1.0,1.362898,1.762515,0.436311,1.248804,0.679397,196.00185,1.369841,1.369841,False,False,False,False,safe-bo,
897,1,1.0,1.412087,2.129898,0.2481,1.389291,0.708526,198.243467,1.37167,1.37167,False,False,False,False,safe-bo,
898,1,0.928018,1.563119,2.209971,0.417757,1.019902,0.568148,192.011855,1.176846,1.176846,False,False,False,False,safe-bo,
899,1,0.84948,1.653671,1.381357,0.368601,1.514094,0.516754,183.621486,1.127665,1.127665,False,False,False,False,safe-bo,
900,1,0.971163,1.551121,1.421922,0.265328,1.390691,0.65983,195.796749,1.301737,1.301737,False,False,False,False,safe-bo,
901,1,0.986226,1.46733,1.203616,0.364088,1.770041,0.636852,183.665908,1.252318,1.252318,False,False,False,False,safe-bo,
902,1,1.0,1.48374,1.630184,0.234444,1.393245,0.586522,194.041121,1.461855,1.461855,False,False,False,False,safe-bo,
903,1,1.0,1.705414,1.935553,0.131471,1.300173,0.670635,192.758049,1.371142,1.371142,False,False,False,False,safe-bo,
904,1,1.0,1.581839,1.411643,0.273069,1.355551,0.596789,183.775294,1.39164,1.39164,False,False,False,False,safe-bo,
905,1,1.0,1.639403,1.630107,0.36829,1.242906,0.757651,183.45482,1.268803,1.268803,False,False,False,False,safe-bo,
906,1,0.977358,1.612044,1.30072,0.335917,1.494455,0.640176,183.529404,1.323984,1.323984,False,False,False,False,safe-bo,
907,1,1.0,1.576446,2.088464,0.234397,1.611379,0.748181,186.441012,1.327111,1.327111,False,False,False,False,safe-bo,
908,1,0.95979,1.378744,1.5777,0.329088,1.096503,0.728459,197.230885,1.17212,1.17212,False,False,False,False,safe-bo,
909,1,0.963703,1.669752,2.115156,0.302579,1.568903,0.575604,192.310149,1.406766,1.406766,False,False,False,False,safe-bo,
910,1,1.0,1.411905,1.566269,0.202877,1.862534,0.57497,184.524647,1.288773,1.288773,False,False,False,False,safe-bo,
911,1,1.0,1.557663,1.763194,0.305334,1.452832,0.788343,198.060892,1.377754,1.377754,False,False,False,False,safe-bo,
912,1,1.0,1.514506,1.632317,0.440892,1.576408,0.618781,193.822975,1.384811,1.384811,False,False,False,False,safe-bo,
913,1,1.0,1.589545,1.870742,0.31835,1.648474,0.633188,187.091909,1.409394,1.409394,False,False,False,False,safe-bo,
914,1,1.0,1.399992,1.699854,0.329633,1.343887,0.550534,195.641115,1.437176,1.437176,False,False,False,False,safe-bo,
915,1,1.0,1.500263,1.732649,0.247504,1.483548,0.623296,195.507038,1.4062,1.4062,False,False,False,False,safe-bo,
916,1,0.954649,1.58467,2.182346,0.360117,1.681125,0.577698,193.979371,1.293934,1.293934,False,False,False,False,safe-bo,
917,1,1.0,1.746238,1.554663,0.201863,1.417984,0.599675,183.64205,1.428915,1.428915,False,False,False,False,safe-bo,
918,1,1.0,1.519365,1.773977,0.234978,1.373729,0.63962,192.795706,1.422727,1.422727,False,False,False,False,safe-bo,
919,1,0.934136,1.639186,1.158171,0.284219,1.545773,0.555507,192.036111,1.165363,1.165363,False,False,False,False,safe-bo,
920,1,0.98458,1.591625,1.750383,0.279451,1.51993,0.503488,187.171403,1.382401,1.382401,False,False,False,False,safe-bo,
921,1,1.0,1.603707,1.945368,0.3138,1.297336,0.653733,183.098459,1.384144,1.384144,False,False,False,False,safe-bo,
922,1,0.944666,1.535601,1.924552,0.410992,1.454226,0.486835,184.056726,1.3629,1.3629,False,False,False,False,safe-bo,
923,1,0.959363,1.642328,1.44785,0.314414,1.700639,0.523939,195.837957,1.265742,1.265742,False,False,False,False,safe-bo,
924,1,1.0,1.617509,1.658056,0.139158,1.505245,0.583869,182.54757,1.372758,1.372758,False,False,False,False,safe-bo,
925,1,0.964886,1.727052,1.858348,0.22969,1.090415,0.56599,185.069775,1.218494,1.218494,False,False,False,False,safe-bo,
926,1,1.0,1.498575,1.983357,0.266621,1.379444,0.682804,192.28359,1.376922,1.376922,False,False,False,False,safe-bo,
927,1,0.9905,1.339905,2.021819,0.351306,1.482111,0.619195,183.088136,1.401017,1.401017,False,False,False,False,safe-bo,
928,1,1.0,1.554756,2.076319,0.334868,1.637635,0.487027,193.679414,1.344631,1.344631,False,False,False,False,safe-bo,
929,1,0.999559,1.435783,1.760814,0.234512,1.498263,0.656383,196.137545,1.387752,1.387752,False,False,False,False,safe-bo,
930,1,1.0,1.474391,1.465693,0.283258,1.411067,0.57514,183.655201,1.334854,1.334854,False,False,False,False,safe-bo,
931,1,1.0,1.535052,2.262838,0.384923,1.456635,0.591718,191.798431,1.374846,1.374846,False,False,False,False,safe-bo,
932,1,1.0,1.456541,2.205033,0.188082,1.339683,0.689893,192.805914,1.329479,1.329479,False,False,False,False,safe-bo,
933,1,1.0,1.535847,1.805332,0.22657,1.333642,0.603879,197.228917,1.391614,1.391614,False,False,False,False,safe-bo,
934,1,1.0,1.613406,1.730183,0.245535,1.33663,0.639596,195.569958,1.379418,1.379418,False,False,False,False,safe-bo,
935,1,0.976356,1.624944,2.275672,0.388902,1.59133,0.624705,192.047381,1.340706,1.340706,False,False,False,False,safe-bo,
936,1,1.0,1.589475,1.895448,0.28824,1.184259,0.561633,198.521627,1.368716,1.368716,False,False,False,False,safe-bo,
937,1,0.976044,1.786679,2.098295,0.393519,1.531921,0.519862,192.999678,1.37597,1.37597,False,False,False,False,safe-bo,
938,1,0.968049,1.579269,1.668924,0.472915,1.455517,0.688186,196.123964,1.310885,1.310885,False,False,False,False,safe-bo,
939,1,1.0,1.507544,1.93949,0.33785,1.495934,0.648475,183.179174,1.417167,1.417167,False,False,False,False,safe-bo,
940,1,1.0,1.520399,1.689872,0.358392,1.447273,0.663188,197.595326,1.457401,1.457401,False,False,False,False,safe-bo,
941,1,1.0,1.556733,2.027293,0.38271,1.629241,0.580177,194.326033,1.426261,1.426261,False,False,False,False,safe-bo,
942,1,0.964907,1.572014,1.701106,0.417929,1.490753,0.520458,183.722898,1.356696,1.356696,False,False,False,False,safe-bo,
943,1,1.0,1.692301,1.579948,0.191498,1.143402,0.711872,197.516424,1.187702,1.187702,False,False,False,False,safe-bo,
944,1,0.923316,1.482702,1.759741,0.360189,1.206494,0.571154,197.659485,1.23183,1.23183,False,False,False,False,safe-bo,
945,1,1.0,1.503576,1.901634,0.334274,1.11029,0.579429,186.636079,1.246071,1.246071,False,False,False,False,safe-bo,
946,1,0.989674,1.833355,1.803584,0.381767,1.339297,0.551789,193.228566,1.372096,1.372096,False,False,False,False,safe-bo,
947,1,0.918656,1.810076,1.740187,0.393709,1.400874,0.608404,192.77134,1.308144,1.308144,False,False,False,False,safe-bo,
948,1,0.979074,1.774779,1.769313,0.207736,1.351585,0.625886,194.473475,1.353466,1.353466,False,False,False,False,safe-bo,
949,1,1.0,1.553132,1.879071,0.266285,1.392118,0.7228,182.355799,1.399427,1.399427,False,False,False,False,safe-bo,
950,1,0.963347,1.597362,1.578663,0.330062,1.330308,0.555929,183.564427,1.298044,1.298044,False,False,False,False,safe-bo,
951,1,1.0,1.617807,1.926505,0.223602,1.35763,0.635293,192.280851,1.430597,1.430597,False,False,False,False,safe-bo,
952,1,1.0,1.570788,1.822244,0.348585,1.275811,0.563168,194.485875,1.341384,1.341384,False,False,False,False,safe-bo,
953,1,1.0,1.759603,1.922983,0.369312,1.555199,0.626048,194.069564,1.423428,1.423428,False,False,False,False,safe-bo,
954,1,0.952162,1.328569,2.135209,0.282176,1.62283,0.629054,186.644641,1.366248,1.366248,False,False,False,False,safe-bo,
955,1,1.0,1.55535,1.812618,0.315778,1.648285,0.485116,187.295258,1.394708,1.394708,False,False,False,False,safe-bo,
956,1,1.0,1.490436,1.756754,0.320911,1.414225,0.728394,182.881469,1.373143,1.373143,False,False,False,False,safe-bo,
957,1,0.89775,1.569344,1.677004,0.334826,1.597757,0.639731,191.835075,1.323833,1.323833,False,False,False,False,safe-bo,
958,1,0.986096,1.800769,1.716515,0.320025,1.550384,0.654429,187.350636,1.383671,1.383671,False,False,False,False,safe-bo,
959,1,1.0,1.338398,1.905696,0.282048,1.685549,0.729524,194.099734,1.35096,1.35096,False,False,False,False,safe-bo,
960,1,1.0,1.499105,2.235439,0.409105,1.189784,0.465682,192.962758,1.209044,1.209044,False,False,False,False,safe-bo,
961,1,1.0,1.472581,1.596063,0.432832,1.376203,0.64497,198.084899,1.430814,1.430814,False,False,False,False,safe-bo,
962,1,1.0,1.585673,1.506969,0.342363,1.83328,0.565141,192.247816,1.29396,1.29396,False,False,False,False,safe-bo,
963,1,1.0,1.72596,2.114012,0.427391,1.360426,0.548858,186.580721,1.36063,1.36063,False,False,False,False,safe-bo,
964,1,0.900659,1.586649,1.857894,0.384591,1.579878,0.630796,187.204626,1.319268,1.319268,False,False,False,False,safe-bo,
965,1,1.0,1.675804,1.701194,0.321576,1.5098,0.556241,194.384593,1.458134,1.458134,False,False,False,False,safe-bo,
966,1,1.0,1.348754,2.01778,0.39521,1.428807,0.597542,183.544719,1.428584,1.428584,False,False,False,False,safe-bo,
967,1,1.0,1.584081,1.958853,0.209601,1.464698,0.531772,182.899429,1.373065,1.373065,False,False,False,False,safe-bo,
968,1,0.981505,1.337197,2.191802,0.341792,1.088907,0.651739,193.095095,1.277294,1.277294,False,False,False,False,safe-bo,
969,1,0.907618,1.542798,1.668691,0.296539,1.235879,0.538414,196.203443,1.211702,1.211702,False,False,False,False,safe-bo,
970,1,1.0,1.605518,1.500482,0.224691,1.315168,0.633344,196.073445,1.327773,1.327773,False,False,False,False,safe-bo,
971,1,0.894647,1.747269,1.980418,0.233701,1.435204,0.604007,185.02182,1.312014,1.312014,False,False,False,False,safe-bo,
972,1,0.982979,1.447562,1.94248,0.165077,1.735793,0.564332,191.982709,1.282944,1.282944,False,False,False,False,safe-bo,
973,1,0.908515,1.525017,2.084666,0.290731,1.700851,0.576574,191.364116,1.292794,1.292794,False,False,False,False,safe-bo,
974,1,1.0,1.510726,2.070949,0.267649,1.473063,0.681392,186.40334,1.432655,1.432655,False,False,False,False,safe-bo,
975,1,1.0,1.784043,2.041356,0.269375,1.413087,0.595332,193.122979,1.495665,1.495665,False,False,False,False,safe-bo,
976,1,1.0,1.525136,1.835398,0.270194,1.694898,0.693164,192.385828,1.389396,1.389396,False,False,False,False,safe-bo,
977,1,0.988401,1.57258,1.93433,0.354409,1.423272,0.701123,183.682463,1.323969,1.323969,False,False,False,False,safe-bo,
978,1,0.990007,1.499466,2.034044,0.254444,1.407209,0.511018,186.434229,1.368877,1.368877,False,False,False,False,safe-bo,
979,1,0.998762,1.486011,1.911165,0.350607,1.687437,0.628003,192.912276,1.405715,1.405715,False,False,False,False,safe-bo,
980,1,0.944273,1.464481,1.730617,0.214537,0.979179,0.640467,193.076189,1.147406,1.147406,False,False,False,False,safe-bo,
981,1,1.0,1.729806,1.87699,0.201332,1.469936,0.542079,186.709164,1.445894,1.445894,False,False,False,False,safe-bo,
982,1,0.975654,1.50159,1.504262,0.263858,1.190147,0.606121,197.605475,1.230869,1.230869,False,False,False,False,safe-bo,
983,1,0.925643,1.428784,1.857022,0.400611,1.124857,0.520501,194.01441,1.188993,1.188993,False,False,False,False,safe-bo,
984,1,1.0,1.777331,2.164443,0.24148,1.551449,0.621045,191.816331,1.458648,1.458648,False,False,False,False,safe-bo,
985,1,1.0,1.491163,1.870882,0.082817,1.531776,0.535978,193.710032,1.420264,1.420264,False,False,False,False,safe-bo,
986,1,1.0,1.33952,2.039098,0.362706,1.334713,0.508639,193.727986,1.44654,1.44654,False,False,False,False,safe-bo,
987,1,1.0,1.706839,2.071095,0.143685,1.746163,0.654885,187.158788,1.341585,1.341585,False,False,False,False,safe-bo,
988,1,1.0,1.669286,1.506896,0.262303,1.370881,0.74987,193.043755,1.357163,1.357163,False,False,False,False,safe-bo,
989,1,0.98767,1.606826,1.931643,0.237684,1.05974,0.585444,195.689145,1.31489,1.31489,False,False,False,False,safe-bo,
990,1,1.0,1.489012,1.7966,0.322123,1.318235,0.605164,192.493407,1.441909,1.441909,False,False,False,False,safe-bo,
991,1,0.972008,1.366252,1.408299,0.405873,1.296474,0.474381,193.171149,1.280711,1.280711,False,False,False,False,safe-bo,
992,1,1.0,1.622329,1.830887,0.391851,1.690142,0.606873,194.002617,1.42183,1.42183,False,False,False,False,safe-bo,
993,1,1.0,1.627559,1.689417,0.286237,1.329552,0.476591,195.982991,1.335876,1.335876,False,False,False,False,safe-bo,
994,1,0.948834,1.52998,1.679973,0.246697,0.978653,0.680113,195.739669,1.088283,1.088283,False,False,False,False,safe-bo,
995,1,1.0,1.502866,2.040381,0.360388,1.398081,0.559347,193.032312,1.453418,1.453418,False,False,False,False,safe-bo,
996,1,0.960512,1.206044,1.846316,0.268168,1.381933,0.541162,182.534608,1.34686,1.34686,False,False,False,False,safe-bo,
997,1,1.0,1.449023,2.030498,0.275914,1.329964,0.73015,193.716518,1.368628,1.368628,False,False,False,False,safe-bo,
998,1,1.0,1.373227,1.452254,0.286708,1.319694,0.661104,194.286749,1.33688,1.33688,False,False,False,False,safe-bo,
999,1,1.0,1.475538,1.714944,0.263084,1.348337,0.620794,193.69681,1.394165,1.394165,False,False,False,False,safe-bo,
1000,1,0.979906,1.258329,1.591069,0.258871,1.681707,0.544389,187.018341,1.353262,1.353262,False,False,False,False,safe-bo,
1001,1,0.989167,1.702785,1.746363,0.332441,1.562922,0.543058,193.438273,1.371272,1.371272,False,False,False,False,safe-bo,
1002,1,1.0,1.699583,1.823008,0.263722,1.358433,0.532247,193.789146,1.407319,1.407319,False,False,False,False,safe-bo,
1003,1,0.872422,1.524718,1.824176,0.318246,1.585028,0.566685,183.487397,1.250633,1.250633,False,False,False,False,safe-bo,
1004,1,1.0,1.614654,2.073596,0.333754,1.547452,0.504747,183.764103,1.407841,1.407841,False,False,False,False,safe-bo,
1005,1,0.98868,1.641119,1.579795,0.273863,1.844026,0.651642,191.653789,1.269859,1.269859,False,False,False,False,safe-bo,
1006,1,1.0,1.397237,2.06193,0.281594,1.697772,0.625085,182.44868,1.427473,1.427473,False,False,False,False,safe-bo,
1007,1,0.97041,1.787455,1.963502,0.47616,1.441139,0.490599,191.561461,1.385584,1.385584,False,False,False,False,safe-bo,
1008,1,1.0,1.719055,1.769632,0.274608,1.515029,0.67178,184.854432,1.397512,1.397512,False,False,False,False,safe-bo,
1009,1,1.0,1.601137,1.533671,0.274019,1.162061,0.693899,194.699445,1.325778,1.325778,False,False,False,False,safe-bo,
1010,1,1.0,1.3472,2.005192,0.346982,1.704227,0.648057,182.871628,1.422244,1.422244,False,False,False,False,safe-bo,
1011,1,1.0,1.782967,2.104093,0.324839,1.436527,0.457808,194.872629,1.300086,1.300086,False,False,False,False,safe-bo,
1012,1,1.0,1.593665,2.147878,0.324372,1.439666,0.675939,193.293955,1.395258,1.395258,False,False,False,False,safe-bo,
1013,1,0.933079,1.700957,2.217377,0.445877,1.380748,0.643868,195.017863,1.280708,1.280708,False,False,False,False,safe-bo,
1014,1,1.0,1.688168,1.584161,0.335292,1.306923,0.565462,193.459069,1.400123,1.400123,False,False,False,False,safe-bo,
1015,1,1.0,1.395421,1.866243,0.142245,1.348549,0.532193,183.928969,1.382451,1.382451,False,False,False,False,safe-bo,
1016,1,0.973768,1.681086,1.889013,0.327282,1.460942,0.518734,184.261548,1.39414,1.39414,False,False,False,False,safe-bo,
1017,1,0.966976,1.68641,2.297298,0.329632,1.323287,0.582134,183.780697,1.36962,1.36962,False,False,False,False,safe-bo,
1018,1,1.0,1.871852,2.002232,0.273335,1.42241,0.668956,195.105339,1.396178,1.396178,False,False,False,False,safe-bo,
1019,1,0.992339,1.509072,1.752665,0.274326,1.389392,0.670155,193.161296,1.373252,1.373252,False,False,False,False,safe-bo,
1020,1,1.0,1.461081,2.239093,0.247938,1.126057,0.641199,193.635682,1.273127,1.273127,False,False,False,False,safe-bo,
1021,1,1.0,1.51967,1.699387,0.359061,1.59603,0.514255,183.852599,1.387107,1.387107,False,False,False,False,safe-bo,
1022,1,0.990457,1.56272,1.710639,0.374608,1.516403,0.485345,194.638315,1.367923,1.367923,False,False,False,False,safe-bo,
1023,1,1.0,1.547809,1.823383,0.317655,1.408764,0.565234,186.85237,1.429372,1.429372,False,False,False,False,safe-bo,
1024,1,1.0,1.492132,1.953287,0.176643,1.299432,0.573801,182.255299,1.364624,1.364624,False,False,False,False,safe-bo,
1025,1,1.0,1.680211,1.903147,0.313191,1.494414,0.535779,193.535629,1.455735,1.455735,False,False,False,False,safe-bo,
1026,1,0.932879,1.509494,1.722464,0.296267,1.592646,0.651883,192.562243,1.34629,1.34629,False,False,False,False,safe-bo,
1027,1,0.978919,1.720123,1.766735,0.322881,1.367179,0.639585,195.539781,1.430008,1.430008,False,False,False,False,safe-bo,
1028,1,0.980293,1.587652,1.715091,0.418633,1.462683,0.578122,192.566023,1.402987,1.402987,False,False,False,False,safe-bo,
1029,1,0.960216,1.719378,2.147576,0.349627,1.334675,0.54983,184.554299,1.353002,1.353002,False,False,False,False,safe-bo,
1030,1,1.0,1.34509,1.853636,0.242312,1.214669,0.560292,184.703426,1.380323,1.380323,False,False,False,False,safe-bo,
1031,1,0.965684,1.489162,2.031669,0.25743,1.38755,0.67395,191.088216,1.382627,1.382627,False,False,False,False,safe-bo,
1032,1,0.940405,1.609513,1.685947,0.360513,1.415264,0.523108,193.143903,1.295338,1.295338,False,False,False,False,safe-bo,
1033,1,0.936978,1.745475,1.853756,0.266999,1.435678,0.709805,194.747131,1.350404,1.350404,False,False,False,False,safe-bo,
1034,1,1.0,1.214359,1.754776,0.453421,1.607994,0.543351,187.35251,1.436469,1.436469,False,False,False,False,safe-bo,
1035,1,0.997587,1.621326,2.195832,0.260156,1.174518,0.596542,184.389199,1.399659,1.399659,False,False,False,False,safe-bo,
1036,1,1.0,1.567567,1.838929,0.297607,1.583737,0.709072,184.721077,1.3972,1.3972,False,False,False,False,safe-bo,
1037,1,1.0,1.434749,1.833465,0.323243,1.536672,0.685578,186.906818,1.422893,1.422893,False,False,False,False,safe-bo,
1038,1,1.0,1.539243,1.864026,0.488228,1.351046,0.695284,194.378427,1.368233,1.368233,False,False,False,False,safe-bo,
1039,1,1.0,1.894165,1.821846,0.359607,1.374949,0.641179,191.621957,1.41383,1.41383,False,False,False,False,safe-bo,
1040,1,0.921631,1.815944,1.637734,0.332254,1.472367,0.63849,197.471741,1.32278,1.32278,False,False,False,False,safe-bo,
1041,1,1.0,1.674721,1.774937,0.310752,1.663051,0.640264,197.220119,1.403795,1.403795,False,False,False,False,safe-bo,
1042,1,0.956772,1.630639,1.560783,0.198811,1.425088,0.561806,194.788997,1.323505,1.323505,False,False,False,False,safe-bo,
1043,1,0.913499,1.513142,1.897632,0.28149,1.181818,0.547528,191.626071,1.283401,1.283401,False,False,False,False,safe-bo,
1044,1,1.0,1.57002,1.796565,0.142749,1.314855,0.527549,194.386502,1.369143,1.369143,False,False,False,False,safe-bo,
1045,1,0.955504,1.476766,1.765307,0.331757,1.305668,0.532682,191.226258,1.326531,1.326531,False,False,False,False,safe-bo,
1046,1,1.0,1.645431,1.788484,0.321354,1.540195,0.645657,191.507011,1.45248,1.45248,False,False,False,False,safe-bo,
1047,1,1.0,1.848976,1.851608,0.1919,1.486361,0.604435,191.872247,1.428822,1.428822,False,False,False,False,safe-bo,
1048,1,0.874165,1.394581,1.342812,0.226488,1.511474,0.559204,192.535342,1.196334,1.196334,False,False,False,False,safe-bo,
1049,1,0.97551,1.563861,2.121605,0.29075,1.425048,0.65838,184.483144,1.386266,1.386266,False,False,False,False,safe-bo,
1050,1,0.974429,1.470208,2.134357,0.379768,1.391289,0.571009,183.88831,1.344431,1.344431,False,False,False,False,safe-bo,
1051,1,1.0,1.604114,1.685394,0.206538,1.633058,0.532057,191.934411,1.386043,1.386043,False,False,False,False,safe-bo,
1052,1,0.947385,1.478957,1.623358,0.266259,1.210528,0.608059,194.365643,1.242224,1.242224,False,False,False,False,safe-bo,
1053,1,1.0,1.529188,1.711657,0.359349,1.265471,0.631478,182.339867,1.379184,1.379184,False,False,False,False,safe-bo,
1054,1,0.953103,1.452667,1.513095,0.427645,1.402701,0.689415,195.032076,1.255477,1.255477,False,False,False,False,safe-bo,
1055,1,0.950659,1.554376,2.001797,0.316638,1.610939,0.58485,183.78967,1.385618,1.385618,False,False,False,False,safe-bo,
1056,1,1.0,1.492078,1.675292,0.400785,1.310325,0.694358,193.444808,1.38045,1.38045,False,False,False,False,safe-bo,
1057,1,1.0,1.289215,1.381189,0.259442,1.731328,0.522082,195.049331,1.324982,1.324982,False,False,False,False,safe-bo,
1058,1,1.0,1.250599,1.657205,0.427093,1.42414,0.699769,194.82313,1.368773,1.368773,False,False,False,False,safe-bo,
1059,1,1.0,1.799177,1.63545,0.287028,1.461451,0.599763,184.552412,1.428501,1.428501,False,False,False,False,safe-bo,
1060,1,1.0,1.681896,2.12086,0.43023,1.667897,0.636335,194.932361,1.334305,1.334305,False,False,False,False,safe-bo,
1061,1,1.0,1.342574,1.818218,0.274736,1.487907,0.507971,183.678526,1.376624,1.376624,False,False,False,False,safe-bo,
1062,1,0.978584,1.541554,1.725039,0.284894,1.342094,0.553019,192.723525,1.366795,1.366795,False,False,False,False,safe-bo,
1063,1,1.0,1.539692,1.784035,0.384431,1.390858,0.658006,193.219256,1.416624,1.416624,False,False,False,False,safe-bo,
1064,1,1.0,1.462483,1.653562,0.246338,1.453297,0.644938,184.885165,1.406493,1.406493,False,False,False,False,safe-bo,
1065,1,0.993879,1.669529,1.745095,0.2735,1.573922,0.594729,192.885675,1.386388,1.386388,False,False,False,False,safe-bo,
1066,1,1.0,1.527479,1.36994,0.341858,1.612795,0.612472,194.905764,1.366784,1.366784,False,False,False,False,safe-bo,
1067,1,1.0,1.487348,1.931671,0.133175,1.388739,0.485826,195.316386,1.350211,1.350211,False,False,False,False,safe-bo,
1068,1,1.0,1.60298,1.494876,0.318051,1.434265,0.630285,197.746813,1.361664,1.361664,False,False,False,False,safe-bo,
1069,1,0.928213,1.420266,1.518438,0.276676,1.21615,0.596964,187.264998,1.248471,1.248471,False,False,False,False,safe-bo,
1070,1,1.0,1.671515,1.866753,0.295851,1.535691,0.561373,195.40349,1.428097,1.428097,False,False,False,False,safe-bo,
1071,1,0.973762,1.575779,1.503327,0.235537,1.626361,0.599347,197.60895,1.383254,1.383254,False,False,False,False,safe-bo,
1072,1,0.975992,1.578667,1.916056,0.332052,1.362998,0.577595,191.591867,1.407519,1.407519,False,False,False,False,safe-bo,
1073,1,1.0,1.438748,2.122424,0.265802,1.501701,0.529375,187.107069,1.444458,1.444458,False,False,False,False,safe-bo,
1074,1,1.0,1.449812,1.611246,0.395053,1.387389,0.68143,192.595478,1.386427,1.386427,False,False,False,False,safe-bo,
1075,1,1.0,1.62005,1.774974,0.508958,1.217141,0.52059,193.97806,1.277635,1.277635,False,False,False,False,safe-bo,
1076,1,1.0,1.289872,2.001769,0.264122,1.41013,0.577269,193.748747,1.404292,1.404292,False,False,False,False,safe-bo,
1077,1,0.937148,1.840964,1.893279,0.431121,1.261139,0.597993,184.287633,1.240563,1.240563,False,False,False,False,safe-bo,
1078,1,0.951819,1.58598,1.76556,0.224761,1.284155,0.602461,194.032877,1.406631,1.406631,False,False,False,False,safe-bo,
1079,1,1.0,1.789592,1.8951,0.196752,1.197103,0.681825,195.202039,1.301771,1.301771,False,False,False,False,safe-bo,
1080,1,1.0,1.712895,1.769935,0.274114,1.369084,0.519659,197.509261,1.394631,1.394631,False,False,False,False,safe-bo,
1081,1,1.0,1.498547,1.588701,0.283992,1.35637,0.592572,192.537883,1.384299,1.384299,False,False,False,False,safe-bo,
1082,1,1.0,1.587668,2.227739,0.214718,1.752263,0.57857,191.37149,1.361265,1.361265,False,False,False,False,safe-bo,
1083,1,1.0,1.554546,2.116124,0.268181,1.298947,0.501469,183.47823,1.357744,1.357744,False,False,False,False,safe-bo,
1084,1,0.973192,1.289485,1.873618,0.157104,1.434141,0.729925,183.576304,1.271004,1.271004,False,False,False,False,safe-bo,
1085,1,1.0,1.539725,1.729265,0.372202,1.451466,0.587071,193.634472,1.391243,1.391243,False,False,False,False,safe-bo,
1086,1,1.0,1.436146,1.706266,0.40951,1.11676,0.692953,184.591697,1.228855,1.228855,False,False,False,False,safe-bo,
1087,1,0.971013,1.468877,1.737548,0.278247,1.529067,0.735224,193.428648,1.333992,1.333992,False,False,False,False,safe-bo,
1088,1,0.930068,1.5512,1.72175,0.159426,1.51678,0.718291,195.051681,1.251734,1.251734,False,False,False,False,safe-bo,
1089,1,0.981786,1.58335,1.615803,0.315545,1.70941,0.720411,192.177587,1.294988,1.294988,False,False,False,False,safe-bo,
1090,1,0.94804,1.478354,2.221493,0.415505,1.502599,0.519646,186.641118,1.332493,1.332493,False,False,False,False,safe-bo,
1091,1,1.0,1.255149,1.668324,0.258263,1.583801,0.62927,194.245376,1.395676,1.395676,False,False,False,False,safe-bo,
1092,1,0.913733,1.552041,1.748772,0.396483,1.356038,0.666623,183.312768,1.296908,1.296908,False,False,False,False,safe-bo,
1093,1,1.0,1.655584,1.701987,0.557587,1.471791,0.419696,186.896112,1.254348,1.254348,False,False,False,False,safe-bo,
1094,1,0.96622,1.575314,1.926698,0.293753,1.991841,0.670264,187.316354,1.198045,1.198045,False,False,False,False,safe-bo,
1095,1,1.0,1.51696,1.670067,0.227523,1.407114,0.618549,184.33298,1.36754,1.36754,False,False,False,False,safe-bo,
1096,1,1.0,1.459046,1.890174,0.262779,1.470664,0.659351,194.827318,1.447848,1.447848,False,False,False,False,safe-bo,
1097,1,0.955582,1.566429,2.239618,0.433371,1.651519,0.516003,195.377141,1.30068,1.30068,False,False,False,False,safe-bo,
1098,1,0.994079,1.470041,1.650804,0.186179,1.673675,0.410152,186.756407,1.288493,1.288493,False,False,False,False,safe-bo,
1099,1,0.984649,1.732154,2.045278,0.274207,1.525163,0.513488,184.013409,1.405303,1.405303,False,False,False,False,safe-bo,
1100,1,0.939746,1.50357,1.598026,0.234495,1.471101,0.569629,194.830123,1.316838,1.316838,False,False,False,False,safe-bo,
1101,1,1.0,1.673683,1.827501,0.30469,1.393231,0.577349,194.1911,1.432537,1.432537,False,False,False,False,safe-bo,
1102,1,1.0,1.530678,1.88872,0.382346,1.531563,0.611627,184.890065,1.417572,1.417572,False,False,False,False,safe-bo,
1103,1,0.899915,1.662489,1.831317,0.315205,1.323377,0.636017,191.21491,1.305719,1.305719,False,False,False,False,safe-bo,
1104,1,0.937124,1.386528,1.803078,0.247569,1.258107,0.404272,186.819508,1.227065,1.227065,False,False,False,False,safe-bo,
1105,1,0.986901,1.685644,1.597529,0.326558,1.505263,0.567812,195.22721,1.407273,1.407273,False,False,False,False,safe-bo,
1106,1,1.0,1.55808,1.812388,0.456035,1.388153,0.549072,184.824096,1.353403,1.353403,False,False,False,False,safe-bo,
1107,1,1.0,1.724304,1.892618,0.230263,1.543167,0.553942,191.904185,1.39349,1.39349,False,False,False,False,safe-bo,
1108,1,0.95996,1.576585,1.836773,0.314025,1.482325,0.682126,184.78959,1.339347,1.339347,False,False,False,False,safe-bo,
1109,1,1.0,1.534946,1.779522,0.350171,1.437642,0.693223,190.8131,1.394885,1.394885,False,False,False,False,safe-bo,
1110,1,1.0,1.285725,1.994995,0.392184,1.222166,0.543563,193.605533,1.372393,1.372393,False,False,False,False,safe-bo,
1111,1,0.886063,1.504173,1.541949,0.378418,1.369585,0.497949,194.109257,1.175384,1.175384,False,False,False,False,safe-bo,
1112,1,0.964822,1.863057,2.05484,0.354975,1.468043,0.571105,183.886357,1.417819,1.417819,False,False,False,False,safe-bo,
1113,1,0.95687,1.620381,1.553795,0.185981,1.377292,0.661204,196.98681,1.312901,1.312901,False,False,False,False,safe-bo,
1114,1,0.931147,1.555589,1.918442,0.343257,1.618952,0.511701,191.33536,1.246976,1.246976,False,False,False,False,safe-bo,
1115,1,0.96212,1.477793,2.001534,0.407355,1.040579,0.768419,183.886614,1.128635,1.128635,False,False,False,False,safe-bo,
1116,1,0.96971,1.241556,1.475989,0.458476,1.354221,0.57484,186.977162,1.228795,1.228795,False,False,False,False,safe-bo,
1117,1,0.942963,1.431858,1.821843,0.41527,1.010199,0.583049,187.097581,1.136248,1.136248,False,False,False,False,safe-bo,
1118,1,1.0,1.447361,1.675229,0.303282,1.70759,0.583592,195.488679,1.371158,1.371158,False,False,False,False,safe-bo,
1119,1,0.965747,1.656041,1.586503,0.202629,1.461833,0.526682,186.93847,1.318742,1.318742,False,False,False,False,safe-bo,
1120,1,1.0,1.456777,1.775108,0.193423,1.399294,0.562443,187.07387,1.396601,1.396601,False,False,False,False,safe-bo,
1121,1,0.89287,1.530294,1.54173,0.445709,1.498713,0.577603,192.449723,1.221169,1.221169,False,False,False,False,safe-bo,
1122,1,0.975286,1.508088,1.879418,0.356622,1.59241,0.690927,191.575009,1.352145,1.352145,False,False,False,False,safe-bo,
1123,1,1.0,1.315995,1.922653,0.34129,1.261774,0.765639,193.809673,1.361925,1.361925,False,False,False,False,safe-bo,
1124,1,1.0,1.690306,1.561307,0.355415,1.395751,0.627811,191.15512,1.430303,1.430303,False,False,False,False,safe-bo,
1125,1,1.0,1.473647,1.699226,0.444984,1.232016,0.640754,193.238929,1.304895,1.304895,False,False,False,False,safe-bo,
1126,1,0.96128,1.694914,1.651784,0.279149,1.399245,0.58198,194.025901,1.394472,1.394472,False,False,False,False,safe-bo,
1127,1,0.974648,1.65936,2.039284,0.14949,1.501711,0.695711,191.767814,1.305951,1.305951,False,False,False,False,safe-bo,
1128,1,0.92209,1.455042,1.786443,0.419216,1.293825,0.634037,197.5702,1.248662,1.248662,False,False,False,False,safe-bo,
1129,1,1.0,1.421292,1.457514,0.412026,1.61246,0.709466,197.349035,1.382529,1.382529,False,False,False,False,safe-bo,
1130,1,0.96066,1.626277,1.941199,0.151482,1.081367,0.508452,183.689958,1.135609,1.135609,False,False,False,False,safe-bo,
1131,1,0.96823,1.494665,1.371074,0.287817,1.504678,0.57199,197.330017,1.34795,1.34795,False,False,False,False,safe-bo,
1132,1,1.0,1.654707,1.727722,0.191575,1.528971,0.681198,191.834882,1.358705,1.358705,False,False,False,False,safe-bo,
1133,1,0.892602,1.498681,1.73469,0.299704,1.484179,0.563349,186.831471,1.267107,1.267107,False,False,False,False,safe-bo,
1134,1,1.0,1.547979,1.709908,0.363351,1.447705,0.576792,192.351407,1.413521,1.413521,False,False,False,False,safe-bo,
1135,1,0.958452,1.718131,1.651439,0.371165,1.336248,0.601802,195.662297,1.386731,1.386731,False,False,False,False,safe-bo,
1136,1,1.0,1.560392,1.59629,0.411353,1.599416,0.532609,193.24608,1.355056,1.355056,False,False,False,False,safe-bo,
1137,1,1.0,1.311018,1.771714,0.306878,1.640893,0.582214,192.434209,1.412903,1.412903,False,False,False,False,safe-bo,
1138,1,0.996812,1.518057,1.90635,0.413502,1.487566,0.580334,184.478699,1.437019,1.437019,False,False,False,False,safe-bo,
1139,1,0.961224,1.614508,1.97533,0.307031,1.492049,0.442797,195.418518,1.312295,1.312295,False,False,False,False,safe-bo,
1140,1,1.0,1.345863,1.618265,0.389747,1.641839,0.669931,192.399121,1.352681,1.352681,False,False,False,False,safe-bo,
1141,1,1.0,1.604253,1.812636,0.43233,1.446904,0.65876,191.697678,1.401736,1.401736,False,False,False,False,safe-bo,
1142,1,0.954959,1.610124,1.717341,0.398749,1.463765,0.502122,183.63519,1.327698,1.327698,False,False,False,False,safe-bo,
1143,1,1.0,1.709411,2.018026,0.253504,1.160969,0.520007,183.249796,1.351242,1.351242,False,False,False,False,safe-bo,
1144,1,1.0,1.521333,1.929815,0.100973,1.670132,0.592249,195.59703,1.3446,1.3446,False,False,False,False,safe-bo,
1145,1,1.0,1.446407,1.609229,0.23597,1.363088,0.611624,193.353038,1.381705,1.381705,False,False,False,False,safe-bo,
1146,1,0.956221,1.555791,1.910674,0.423242,1.381247,0.551604,191.327775,1.352418,1.352418,False,False,False,False,safe-bo,
1147,1,1.0,1.345452,1.809108,0.227968,1.344093,0.661005,191.114438,1.393112,1.393112,False,False,False,False,safe-bo,
1148,1,1.0,1.503964,2.14401,0.306944,1.739411,0.487558,193.471189,1.349665,1.349665,False,False,False,False,safe-bo,
1149,1,1.0,1.651817,2.047084,0.223569,1.180623,0.660076,183.606425,1.337782,1.337782,False,False,False,False,safe-bo,
1150,1,1.0,1.570646,1.297234,0.245824,1.55048,0.607433,195.165686,1.333477,1.333477,False,False,False,False,safe-bo,
1151,1,0.922327,1.623524,1.722524,0.382488,1.414021,0.653122,194.069795,1.273836,1.273836,False,False,False,False,safe-bo,
1152,1,0.938087,1.568088,1.578898,0.159868,1.192122,0.666287,183.361963,1.232399,1.232399,False,False,False,False,safe-bo,
1153,1,1.0,1.331151,1.779912,0.488121,1.316548,0.59699,184.261819,1.331202,1.331202,False,False,False,False,safe-bo,
1154,1,1.0,1.666585,1.68902,0.407248,1.195923,0.592635,183.768559,1.369213,1.369213,False,False,False,False,safe-bo,
1155,1,0.941093,1.611554,1.939895,0.418939,1.715715,0.644175,194.477349,1.3062,1.3062,False,False,False,False,safe-bo,
1156,1,1.0,1.469827,1.506757,0.17841,1.557666,0.630625,192.619139,1.340335,1.340335,False,False,False,False,safe-bo,
1157,1,1.0,1.668369,1.52057,0.346855,1.234529,0.604445,196.879715,1.352115,1.352115,False,False,False,False,safe-bo,
1158,1,1.0,1.445307,1.514895,0.179633,1.516778,0.591668,197.67109,1.391991,1.391991,False,False,False,False,safe-bo,
1159,1,0.989784,1.653664,1.858582,0.345091,1.311914,0.769641,185.05991,1.335166,1.335166,False,False,False,False,safe-bo,
1160,1,1.0,1.452348,1.164088,0.432631,1.731278,0.568331,193.317086,1.298554,1.298554,False,False,False,False,safe-bo,
1161,1,0.985472,1.693493,1.489519,0.374757,1.552499,0.764556,192.569928,1.28566,1.28566,False,False,False,False,safe-bo,
1162,1,1.0,1.763447,1.671858,0.41073,1.377395,0.693615,187.174252,1.350125,1.350125,False,False,False,False,safe-bo,
1163,1,1.0,1.930388,1.804781,0.40894,1.377135,0.600026,184.514291,1.389145,1.389145,False,False,False,False,safe-bo,
1164,1,0.968761,1.54869,1.736052,0.216102,1.292463,0.618334,197.18533,1.313528,1.313528,False,False,False,False,safe-bo,
1165,1,1.0,1.407031,1.416577,0.274453,1.505403,0.618356,183.980665,1.358482,1.358482,False,False,False,False,safe-bo,
1166,1,1.0,1.49049,1.624901,0.491945,1.217569,0.491618,193.731047,1.290658,1.290658,False,False,False,False,safe-bo,
1167,1,1.0,1.640173,1.679128,0.490541,1.596899,0.758649,184.469049,1.307073,1.307073,False,False,False,False,safe-bo,
1168,1,0.985122,1.41042,1.489677,0.463476,1.475003,0.586901,186.899007,1.330679,1.330679,False,False,False,False,safe-bo,
1169,1,1.0,1.476435,1.385624,0.388869,1.444228,0.606216,187.428488,1.343396,1.343396,False,False,False,False,safe-bo,
1170,1,0.940702,1.793422,2.064716,0.388923,1.543445,0.496485,193.106595,1.327716,1.327716,False,False,False,False,safe-bo,
1171,1,1.0,1.724643,1.826459,0.3052,1.436028,0.559996,195.568376,1.414542,1.414542,False,False,False,False,safe-bo,
1172,1,1.0,1.632786,1.969702,0.386067,1.366684,0.667344,193.040688,1.374171,1.374171,False,False,False,False,safe-bo,
1173,1,1.0,1.422041,2.081495,0.346097,1.436955,0.614616,193.303931,1.429961,1.429961,False,False,False,False,safe-bo,
1174,1,0.906001,1.4297,1.464631,0.328574,1.617663,0.595004,195.288077,1.243747,1.243747,False,False,False,False,safe-bo,
1175,1,0.978963,1.583433,1.652932,0.330221,1.307152,0.603401,183.567925,1.325836,1.325836,False,False,False,False,safe-bo,
1176,1,0.925148,1.58382,1.877086,0.344288,1.522129,0.522692,184.149281,1.33656,1.33656,False,False,False,False,safe-bo,
1177,1,1.0,1.404604,1.551942,0.182374,1.3712,0.50932,184.531388,1.379644,1.379644,False,False,False,False,safe-bo,
1178,1,0.998201,1.362021,1.587238,0.34373,1.538119,0.516345,186.81051,1.387185,1.387185,False,False,False,False,safe-bo,
1179,1,0.909301,1.595668,1.874754,0.246657,1.73115,0.543742,196.007207,1.261486,1.261486,False,False,False,False,safe-bo,
1180,1,0.999216,1.429883,1.771481,0.314988,1.589208,0.482208,193.394452,1.401786,1.401786,False,False,False,False,safe-bo,
1181,1,0.996409,1.456633,1.393933,0.290422,1.546762,0.570547,193.004937,1.369704,1.369704,False,False,False,False,safe-bo,
1182,1,1.0,1.645312,1.973754,0.297616,1.477657,0.575145,193.720022,1.466684,1.466684,False,False,False,False,safe-bo,
1183,1,0.992125,1.623817,1.707279,0.32659,1.364057,0.509519,184.74048,1.424905,1.424905,False,False,False,False,safe-bo,
1184,1,0.996086,1.458321,1.675313,0.332268,1.239324,0.668404,184.31051,1.348588,1.348588,False,False,False,False,safe-bo,
1185,1,0.981324,1.527068,2.04953,0.229178,1.417344,0.614465,195.479057,1.416721,1.416721,False,False,False,False,safe-bo,
1186,1,0.996057,1.622958,1.615852,0.268699,1.368425,0.493076,193.417869,1.39026,1.39026,False,False,False,False,safe-bo,
1187,1,1.0,1.421501,1.837488,0.118374,1.511949,0.553924,195.340983,1.384629,1.384629,False,False,False,False,safe-bo,
1188,1,1.0,1.428198,1.889712,0.341219,1.372039,0.763152,187.031,1.314903,1.314903,False,False,False,False,safe-bo,
1189,1,0.961606,1.680953,1.886119,0.413182,1.461812,0.504382,192.920851,1.371561,1.371561,False,False,False,False,safe-bo,
1190,1,0.91798,1.516104,1.554743,0.290422,1.333226,0.661692,197.28173,1.21583,1.21583,False,False,False,False,safe-bo,
1191,1,1.0,1.734973,1.875002,0.362969,1.229073,0.693519,183.280424,1.401036,1.401036,False,False,False,False,safe-bo,
1192,1,1.0,1.619753,1.632371,0.418027,1.531408,0.490245,193.603413,1.395213,1.395213,False,False,False,False,safe-bo,
1193,1,1.0,1.728536,1.66216,0.358545,1.57452,0.735694,186.974231,1.366955,1.366955,False,False,False,False,safe-bo,
1194,1,0.966724,1.734404,1.843931,0.371038,1.101938,0.603364,183.496052,1.258686,1.258686,False,False,False,False,safe-bo,
1195,1,0.998015,1.541338,1.29344,0.437029,1.430598,0.649781,197.769797,1.37902,1.37902,False,False,False,False,safe-bo,
1196,1,0.945663,1.481762,1.386815,0.296162,1.513683,0.545488,195.057867,1.267885,1.267885,False,False,False,False,safe-bo,
1197,1,1.0,1.643259,1.458434,0.373432,1.359005,0.644867,184.548637,1.327741,1.327741,False,False,False,False,safe-bo,
1198,1,0.985859,1.642844,1.971636,0.295793,1.163343,0.633804,190.688839,1.306464,1.306464,False,False,False,False,safe-bo,
1199,1,0.919811,1.265821,1.6916,0.326637,1.579767,0.558305,194.401868,1.293656,1.293656,False,False,False,False,safe-bo,
1200,1,1.0,1.504356,1.492234,0.382456,1.576331,0.571372,192.866986,1.353178,1.353178,False,False,False,False,safe-bo,
1201,1,1.0,1.834676,1.689941,0.213693,1.513103,0.548021,193.023609,1.413882,1.413882,False,False,False,False,safe-bo,
1202,1,1.0,1.589456,1.827138,0.42507,1.654926,0.577088,195.28239,1.402095,1.402095,False,False,False,False,safe-bo,
1203,1,0.939382,1.53867,2.023474,0.306821,1.372727,0.715665,190.728658,1.280974,1.280974,False,False,False,False,safe-bo,
1204,1,0.918275,1.696994,1.579662,0.375287,1.382362,0.645162,195.286378,1.323452,1.323452,False,False,False,False,safe-bo,
1205,1,0.99504,1.445973,1.859592,0.360757,1.279522,0.599855,185.325754,1.342857,1.342857,False,False,False,False,safe-bo,
1206,1,1.0,1.665246,1.469357,0.296465,1.566911,0.516827,183.937533,1.331208,1.331208,False,False,False,False,safe-bo,
1207,1,0.865477,1.582835,1.758819,0.254581,1.480588,0.734054,186.648109,1.203417,1.203417,False,False,False,False,safe-bo,
1208,1,0.969443,1.835229,1.755408,0.29043,1.434695,0.614942,184.11626,1.375726,1.375726,False,False,False,False,safe-bo,
1209,1,1.0,1.678718,1.975111,0.313647,1.267194,0.624992,183.719469,1.404569,1.404569,False,False,False,False,safe-bo,
1210,1,1.0,1.66271,1.678202,0.284451,1.530862,0.532025,193.041562,1.391505,1.391505,False,False,False,False,safe-bo,
1211,1,0.962173,1.37228,1.76159,0.385914,1.147584,0.678797,187.495485,1.223698,1.223698,False,False,False,False,safe-bo,
1212,1,0.938278,1.69839,1.562485,0.310067,1.662143,0.706393,195.482569,1.25377,1.25377,False,False,False,False,safe-bo,
1213,1,0.978065,1.541108,1.715089,0.278575,1.526866,0.502772,193.662622,1.349185,1.349185,False,False,False,False,safe-bo,
1214,1,1.0,1.664425,1.822214,0.30671,1.240696,0.678062,193.94173,1.379065,1.379065,False,False,False,False,safe-bo,
1215,1,0.978784,1.514766,1.579123,0.339879,1.565838,0.529906,195.710671,1.349457,1.349457,False,False,False,False,safe-bo,
1216,1,0.957283,1.524255,1.917181,0.321165,1.53051,0.639045,193.275438,1.396781,1.396781,False,False,False,False,safe-bo,
1217,1,1.0,1.414744,1.984366,0.334118,1.38964,0.530619,193.95043,1.434419,1.434419,False,False,False,False,safe-bo,
1218,1,1.0,1.635784,1.299151,0.247023,1.40861,0.554817,187.072026,1.374053,1.374053,False,False,False,False,safe-bo,
1219,1,0.946155,1.409554,1.678184,0.367162,1.238553,0.692917,184.796376,1.292148,1.292148,False,False,False,False,safe-bo,
1220,1,1.0,1.408857,1.858559,0.284389,1.328039,0.618767,193.569634,1.435733,1.435733,False,False,False,False,safe-bo,
1221,1,0.865173,1.682141,1.639286,0.411532,1.551844,0.611299,183.711511,1.235373,1.235373,False,False,False,False,safe-bo,
1222,1,0.99925,1.39784,1.50989,0.306907,1.523772,0.688517,198.134059,1.364075,1.364075,False,False,False,False,safe-bo,
1223,1,1.0,1.493223,1.812804,0.287088,1.339149,0.615788,195.451562,1.405954,1.405954,False,False,False,False,safe-bo,
1224,1,1.0,1.667354,1.851664,0.293115,1.362107,0.548961,190.889231,1.358988,1.358988,False,False,False,False,safe-bo,
1225,1,1.0,1.652938,1.621911,0.377598,1.508267,0.679772,184.46011,1.399821,1.399821,False,False,False,False,safe-bo,
1226,1,0.990828,1.677653,1.345982,0.270391,1.489447,0.576051,197.703967,1.336157,1.336157,False,False,False,False,safe-bo,
1227,1,0.97587,1.689544,1.848045,0.236872,1.301301,0.522189,190.724465,1.361136,1.361136,False,False,False,False,safe-bo,
1228,1,1.0,1.617338,1.816433,0.244565,1.244198,0.686867,183.517533,1.370949,1.370949,False,False,False,False,safe-bo,
1229,1,1.0,1.512329,1.261617,0.422027,1.599843,0.421182,197.465735,1.205427,1.205427,False,False,False,False,safe-bo,
1230,1,1.0,1.543124,1.71714,0.388803,1.323083,0.576735,186.803053,1.359527,1.359527,False,False,False,False,safe-bo,
1231,1,0.995554,1.450436,1.425608,0.251515,1.506439,0.622817,186.662552,1.363929,1.363929,False,False,False,False,safe-bo,
1232,1,1.0,1.608353,1.638555,0.252608,1.099336,0.504282,187.102559,1.246794,1.246794,False,False,False,False,safe-bo,
1233,1,0.904351,1.659942,1.722373,0.274626,1.434606,0.604981,187.204742,1.291818,1.291818,False,False,False,False,safe-bo,
1234,1,1.0,1.748726,2.087901,0.269867,1.415831,0.489954,190.794645,1.363978,1.363978,False,False,False,False,safe-bo,
1235,1,1.0,1.576339,1.63954,0.404295,1.538714,0.631325,185.143922,1.403151,1.403151,False,False,False,False,safe-bo,
1236,1,0.919892,1.617419,1.548556,0.430267,1.784172,0.570166,184.002377,1.162246,1.162246,False,False,False,False,safe-bo,
1237,1,0.884909,1.831387,1.671268,0.321587,1.517401,0.638919,197.465595,1.191908,1.191908,False,False,False,False,safe-bo,
1238,1,0.993988,1.644436,1.225511,0.41213,1.632234,0.532552,186.88742,1.315043,1.315043,False,False,False,False,safe-bo,
1239,1,0.988575,1.491215,1.682569,0.322431,1.352376,0.569343,194.766487,1.348385,1.348385,False,False,False,False,safe-bo,
1240,1,1.0,1.523924,1.805235,0.234254,1.383327,0.520932,193.468205,1.384626,1.384626,False,False,False,False,safe-bo,
1241,1,0.990661,1.675662,1.64678,0.328509,1.426129,0.530921,184.345013,1.344252,1.344252,False,False,False,False,safe-bo,
1242,1,0.952829,1.476309,1.711511,0.202559,1.507699,0.604658,194.355449,1.308125,1.308125,False,False,False,False,safe-bo,
1243,1,1.0,1.51057,1.583736,0.421199,1.386092,0.64474,192.895166,1.36752,1.36752,False,False,False,False,safe-bo,
1244,1,0.902901,1.546593,2.079277,0.181579,1.443651,0.569877,192.905106,1.269425,1.269425,False,False,False,False,safe-bo,
1245,1,0.927822,1.64782,1.518157,0.315774,1.363668,0.711563,183.267134,1.282694,1.282694,False,False,False,False,safe-bo,
1246,1,0.930393,1.4404,1.715496,0.362481,1.516224,0.740193,194.77361,1.287314,1.287314,False,False,False,False,safe-bo,
1247,1,0.979756,1.751608,1.687384,0.316162,1.491464,0.741249,185.63602,1.332042,1.332042,False,False,False,False,safe-bo,
1248,1,1.0,1.825721,1.673308,0.276188,1.68434,0.579091,183.936966,1.414047,1.414047,False,False,False,False,safe-bo,
1249,1,1.0,1.624251,1.671793,0.218309,1.470923,0.55638,196.944882,1.444744,1.444744,False,False,False,False,safe-bo,
1250,1,1.0,1.48511,1.39601,0.376695,1.44711,0.527497,198.421541,1.371425,1.371425,False,False,False,False,safe-bo,
1251,1,0.995857,1.670485,1.934352,0.349496,1.10195,0.610191,187.153028,1.288862,1.288862,False,False,False,False,safe-bo,
1252,1,1.0,1.49982,1.654847,0.423253,1.074992,0.536029,187.295086,1.27923,1.27923,False,False,False,False,safe-bo,
1253,1,0.996497,1.61327,1.628673,0.305048,1.188012,0.530651,185.592859,1.371973,1.371973,False,False,False,False,safe-bo,
1254,1,1.0,1.683091,1.607542,0.20846,1.473021,0.500473,192.669721,1.397716,1.397716,False,False,False,False,safe-bo,
1255,1,0.928961,1.533533,1.545551,0.245338,1.556018,0.765349,185.389295,1.283673,1.283673,False,False,False,False,safe-bo,
1256,1,1.0,1.663174,1.81073,0.238784,1.682443,0.561035,186.845796,1.425367,1.425367,False,False,False,False,safe-bo,
1257,1,0.920404,1.433951,1.588768,0.350599,1.294203,0.49769,187.258634,1.263417,1.263417,False,False,False,False,safe-bo,
1258,1,1.0,1.809966,1.590943,0.301008,1.309402,0.567774,197.000513,1.348717,1.348717,False,False,False,False,safe-bo,
1259,1,1.0,1.674979,1.931152,0.290698,1.367317,0.568071,192.978579,1.389671,1.389671,False,False,False,False,safe-bo,
1260,1,1.0,1.403414,1.53905,0.348069,1.505249,0.599859,192.917817,1.401618,1.401618,False,False,False,False,safe-bo,
1261,1,1.0,1.750035,1.56829,0.223292,1.567138,0.63204,185.507434,1.345161,1.345161,False,False,False,False,safe-bo,
1262,1,0.999669,1.664602,1.693703,0.190537,1.397772,0.696719,185.631267,1.357627,1.357627,False,False,False,False,safe-bo,
1263,1,1.0,1.632828,1.62799,0.302684,1.303275,0.65864,195.791957,1.403186,1.403186,False,False,False,False,safe-bo,
1264,1,0.986823,1.503696,1.670788,0.356983,1.418407,0.638004,183.742608,1.369638,1.369638,False,False,False,False,safe-bo,
1265,1,1.0,1.680739,1.842648,0.316703,1.410198,0.565665,197.22352,1.444661,1.444661,False,False,False,False,safe-bo,
1266,1,0.998065,1.531369,1.596965,0.307477,1.592581,0.647586,185.384033,1.355646,1.355646,False,False,False,False,safe-bo,
1267,1,1.0,1.510344,1.771024,0.238984,1.52505,0.720886,183.991691,1.370474,1.370474,False,False,False,False,safe-bo,
1268,1,0.978427,1.396294,1.755385,0.247061,1.39828,0.599511,192.690972,1.419669,1.419669,False,False,False,False,safe-bo,
1269,1,0.999133,1.389747,1.372539,0.318458,1.337697,0.62271,187.613871,1.355994,1.355994,False,False,False,False,safe-bo,
1270,1,0.883831,1.568354,1.640065,0.390339,1.607616,0.525775,197.515218,1.234619,1.234619,False,False,False,False,safe-bo,
1271,1,1.0,1.443413,1.904856,0.204243,1.365406,0.599941,194.460113,1.466115,1.466115,False,False,False,False,safe-bo,
1272,1,0.974213,1.631626,1.683032,0.467377,1.548327,0.682403,196.993084,1.377325,1.377325,False,False,False,False,safe-bo,
1273,1,0.949182,1.613027,1.74537,0.268442,1.395352,0.586292,193.64529,1.321572,1.321572,False,False,False,False,safe-bo,
1274,1,1.0,1.486258,1.74962,0.356514,1.378159,0.618576,193.022511,1.453499,1.453499,False,False,False,False,safe-bo,
1275,1,0.999009,1.628675,1.379159,0.153785,1.559466,0.754781,195.574099,1.268521,1.268521,False,False,False,False,safe-bo,
1276,1,0.955655,1.603356,1.684415,0.243493,1.302244,0.531281,197.823315,1.315388,1.315388,False,False,False,False,safe-bo,
1277,1,1.0,1.630553,1.728634,0.402361,1.738946,0.562462,198.206525,1.368151,1.368151,False,False,False,False,safe-bo,
1278,1,0.927881,1.543573,1.452216,0.18576,1.3945,0.641412,186.805261,1.295363,1.295363,False,False,False,False,safe-bo,
1279,1,1.0,1.372223,1.714279,0.334454,1.180002,0.56402,195.765984,1.305167,1.305167,False,False,False,False,safe-bo,
1280,1,0.934769,1.616138,1.573174,0.246374,1.653964,0.504086,184.100829,1.285499,1.285499,False,False,False,False,safe-bo,
1281,1,1.0,1.564134,1.661665,0.262381,1.520701,0.665296,195.115553,1.424763,1.424763,False,False,False,False,safe-bo,
1282,1,0.953327,1.700936,1.757127,0.270255,1.544592,0.533512,183.476598,1.373026,1.373026,False,False,False,False,safe-bo,
1283,1,1.0,1.624065,1.527412,0.304254,1.565475,0.606044,186.589921,1.392397,1.392397,False,False,False,False,safe-bo,
1284,1,0.998384,1.763753,1.766657,0.409159,1.434318,0.607608,183.72451,1.441206,1.441206,False,False,False,False,safe-bo,
1285,1,0.976827,1.593823,1.928625,0.165063,1.406759,0.557209,192.810168,1.353749,1.353749,False,False,False,False,safe-bo,
1286,1,1.0,1.679625,1.655293,0.257859,1.37953,0.597803,198.674664,1.443816,1.443816,False,False,False,False,safe-bo,
1287,1,1.0,1.704981,1.560192,0.41963,1.200207,0.590371,197.236038,1.331533,1.331533,False,False,False,False,safe-bo,
1288,1,1.0,1.479526,1.245851,0.377373,1.468262,0.696822,198.67264,1.274754,1.274754,False,False,False,False,safe-bo,
1289,1,0.952731,1.757836,1.862011,0.337495,1.455961,0.65386,195.562654,1.372775,1.372775,False,False,False,False,safe-bo,
1290,1,0.995209,1.725001,1.706592,0.338459,1.380006,0.657389,185.587493,1.401036,1.401036,False,False,False,False,safe-bo,
1291,1,1.0,1.513947,1.713431,0.243633,1.304226,0.623942,198.355269,1.381588,1.381588,False,False,False,False,safe-bo,
1292,1,0.991705,1.564326,1.721133,0.222498,1.605016,0.46047,198.229986,1.32697,1.32697,False,False,False,False,safe-bo,
1293,1,1.0,1.669112,1.32204,0.3096,1.615818,0.750659,184.264395,1.284706,1.284706,False,False,False,False,safe-bo,
1294,1,1.0,1.639446,2.221428,0.386077,1.394139,0.629723,187.279483,1.368427,1.368427,False,False,False,False,safe-bo,
1295,1,1.0,1.526749,1.320925,0.313693,1.592631,0.635515,187.16498,1.403173,1.403173,False,False,False,False,safe-bo,
1296,1,0.992433,1.612796,1.15556,0.310206,1.452487,0.65912,198.277758,1.270689,1.270689,False,False,False,False,safe-bo,
1297,1,1.0,1.540378,1.610074,0.256278,1.447938,0.684279,187.377772,1.370429,1.370429,False,False,False,False,safe-bo,
1298,1,0.773055,1.47671,1.813598,0.045481,1.550363,0.53224,194.454192,1.077551,1.077551,False,False,False,False,safe-bo,
1299,1,0.946927,1.46089,1.754983,0.29209,1.095097,0.521717,197.426759,1.232592,1.232592,False,False,False,False,safe-bo,
1300,1,0.976104,1.31495,1.817291,0.285544,1.465244,0.701657,195.627375,1.39453,1.39453,False,False,False,False,safe-bo,
1301,1,1.0,1.611268,1.594888,0.4125,1.309644,0.865123,193.654601,1.235642,1.235642,False,False,False,False,safe-bo,
1302,1,0.974368,1.642761,1.550267,0.225163,1.213557,0.493616,194.876366,1.261784,1.261784,False,False,False,False,safe-bo,
1303,1,1.0,1.390299,1.428332,0.405701,1.531139,0.645218,195.83621,1.33739,1.33739,False,False,False,False,safe-bo,
1304,1,0.974071,1.765344,1.651346,0.383344,1.272635,0.660081,197.16057,1.35172,1.35172,False,False,False,False,safe-bo,
1305,1,0.957486,1.440382,1.35004,0.379313,1.436886,0.661388,187.37137,1.315647,1.315647,False,False,False,False,safe-bo,
1306,1,1.0,1.383715,1.348784,0.326571,1.629295,0.651545,193.556488,1.33923,1.33923,False,False,False,False,safe-bo,
1307,1,0.948304,1.769203,1.367397,0.4448,1.471359,0.63111,198.254294,1.242379,1.242379,False,False,False,False,safe-bo,
1308,1,1.0,1.866421,1.748096,0.257313,1.388291,0.475997,183.478229,1.410771,1.410771,False,False,False,False,safe-bo,
1309,1,1.0,1.587899,1.551147,0.196513,1.442943,0.723511,184.192877,1.366574,1.366574,False,False,False,False,safe-bo,
1310,1,1.0,1.413173,1.557672,0.371316,1.818232,0.697584,194.771775,1.254588,1.254588,False,False,False,False,safe-bo,
1311,1,1.0,1.668294,1.692245,0.323724,1.254792,0.635917,183.843256,1.392694,1.392694,False,False,False,False,safe-bo,
1312,1,1.0,1.690446,1.544435,0.268095,1.498126,0.649232,198.37269,1.357373,1.357373,False,False,False,False,safe-bo,
1313,1,0.904596,1.464447,1.697719,0.345261,1.670583,0.552187,194.27268,1.245954,1.245954,False,False,False,False,safe-bo,
1314,1,1.0,1.669954,1.367682,0.287865,1.451707,0.63488,198.795925,1.337481,1.337481,False,False,False,False,safe-bo,
1315,1,1.0,1.655059,1.465259,0.30774,1.090862,0.646144,194.947106,1.236278,1.236278,False,False,False,False,safe-bo,
1316,1,0.980711,1.573032,1.563377,0.333594,1.196134,0.614687,195.298374,1.281721,1.281721,False,False,False,False,safe-bo,
1317,1,1.0,1.529227,1.841885,0.243509,1.360472,0.606713,192.899197,1.398853,1.398853,False,False,False,False,safe-bo,
1318,1,0.967773,1.850832,1.520858,0.328253,1.671366,0.615124,186.871206,1.352845,1.352845,False,False,False,False,safe-bo,
1319,1,1.0,1.383839,1.978523,0.39148,1.506991,0.610787,197.446686,1.44243,1.44243,False,False,False,False,safe-bo,
1320,1,1.0,1.495217,1.919453,0.361178,1.589029,0.580361,198.166057,1.449483,1.449483,False,False,False,False,safe-bo,
1321,1,1.0,1.497814,1.490189,0.261303,1.672696,0.671499,194.963395,1.390779,1.390779,False,False,False,False,safe-bo,
1322,1,1.0,1.512684,2.228088,0.393538,1.269339,0.615404,195.855949,1.367483,1.367483,False,False,False,False,safe-bo,
1323,1,1.0,1.477757,1.977141,0.369087,1.59096,0.593076,186.45648,1.430082,1.430082,False,False,False,False,safe-bo,
1324,1,1.0,1.519969,1.449939,0.302965,1.501048,0.58842,184.246868,1.404627,1.404627,False,False,False,False,safe-bo,
1325,1,1.0,1.601227,1.750584,0.385371,1.469804,0.693292,184.137458,1.447101,1.447101,False,False,False,False,safe-bo,
1326,1,1.0,1.547423,1.677274,0.345688,1.703435,0.582548,194.884809,1.413631,1.413631,False,False,False,False,safe-bo,
1327,1,0.922562,1.63869,1.76384,0.314848,1.332707,0.709604,194.38599,1.310276,1.310276,False,False,False,False,safe-bo,
1328,1,1.0,1.253752,1.732054,0.372225,1.378408,0.62816,197.873189,1.441254,1.441254,False,False,False,False,safe-bo,
1329,1,1.0,1.540724,1.862352,0.34975,1.580721,0.641101,195.6766,1.458135,1.458135,False,False,False,False,safe-bo,
1330,1,0.989757,1.471969,1.407707,0.346796,1.619248,0.543908,192.696691,1.292317,1.292317,False,False,False,False,safe-bo,
1331,1,0.976927,1.584442,1.540442,0.427783,1.473429,0.638865,194.705362,1.377996,1.377996,False,False,False,False,safe-bo,
1332,1,0.977574,1.762859,1.683523,0.320043,1.085605,0.634103,193.864609,1.259812,1.259812,False,False,False,False,safe-bo,
1333,1,0.971314,1.430635,1.819622,0.30541,1.255463,0.515129,197.00439,1.329728,1.329728,False,False,False,False,safe-bo,
1334,1,0.973628,1.719472,1.694395,0.274755,1.544981,0.61583,197.978759,1.371253,1.371253,False,False,False,False,safe-bo,
1335,1,1.0,1.582665,1.948217,0.313121,1.287061,0.563735,193.687631,1.386475,1.386475,False,False,False,False,safe-bo,
1336,1,0.92306,1.359535,2.210845,0.337444,1.233451,0.601637,195.599252,1.280605,1.280605,False,False,False,False,safe-bo,
1337,1,0.931687,1.425248,1.876935,0.346071,1.490674,0.535123,186.862895,1.351371,1.351371,False,False,False,False,safe-bo,
1338,1,0.978134,1.670346,1.622262,0.389789,1.42766,0.811508,184.21971,1.209272,1.209272,False,False,False,False,safe-bo,
1339,1,0.992387,1.669226,2.071499,0.235414,1.391515,0.511905,195.764984,1.40107,1.40107,False,False,False,False,safe-bo,
1340,1,1.0,1.366549,1.694598,0.321964,1.672195,0.529047,194.516124,1.369949,1.369949,False,False,False,False,safe-bo,
1341,1,1.0,1.375893,1.514553,0.34446,1.288292,0.613383,193.903053,1.333754,1.333754,False,False,False,False,safe-bo,
1342,1,0.987445,1.762835,1.946666,0.352041,1.190075,0.655779,195.733482,1.34517,1.34517,False,False,False,False,safe-bo,
1343,1,0.980568,1.509794,1.407936,0.331913,1.321834,0.615151,187.365316,1.317367,1.317367,False,False,False,False,safe-bo,
1344,1,1.0,1.511849,1.824648,0.405624,0.965523,0.563346,194.761176,1.177175,1.177175,False,False,False,False,safe-bo,
1345,1,0.988254,1.743553,1.581221,0.393118,1.495877,0.572134,186.336392,1.35905,1.35905,False,False,False,False,safe-bo,
1346,1,0.997152,1.518796,1.635714,0.346266,1.534572,0.706691,194.280369,1.388856,1.388856,False,False,False,False,safe-bo,
1347,1,0.954073,1.465509,1.988362,0.259061,1.507773,0.574574,192.667182,1.371731,1.371731,False,False,False,False,safe-bo,
1348,1,1.0,1.431398,1.583077,0.173892,1.380755,0.624199,193.799521,1.348462,1.348462,False,False,False,False,safe-bo,
1349,1,1.0,1.604565,2.011485,0.362364,1.46868,0.473505,197.245437,1.367715,1.367715,False,False,False,False,safe-bo,
1350,1,1.0,1.370741,1.499529,0.31373,1.46816,0.577816,193.227397,1.391509,1.391509,False,False,False,False,safe-bo,
1351,1,1.0,1.502533,1.856755,0.131421,1.273495,0.612802,197.048751,1.376635,1.376635,False,False,False,False,safe-bo,
1352,1,1.0,1.435618,1.515059,0.294341,1.609909,0.547705,198.155297,1.354536,1.354536,False,False,False,False,safe-bo,
1353,1,0.945912,1.615755,1.789918,0.294184,1.361851,0.547997,197.259832,1.350207,1.350207,False,False,False,False,safe-bo,
1354,1,1.0,1.62331,1.715398,0.144347,1.434215,0.650554,183.486783,1.36338,1.36338,False,False,False,False,safe-bo,
1355,1,1.0,1.451598,1.6622,0.388838,1.122521,0.567081,197.971584,1.378349,1.378349,False,False,False,False,safe-bo,
1356,1,0.849021,1.589715,2.147593,0.297954,1.268007,0.611148,183.536882,1.152247,1.152247,False,False,False,False,safe-bo,
1357,1,0.965954,1.773389,1.506223,0.25005,1.549472,0.544235,198.342159,1.31792,1.31792,False,False,False,False,safe-bo,
1358,1,1.0,1.578837,1.644206,0.259541,1.088132,0.615042,195.110507,1.28706,1.28706,False,False,False,False,safe-bo,
1359,1,1.0,1.33753,1.910568,0.360212,1.383642,0.658853,192.742659,1.387886,1.387886,False,False,False,False,safe-bo,
1360,1,0.968545,1.647883,1.914063,0.310298,1.483139,0.619928,196.770275,1.420125,1.420125,False,False,False,False,safe-bo,
1361,1,0.965837,1.567571,1.739859,0.315009,1.196168,0.675305,183.353663,1.344436,1.344436,False,False,False,False,safe-bo,
1362,1,0.977707,1.51386,1.535701,0.275109,1.335484,0.613816,183.156144,1.337146,1.337146,False,False,False,False,safe-bo,
1363,1,1.0,1.547936,1.607238,0.347301,1.569422,0.696668,192.941298,1.388067,1.388067,False,False,False,False,safe-bo,
1364,1,1.0,1.448626,1.611917,0.270635,1.39193,0.717893,195.073554,1.351968,1.351968,False,False,False,False,safe-bo,
1365,1,0.949597,1.537203,1.847304,0.388572,1.503375,0.623227,192.993873,1.355522,1.355522,False,False,False,False,safe-bo,
1366,1,1.0,1.632521,1.663079,0.265986,1.329806,0.662434,195.08886,1.429523,1.429523,False,False,False,False,safe-bo,
1367,1,1.0,1.482975,1.600073,0.380882,1.544336,0.640075,186.5299,1.426426,1.426426,False,False,False,False,safe-bo,
1368,1,0.973551,1.588843,1.636864,0.22517,1.294428,0.618671,185.858005,1.31167,1.31167,False,False,False,False,safe-bo,
1369,1,1.0,1.581954,1.662344,0.350545,1.465318,0.667494,187.567754,1.45072,1.45072,False,False,False,False,safe-bo,
1370,1,0.967836,1.545604,2.0076,0.312158,1.59321,0.706558,197.494813,1.393482,1.393482,False,False,False,False,safe-bo,
1371,1,0.971122,1.438792,1.73488,0.382184,1.338073,0.653504,183.08738,1.364619,1.364619,False,False,False,False,safe-bo,
1372,1,0.949745,1.520492,1.727797,0.347116,1.452296,0.583443,186.607044,1.331256,1.331256,False,False,False,False,safe-bo,
1373,1,0.95007,1.536396,1.72677,0.359245,1.472776,0.567498,192.902693,1.352507,1.352507,False,False,False,False,safe-bo,
1374,1,0.989181,1.459858,1.655873,0.465934,1.32111,0.580604,198.030808,1.326397,1.326397,False,False,False,False,safe-bo,
1375,1,1.0,1.701982,1.689645,0.269643,1.420955,0.7022,198.215621,1.405677,1.405677,False,False,False,False,safe-bo,
1376,1,0.989994,1.652284,1.705057,0.393361,1.253178,0.591566,184.191513,1.341213,1.341213,False,False,False,False,safe-bo,
1377,1,0.937839,1.409779,1.798124,0.429952,1.214318,0.504411,193.882498,1.174604,1.174604,False,False,False,False,safe-bo,
1378,1,1.0,1.790255,2.017317,0.149131,1.039453,0.552548,183.580343,1.267327,1.267327,False,False,False,False,safe-bo,
1379,1,0.95938,1.51471,1.761166,0.23652,1.325917,0.58372,186.201272,1.348492,1.348492,False,False,False,False,safe-bo,
1380,1,1.0,1.407895,1.43886,0.273852,1.419182,0.659991,184.117647,1.403076,1.403076,False,False,False,False,safe-bo,
1381,1,0.874218,1.779168,1.608784,0.185017,1.404598,0.671844,186.018326,1.200092,1.200092,False,False,False,False,safe-bo,
1382,1,0.990714,1.831804,1.791398,0.41219,1.376866,0.562776,198.091422,1.397871,1.397871,False,False,False,False,safe-bo,
1383,1,0.858579,1.4639,1.562199,0.301462,1.484369,0.558858,194.547445,1.239584,1.239584,False,False,False,False,safe-bo,
1384,1,1.0,1.527445,1.397719,0.313029,1.222356,0.6402,198.062017,1.327149,1.327149,False,False,False,False,safe-bo,
1385,1,0.932781,1.514754,1.979945,0.351005,1.551612,0.552452,194.747694,1.343247,1.343247,False,False,False,False,safe-bo,
1386,1,1.0,1.527131,1.56809,0.259393,1.395103,0.491354,194.147754,1.463149,1.463149,False,False,False,False,safe-bo,
1387,1,1.0,1.608503,1.93788,0.196293,1.297824,0.542127,193.922448,1.380322,1.380322,False,False,False,False,safe-bo,
1388,1,0.937046,1.691376,1.729146,0.352701,1.440226,0.452528,196.930196,1.283157,1.283157,False,False,False,False,safe-bo,
1389,1,0.984874,1.58334,1.733248,0.347906,1.334972,0.673742,187.420694,1.418553,1.418553,False,False,False,False,safe-bo,
1390,1,0.924881,1.56551,1.412067,0.245931,1.421149,0.733329,184.010131,1.201641,1.201641,False,False,False,False,safe-bo,
1391,1,0.996544,1.619039,1.704748,0.120661,1.58422,0.669074,192.949496,1.335749,1.335749,False,False,False,False,safe-bo,
1392,1,0.915859,1.525571,1.571868,0.304237,1.370336,0.499177,186.289571,1.20893,1.20893,False,False,False,False,safe-bo,
1393,1,1.0,1.753186,1.63754,0.168205,1.455806,0.583292,193.569548,1.413673,1.413673,False,False,False,False,safe-bo,
1394,1,1.0,1.470855,2.171759,0.314073,1.086124,0.672771,194.650284,1.302001,1.302001,False,False,False,False,safe-bo,
1395,1,0.976861,1.290753,1.934505,0.243956,1.606602,0.601943,194.846493,1.417715,1.417715,False,False,False,False,safe-bo,
1396,1,0.988089,1.406401,1.563676,0.423554,1.380674,0.608937,193.820602,1.323509,1.323509,False,False,False,False,safe-bo,
1397,1,1.0,1.626091,1.612709,0.321345,1.186556,0.62456,194.472391,1.363781,1.363781,False,False,False,False,safe-bo,
1398,1,1.0,1.751734,2.207911,0.278381,1.436817,0.749243,197.537465,1.405792,1.405792,False,False,False,False,safe-bo,
1399,1,1.0,1.562006,1.972057,0.272532,1.412805,0.470622,197.415611,1.385895,1.385895,False,False,False,False,safe-bo,
1400,1,0.932688,1.663509,1.798793,0.290897,1.467523,0.641409,196.844334,1.335205,1.335205,False,False,False,False,safe-bo,
1401,1,0.979604,1.522485,1.818645,0.324339,1.384978,0.635499,195.532389,1.412884,1.412884,False,False,False,False,safe-bo,
1402,1,1.0,1.531745,2.050063,0.306623,1.438638,0.620991,197.98023,1.449911,1.449911,False,False,False,False,safe-bo,
1403,1,1.0,1.571534,1.877705,0.266451,1.596026,0.571399,197.926157,1.448971,1.448971,False,False,False,False,safe-bo,
1404,1,0.920229,1.366369,1.722704,0.104447,1.536526,0.613443,194.459426,1.241577,1.241577,False,False,False,False,safe-bo,
1405,1,0.943776,1.718138,2.106654,0.24795,1.105544,0.578634,195.158007,1.229556,1.229556,False,False,False,False,safe-bo,
1406,1,0.935599,1.402843,1.717745,0.337448,1.476103,0.53429,183.4073,1.284789,1.284789,False,False,False,False,safe-bo,
1407,1,0.934898,1.604433,1.81149,0.326256,1.484716,0.49646,184.111743,1.330306,1.330306,False,False,False,False,safe-bo,
1408,1,0.976007,1.704659,1.606577,0.117576,1.176365,0.566149,186.23923,1.274953,1.274953,False,False,False,False,safe-bo,
1409,1,1.0,1.452352,1.252185,0.282021,1.569435,0.531248,193.219891,1.328663,1.328663,False,False,False,False,safe-bo,
1410,1,0.964927,1.631739,2.187444,0.360346,1.387277,0.671254,195.4779,1.366948,1.366948,False,False,False,False,safe-bo,
1411,1,0.974128,1.691597,1.632681,0.338067,1.32387,0.608351,197.631209,1.30984,1.30984,False,False,False,False,safe-bo,
1412,1,1.0,1.660997,1.560536,0.368571,1.552999,0.504927,193.640712,1.402189,1.402189,False,False,False,False,safe-bo,
1413,1,1.0,1.649349,1.79809,0.269918,1.437877,0.6875,192.969595,1.39489,1.39489,False,False,False,False,safe-bo,
1414,1,1.0,1.620767,1.551951,0.21535,1.398182,0.578848,197.87619,1.395374,1.395374,False,False,False,False,safe-bo,
1415,1,0.960752,1.548815,2.038268,0.208004,1.235412,0.677861,197.647424,1.338378,1.338378,False,False,False,False,safe-bo,
1416,1,1.0,1.56458,1.129668,0.31214,1.576039,0.65738,198.720868,1.282704,1.282704,False,False,False,False,safe-bo,
1417,1,1.0,1.903241,1.678215,0.320503,1.535498,0.682424,193.787624,1.439653,1.439653,False,False,False,False,safe-bo,
1418,1,1.0,1.635571,1.960155,0.239985,1.256497,0.679183,197.567372,1.375411,1.375411,False,False,False,False,safe-bo,
1419,1,0.972017,1.752312,1.707461,0.345138,1.479823,0.476859,197.669392,1.345864,1.345864,False,False,False,False,safe-bo,
1420,1,1.0,1.603164,1.658684,0.270981,1.605804,0.589798,186.41327,1.426432,1.426432,False,False,False,False,safe-bo,
1421,1,0.962983,1.463746,1.841981,0.221061,1.43469,0.726198,193.590149,1.293796,1.293796,False,False,False,False,safe-bo,
1422,1,0.996186,1.377356,1.879997,0.394437,1.297166,0.559123,194.508893,1.402827,1.402827,False,False,False,False,safe-bo,
1423,1,1.0,1.408477,1.81785,0.365289,1.449752,0.678595,183.603937,1.411708,1.411708,False,False,False,False,safe-bo,
1424,1,1.0,1.598236,1.61734,0.327435,1.365585,0.578988,194.536345,1.431159,1.431159,False,False,False,False,safe-bo,
1425,1,0.906724,1.458122,1.186281,0.233832,1.240478,0.70609,198.742169,1.125271,1.125271,False,False,False,False,safe-bo,
1426,1,0.998176,1.685168,1.512477,0.308412,1.344559,0.69032,193.152,1.345566,1.345566,False,False,False,False,safe-bo,
1427,1,0.939945,1.925825,1.20883,0.262589,1.351798,0.607019,198.110133,1.252125,1.252125,False,False,False,False,safe-bo,
1428,1,1.0,1.596592,2.09622,0.35011,1.086827,0.603718,194.011188,1.296083,1.296083,False,False,False,False,safe-bo,
1429,1,1.0,1.484185,1.610025,0.350231,1.675572,0.620174,187.398179,1.349542,1.349542,False,False,False,False,safe-bo,
1430,1,1.0,1.328873,1.195747,0.212352,1.337977,0.592077,198.616276,1.301404,1.301404,False,False,False,False,safe-bo,
1431,1,0.967912,1.686673,1.465083,0.409311,1.553,0.615494,197.871626,1.372646,1.372646,False,False,False,False,safe-bo,
1432,1,1.0,1.679162,1.435114,0.250324,1.52994,0.739265,192.665951,1.328834,1.328834,False,False,False,False,safe-bo,
1433,1,0.962335,1.681775,1.775071,0.303874,1.207797,0.567736,186.387464,1.280189,1.280189,False,False,False,False,safe-bo,
1434,1,0.97662,1.554528,1.518906,0.359625,1.564934,0.492147,186.907335,1.351208,1.351208,False,False,False,False,safe-bo,
1435,1,1.0,1.569861,1.434318,0.200117,1.442634,0.715267,187.074924,1.281008,1.281008,False,False,False,False,safe-bo,
1436,1,0.954455,1.772931,1.463331,0.413574,1.665424,0.519759,183.667221,1.212691,1.212691,False,False,False,False,safe-bo,
1437,1,1.0,1.962854,1.624335,0.259804,1.192845,0.747238,183.373316,1.279476,1.279476,False,False,False,False,safe-bo,
1438,1,1.0,1.588936,1.779486,0.280212,1.49884,0.613686,187.359413,1.436719,1.436719,False,False,False,False,safe-bo,
1439,1,0.939068,1.567583,1.27013,0.33874,1.332321,0.609277,198.671566,1.255842,1.255842,False,False,False,False,safe-bo,
1440,1,0.991591,1.467979,1.621604,0.298624,1.311246,0.639338,186.611831,1.343356,1.343356,False,False,False,False,safe-bo,
1441,1,1.0,1.420673,1.960231,0.275793,1.579635,0.546461,194.388984,1.423361,1.423361,False,False,False,False,safe-bo,
1442,1,0.992798,1.475106,1.538712,0.304944,1.416176,0.579169,187.288736,1.345154,1.345154,False,False,False,False,safe-bo,
1443,1,1.0,1.593833,1.504695,0.454735,1.728235,0.684886,193.010234,1.318923,1.318923,False,False,False,False,safe-bo,
1444,1,1.0,1.475633,1.507217,0.522135,1.45342,0.718249,184.00979,1.257445,1.257445,False,False,False,False,safe-bo,
1445,1,0.942537,1.60757,1.861032,0.29463,1.198689,0.590383,195.26018,1.28009,1.28009,False,False,False,False,safe-bo,
1446,1,0.989642,1.412759,1.737088,0.31573,1.378854,0.550544,197.069333,1.405069,1.405069,False,False,False,False,safe-bo,
1447,1,1.0,1.461101,1.683587,0.285151,1.496495,0.439553,193.904323,1.300655,1.300655,False,False,False,False,safe-bo,
1448,1,0.923871,1.781968,1.72516,0.415735,1.407652,0.495141,183.756208,1.253912,1.253912,False,False,False,False,safe-bo,
1449,1,0.961237,1.683064,1.421651,0.347392,1.570913,0.611895,183.641728,1.346755,1.346755,False,False,False,False,safe-bo,
1450,1,0.986916,1.574674,2.000929,0.321176,1.46952,0.657447,197.164417,1.460476,1.460476,False,False,False,False,safe-bo,
1451,1,0.928272,1.675577,2.224753,0.33058,1.46085,0.628545,194.005568,1.281327,1.281327,False,False,False,False,safe-bo,
1452,1,1.0,1.376003,2.00042,0.260147,1.515069,0.676411,195.368437,1.434303,1.434303,False,False,False,False,safe-bo,
1453,1,1.0,1.514786,1.600286,0.286267,1.50107,0.585482,192.887446,1.376742,1.376742,False,False,False,False,safe-bo,
1454,1,0.986491,1.365647,1.855915,0.341377,1.545566,0.6188,193.269433,1.374049,1.374049,False,False,False,False,safe-bo,
1455,1,0.938959,1.756971,1.262344,0.326639,1.723703,0.535682,192.753337,1.2679,1.2679,False,False,False,False,safe-bo,
1456,1,1.0,1.595165,1.10166,0.313152,1.21568,0.448536,197.479249,1.212292,1.212292,False,False,False,False,safe-bo,
1457,1,0.993886,1.856728,1.038985,0.305795,1.221462,0.555107,197.887148,1.196983,1.196983,False,False,False,False,safe-bo,
1458,1,0.955268,1.489844,1.96416,0.359669,1.421692,0.617536,197.436819,1.375642,1.375642,False,False,False,False,safe-bo,
1459,1,0.950605,1.491581,1.86797,0.412429,1.281821,0.679419,194.67082,1.319326,1.319326,False,False,False,False,safe-bo,
1460,1,0.940424,1.620701,1.520625,0.256664,1.494788,0.611621,185.925202,1.320852,1.320852,False,False,False,False,safe-bo,
1461,1,0.959399,1.561661,1.715132,0.294946,1.328382,0.530939,186.006212,1.399217,1.399217,False,False,False,False,safe-bo,
1462,1,1.0,1.579354,2.088575,0.40143,1.206825,0.610703,194.251046,1.375313,1.375313,False,False,False,False,safe-bo,
1463,1,1.0,1.672638,1.575186,0.275359,1.425329,0.772554,197.699304,1.236297,1.236297,False,False,False,False,safe-bo,
1464,1,0.981978,1.516575,1.487888,0.319604,1.55209,0.604221,193.264634,1.360863,1.360863,False,False,False,False,safe-bo,
1465,1,0.983806,1.527516,1.916124,0.25996,1.477654,0.596112,195.393337,1.393924,1.393924,False,False,False,False,safe-bo,
1466,1,0.953319,1.596955,1.702905,0.429833,1.174542,0.744469,183.277,1.200171,1.200171,False,False,False,False,safe-bo,
1467,1,1.0,1.766776,1.266682,0.465828,1.417738,0.660033,197.231212,1.309498,1.309498,False,False,False,False,safe-bo,
1468,1,0.984989,1.647314,1.826753,0.358842,1.294219,0.470499,184.103039,1.309352,1.309352,False,False,False,False,safe-bo,
1469,1,1.0,1.442495,1.517471,0.3041,1.663223,0.625172,183.6577,1.343961,1.343961,False,False,False,False,safe-bo,
1470,1,1.0,1.522199,1.724677,0.317692,1.503367,0.762302,195.202665,1.396915,1.396915,False,False,False,False,safe-bo,
1471,1,0.967104,1.432937,1.87819,0.353175,1.364087,0.727608,194.080905,1.347906,1.347906,False,False,False,False,safe-bo,
1472,1,1.0,1.601055,1.528293,0.251882,1.457643,0.577493,186.649158,1.376943,1.376943,False,False,False,False,safe-bo,
1473,1,1.0,1.397306,1.51064,0.346042,1.580025,0.590414,185.971492,1.412033,1.412033,False,False,False,False,safe-bo,
1474,1,0.976107,1.663305,1.906117,0.194088,1.494779,0.556324,193.879361,1.408746,1.408746,False,False,False,False,safe-bo,
1475,1,0.998926,1.660813,1.669014,0.204951,1.346903,0.573067,183.466932,1.425907,1.425907,False,False,False,False,safe-bo,
1476,1,0.893276,1.512413,1.490145,0.219516,1.665937,0.638271,196.973741,1.187759,1.187759,False,False,False,False,safe-bo,
1477,1,1.0,1.8027,1.779909,0.390146,1.582433,0.575518,192.803853,1.440243,1.440243,False,False,False,False,safe-bo,
1478,1,1.0,1.482361,2.09947,0.167759,1.527146,0.550372,197.32937,1.39604,1.39604,False,False,False,False,safe-bo,
1479,1,0.994655,1.786764,2.156407,0.185611,1.334558,0.585841,195.173606,1.426999,1.426999,False,False,False,False,safe-bo,
1480,1,1.0,1.240608,1.819727,0.309111,1.531428,0.599355,194.814866,1.430323,1.430323,False,False,False,False,safe-bo,
1481,1,0.996308,1.814718,1.395873,0.278093,1.328961,0.591993,197.543416,1.283953,1.283953,False,False,False,False,safe-bo,
1482,1,1.0,1.451294,1.731969,0.238925,1.406059,0.66717,184.07734,1.404408,1.404408,False,False,False,False,safe-bo,
1483,1,0.970622,1.636992,2.040329,0.37719,1.429698,0.732417,186.330572,1.285804,1.285804,False,False,False,False,safe-bo,
1484,1,1.0,1.554661,1.733024,0.518015,1.495709,0.552125,193.641067,1.363795,1.363795,False,False,False,False,safe-bo,
1485,1,1.0,1.52011,2.146612,0.370533,1.724965,0.566778,194.740503,1.385524,1.385524,False,False,False,False,safe-bo,
1486,1,1.0,1.575175,1.508154,0.341159,1.063172,0.496806,183.617648,1.20763,1.20763,False,False,False,False,safe-bo,
1487,1,0.982087,1.585774,1.261406,0.341732,1.524015,0.530835,183.950332,1.265265,1.265265,False,False,False,False,safe-bo,
1488,1,0.969665,1.653838,1.839314,0.341848,1.690576,0.579563,196.943246,1.328755,1.328755,False,False,False,False,safe-bo,
1489,1,0.912301,1.749175,1.688655,0.409642,1.563053,0.706024,193.278134,1.231031,1.231031,False,False,False,False,safe-bo,
1490,1,1.0,1.480981,1.302137,0.239409,1.241693,0.730047,183.889847,1.250571,1.250571,False,False,False,False,safe-bo,
1491,1,1.0,1.457147,2.229262,0.382329,1.418147,0.689032,194.315822,1.436265,1.436265,False,False,False,False,safe-bo,
1492,1,0.953879,1.273827,1.717842,0.254736,1.356002,0.703283,197.003809,1.337647,1.337647,False,False,False,False,safe-bo,
1493,1,0.946529,1.730034,1.384138,0.283195,1.584454,0.598105,187.202476,1.282895,1.282895,False,False,False,False,safe-bo,
1494,1,1.0,1.573757,1.321388,0.39473,1.416138,0.543505,193.077206,1.378711,1.378711,False,False,False,False,safe-bo,
1495,1,1.0,1.599105,1.532075,0.306803,1.544542,0.671956,183.755269,1.345628,1.345628,False,False,False,False,safe-bo,
1496,1,0.95691,1.606822,1.736836,0.213891,1.667813,0.61094,193.543557,1.357997,1.357997,False,False,False,False,safe-bo,
1497,1,1.0,1.547012,1.87871,0.278055,1.648293,0.477717,184.266073,1.371245,1.371245,False,False,False,False,safe-bo,
1498,1,1.0,1.489391,1.648114,0.215916,1.634839,0.575122,186.190679,1.401268,1.401268,False,False,False,False,safe-bo,
1499,1,0.949504,1.564121,1.563523,0.286352,1.434259,0.508903,183.743665,1.330095,1.330095,False,False,False,False,safe-bo,
1500,1,1.0,1.626345,1.916498,0.287925,1.289018,0.63812,193.93723,1.378546,1.378546,False,False,False,False,safe-bo,
1501,1,0.982841,1.608237,1.585,0.355384,1.64754,0.566304,186.532731,1.386429,1.386429,False,False,False,False,safe-bo,
1502,1,1.0,1.332088,1.698894,0.316974,1.468233,0.603963,196.749843,1.426258,1.426258,False,False,False,False,safe-bo,
1503,1,0.956892,1.595737,0.88362,0.38092,1.464784,0.675782,197.45102,1.241305,1.241305,False,False,False,False,safe-bo,
1504,1,1.0,1.285314,1.924302,0.352264,1.178955,0.613849,185.146817,1.340419,1.340419,False,False,False,False,safe-bo,
1505,1,1.0,1.49962,1.635541,0.415578,1.398455,0.529437,193.892117,1.420025,1.420025,False,False,False,False,safe-bo,
1506,1,1.0,1.912411,2.005729,0.291907,1.334568,0.730121,195.147371,1.391361,1.391361,False,False,False,False,safe-bo,
1507,1,1.0,1.693682,1.586539,0.369544,1.609676,0.59185,197.07242,1.363213,1.363213,False,False,False,False,safe-bo,
1508,1,1.0,1.482817,1.541656,0.423051,1.639704,0.591523,193.653048,1.413869,1.413869,False,False,False,False,safe-bo,
1509,1,0.946877,1.485185,2.12785,0.268988,1.289943,0.517262,194.798782,1.276845,1.276845,False,False,False,False,safe-bo,
1510,1,1.0,1.423811,1.31916,0.223782,1.219196,0.575785,185.744007,1.225008,1.225008,False,False,False,False,safe-bo,
1511,1,1.0,1.508779,1.491456,0.359073,1.507051,0.710587,197.00897,1.387329,1.387329,False,False,False,False,safe-bo,
1512,1,0.984017,1.445698,1.901334,0.377895,1.266916,0.509599,196.808626,1.376456,1.376456,False,False,False,False,safe-bo,
1513,1,1.0,1.641724,1.095042,0.36839,1.350221,0.422913,197.392141,1.209583,1.209583,False,False,False,False,safe-bo,
1514,1,1.0,1.640454,1.416586,0.270569,1.443367,0.516503,193.678953,1.353976,1.353976,False,False,False,False,safe-bo,
1515,1,1.0,1.52398,1.558998,0.288594,1.423438,0.595976,184.44231,1.449396,1.449396,False,False,False,False,safe-bo,
1516,1,0.852269,1.585266,1.949026,0.242398,1.423676,0.545797,197.523075,1.2367,1.2367,False,False,False,False,safe-bo,
1517,1,1.0,1.462328,1.882519,0.208151,1.807594,0.563658,186.711486,1.32642,1.32642,False,False,False,False,safe-bo,
1518,1,1.0,1.489577,1.537447,0.275978,1.367679,0.635584,193.700707,1.408815,1.408815,False,False,False,False,safe-bo,
1519,1,1.0,1.620228,1.737341,0.318757,1.580247,0.668885,197.546121,1.375129,1.375129,False,False,False,False,safe-bo,
1520,1,0.997612,1.655128,1.864092,0.313143,1.248603,0.544219,193.040531,1.356488,1.356488,False,False,False,False,safe-bo,
1521,1,0.924828,1.58645,2.090878,0.229215,1.590282,0.691521,195.284577,1.267754,1.267754,False,False,False,False,safe-bo,
1522,1,1.0,1.58179,1.494032,0.349543,1.423215,0.570494,185.919735,1.320768,1.320768,False,False,False,False,safe-bo,
1523,1,1.0,1.409802,1.252633,0.296898,1.591986,0.610635,187.248395,1.304788,1.304788,False,False,False,False,safe-bo,
1524,1,1.0,1.534042,1.731214,0.357424,1.468205,0.546782,197.170695,1.455082,1.455082,False,False,False,False,safe-bo,
1525,1,0.949183,1.180402,2.210737,0.391462,1.705165,0.686962,197.43879,1.267421,1.267421,False,False,False,False,safe-bo,
1526,1,0.98552,1.470215,1.694935,0.183746,1.586858,0.802985,196.949301,1.259276,1.259276,False,False,False,False,safe-bo,
1527,1,0.977393,1.406515,1.457318,0.264352,1.381471,0.557426,184.156246,1.306299,1.306299,False,False,False,False,safe-bo,
1528,1,0.942617,1.510135,1.704936,0.411271,1.336188,0.44145,184.473038,1.270785,1.270785,False,False,False,False,safe-bo,
1529,1,1.0,1.494027,1.858474,0.299399,1.627129,0.602397,186.386506,1.42319,1.42319,False,False,False,False,safe-bo,
1530,1,1.0,1.422099,1.847622,0.369865,1.103863,0.513166,186.009275,1.297493,1.297493,False,False,False,False,safe-bo,
1531,1,0.950872,1.510118,1.867013,0.409708,1.555837,0.719772,184.531234,1.309586,1.309586,False,False,False,False,safe-bo,
1532,1,1.0,1.686223,1.004932,0.31975,1.466383,0.629703,197.790238,1.243414,1.243414,False,False,False,False,safe-bo,
1533,1,0.945125,1.319062,1.957649,0.362552,1.440786,0.569862,196.54712,1.325018,1.325018,False,False,False,False,safe-bo,
1534,1,0.940147,1.659145,1.673046,0.206188,1.407265,0.66702,186.112234,1.334072,1.334072,False,False,False,False,safe-bo,
1535,1,0.945779,1.386902,1.909895,0.274488,1.311146,0.442796,184.296919,1.265379,1.265379,False,False,False,False,safe-bo,
1536,1,1.0,1.547727,1.846987,0.352655,1.449675,0.648482,185.252883,1.447457,1.447457,False,False,False,False,safe-bo,
1537,1,1.0,1.571567,1.650226,0.308805,1.266494,0.647747,196.826575,1.275383,1.275383,False,False,False,False,safe-bo,
1538,1,0.970666,1.631194,1.924717,0.303498,1.386819,0.710347,195.112498,1.388655,1.388655,False,False,False,False,safe-bo,
1539,1,0.972872,1.353864,1.674606,0.35171,1.149918,0.640227,196.642426,1.266447,1.266447,False,False,False,False,safe-bo,
1540,1,1.0,1.599659,1.613717,0.215984,1.44962,0.635392,193.34272,1.468113,1.468113,False,False,False,False,safe-bo,
1541,1,0.899455,1.765299,0.991705,0.372256,1.226636,0.485169,197.37723,1.050583,1.050583,False,False,False,False,safe-bo,
1542,1,1.0,1.58131,1.72873,0.385638,1.400422,0.680775,183.965182,1.393319,1.393319,False,False,False,False,safe-bo,
1543,1,1.0,1.786186,1.985196,0.108517,1.243608,0.529673,184.878495,1.351105,1.351105,False,False,False,False,safe-bo,
1544,1,0.974514,1.421783,2.10664,0.333453,1.281558,0.567527,185.083073,1.33177,1.33177,False,False,False,False,safe-bo,
1545,1,1.0,1.45224,2.025211,0.368255,1.462713,0.631757,196.752762,1.460004,1.460004,False,False,False,False,safe-bo,
1546,1,0.998672,1.598998,1.334438,0.275089,1.403634,0.545319,198.034354,1.33163,1.33163,False,False,False,False,safe-bo,
1547,1,0.980966,1.3629,1.834852,0.370166,1.600784,0.601773,186.760693,1.433122,1.433122,False,False,False,False,safe-bo,
1548,1,0.934737,1.746876,1.174952,0.395145,1.650724,0.634763,197.992419,1.238976,1.238976,False,False,False,False,safe-bo,
1549,1,1.0,1.517144,1.908024,0.29972,1.397174,0.681529,185.561534,1.425802,1.425802,False,False,False,False,safe-bo,
1550,1,0.930292,1.694018,2.075986,0.248668,1.326257,0.768024,195.08106,1.22052,1.22052,False,False,False,False,safe-bo,
1551,1,1.0,1.421532,1.582541,0.30786,1.291027,0.551005,186.569264,1.361263,1.361263,False,False,False,False,safe-bo,
1552,1,0.959291,1.485915,1.872949,0.21214,1.658445,0.575279,185.317572,1.357404,1.357404,False,False,False,False,safe-bo,
1553,1,0.934711,1.624138,0.919978,0.361639,1.385923,0.606779,198.301692,1.099693,1.099693,False,False,False,False,safe-bo,
1554,1,0.944339,1.617008,1.688744,0.285026,1.460792,0.662899,198.088204,1.319174,1.319174,False,False,False,False,safe-bo,
1555,1,1.0,1.500053,1.896652,0.19331,1.663359,0.686516,197.322827,1.413267,1.413267,False,False,False,False,safe-bo,
1556,1,0.922349,1.326645,1.895305,0.278748,1.118872,0.619393,185.732263,1.176665,1.176665,False,False,False,False,safe-bo,
1557,1,0.978271,1.721666,1.74833,0.309258,1.547166,0.514657,192.800857,1.416164,1.416164,False,False,False,False,safe-bo,
1558,1,1.0,1.405164,1.570152,0.229154,1.370235,0.51155,193.291594,1.350303,1.350303,False,False,False,False,safe-bo,
1559,1,0.91152,1.424316,1.809223,0.200422,1.580362,0.726781,197.783229,1.263688,1.263688,False,False,False,False,safe-bo,
1560,1,1.0,1.565944,1.696556,0.3422,1.605089,0.605685,197.301824,1.381787,1.381787,False,False,False,False,safe-bo,
1561,1,0.959895,1.72837,2.051057,0.200744,1.424319,0.684885,194.631281,1.363675,1.363675,False,False,False,False,safe-bo,
1562,1,0.959806,1.750482,1.702985,0.395346,1.434965,0.661636,186.425855,1.358317,1.358317,False,False,False,False,safe-bo,
1563,1,1.0,1.473564,1.807747,0.300869,1.332185,0.621923,194.617676,1.444875,1.444875,False,False,False,False,safe-bo,
1564,1,0.947894,1.423501,1.844661,0.294642,1.310286,0.557794,184.695546,1.368047,1.368047,False,False,False,False,safe-bo,
1565,1,1.0,1.508801,1.753523,0.403253,1.273044,0.654688,184.680433,1.403927,1.403927,False,False,False,False,safe-bo,
1566,1,0.959995,1.310286,1.989248,0.297565,1.238748,0.67519,186.73098,1.318751,1.318751,False,False,False,False,safe-bo,
1567,1,0.980022,1.666166,1.474783,0.316894,1.476091,0.697459,198.425557,1.305854,1.305854,False,False,False,False,safe-bo,
1568,1,0.986428,1.74065,1.683309,0.22482,1.211206,0.555483,184.341647,1.363605,1.363605,False,False,False,False,safe-bo,
1569,1,1.0,1.513097,1.354396,0.48572,1.39997,0.495482,186.792988,1.25725,1.25725,False,False,False,False,safe-bo,
1570,1,1.0,1.672296,1.732957,0.134032,1.467487,0.702354,185.773518,1.35401,1.35401,False,False,False,False,safe-bo,
1571,1,1.0,1.697713,1.906011,0.348222,1.591056,0.505525,185.410166,1.425859,1.425859,False,False,False,False,safe-bo,
1572,1,0.966614,1.709431,1.304915,0.364442,1.476563,0.700689,186.653383,1.296248,1.296248,False,False,False,False,safe-bo,
1573,1,0.855527,1.667319,1.713591,0.325382,1.250313,0.528877,186.738181,1.210914,1.210914,False,False,False,False,safe-bo,
1574,1,1.0,1.333572,1.663362,0.294133,1.742385,0.607923,197.016974,1.374351,1.374351,False,False,False,False,safe-bo,
1575,1,1.0,1.64117,1.711043,0.397828,1.501751,0.559398,193.68688,1.361634,1.361634,False,False,False,False,safe-bo,
1576,1,0.961186,1.620065,1.692529,0.359231,1.27955,0.662747,193.44051,1.308788,1.308788,False,False,False,False,safe-bo,
1577,1,0.842746,1.698958,2.138059,0.344596,1.189662,0.622433,185.104262,1.145307,1.145307,False,False,False,False,safe-bo,
1578,1,0.94108,1.515734,1.99561,0.290548,1.47057,0.56896,185.932695,1.341628,1.341628,False,False,False,False,safe-bo,
1579,1,1.0,1.516206,2.259185,0.280816,1.205677,0.626231,184.800602,1.396465,1.396465,False,False,False,False,safe-bo,
1580,1,0.978433,1.682525,1.789107,0.263537,1.742674,0.560718,186.899409,1.340301,1.340301,False,False,False,False,safe-bo,
1581,1,0.979354,1.510033,1.828933,0.409323,1.480173,0.819399,184.163223,1.221008,1.221008,False,False,False,False,safe-bo,
1582,1,1.0,1.605354,2.033575,0.299248,1.391188,0.626234,185.148638,1.44197,1.44197,False,False,False,False,safe-bo,
1583,1,0.98096,1.417474,1.756724,0.386089,1.527471,0.706349,193.603149,1.330185,1.330185,False,False,False,False,safe-bo,
1584,1,1.0,1.903467,1.766032,0.347682,1.57757,0.723609,192.500594,1.432819,1.432819,False,False,False,False,safe-bo,
1585,1,1.0,1.49708,1.80391,0.364011,1.632752,0.650184,197.879349,1.418427,1.418427,False,False,False,False,safe-bo,
1586,1,1.0,1.469425,1.804702,0.311026,1.594715,0.707735,194.087681,1.353107,1.353107,False,False,False,False,safe-bo,
1587,1,0.9996,1.708495,1.841705,0.201154,1.854041,0.609062,185.586579,1.35328,1.35328,False,False,False,False,safe-bo,
1588,1,0.969018,1.62712,1.325912,0.385458,1.401167,0.592637,186.00392,1.377297,1.377297,False,False,False,False,safe-bo,
1589,1,1.0,1.835241,1.393403,0.285038,1.450846,0.741408,198.334994,1.265237,1.265237,False,False,False,False,safe-bo,
1590,1,1.0,1.54083,1.697254,0.340651,1.62931,0.60688,194.499516,1.437619,1.437619,False,False,False,False,safe-bo,
1591,1,0.813292,1.334759,2.227043,0.292122,1.427163,0.667053,184.328677,1.164479,1.164479,False,False,False,False,safe-bo,
1592,1,1.0,1.6159,1.898566,0.368927,1.318161,0.776718,194.357449,1.327136,1.327136,False,False,False,False,safe-bo,
1593,1,0.880943,1.676698,1.520103,0.457909,1.359143,0.526868,194.730511,1.195036,1.195036,False,False,False,False,safe-bo,
1594,1,1.0,1.684264,1.525865,0.258082,1.684132,0.506899,186.515656,1.363187,1.363187,False,False,False,False,safe-bo,
1595,1,1.0,1.263222,1.65875,0.278731,1.606942,0.64269,198.027747,1.387708,1.387708,False,False,False,False,safe-bo,
1596,1,0.896175,1.366948,1.757892,0.227282,1.349389,0.740004,186.874611,1.253208,1.253208,False,False,False,False,safe-bo,
1597,1,1.0,1.521354,1.499046,0.369993,1.31276,0.655906,186.352422,1.314328,1.314328,False,False,False,False,safe-bo,
1598,1,1.0,1.434172,2.016452,0.348394,1.538902,0.723044,184.629035,1.452134,1.452134,False,False,False,False,safe-bo,
1599,1,0.989873,2.0,1.332774,0.357905,1.40673,0.543734,186.601202,1.37849,1.37849,False,False,False,False,safe-bo,
1600,1,0.998206,1.483916,1.293253,0.288222,1.838064,0.558929,186.269448,1.224507,1.224507,False,False,False,False,safe-bo,
1601,1,1.0,1.605845,1.48338,0.349334,1.507134,0.561449,193.342778,1.389644,1.389644,False,False,False,False,safe-bo,
1602,1,1.0,1.749212,1.999478,0.223799,1.552964,0.537122,196.931465,1.46566,1.46566,False,False,False,False,safe-bo,
1603,1,0.944063,1.50835,1.838218,0.238047,1.289474,0.743457,185.732981,1.24815,1.24815,False,False,False,False,safe-bo,
1604,1,0.989994,1.463229,1.921115,0.261202,1.433649,0.547929,185.826869,1.406918,1.406918,False,False,False,False,safe-bo,
1605,1,1.0,1.451093,1.365031,0.219205,1.390306,0.570237,184.770966,1.340814,1.340814,False,False,False,False,safe-bo,
1606,1,0.926364,1.401696,1.475926,0.30765,1.231522,0.469076,193.597297,1.231254,1.231254,False,False,False,False,safe-bo,
1607,1,0.894214,1.574568,1.721372,0.262122,1.699985,0.638545,184.94006,1.222385,1.222385,False,False,False,False,safe-bo,
1608,1,0.974165,1.712482,1.701578,0.417009,1.736817,0.576692,194.826486,1.328059,1.328059,False,False,False,False,safe-bo,
1609,1,1.0,1.60964,1.735543,0.233516,1.23787,0.543161,185.588317,1.373225,1.373225,False,False,False,False,safe-bo,
1610,1,1.0,1.388118,1.732382,0.31335,1.36838,0.579393,196.639432,1.408569,1.408569,False,False,False,False,safe-bo,
1611,1,0.945324,1.548806,1.453831,0.205312,1.338425,0.573888,185.976909,1.256391,1.256391,False,False,False,False,safe-bo,
1612,1,0.968788,1.443332,1.695171,0.333967,1.438069,0.59283,184.376147,1.334979,1.334979,False,False,False,False,safe-bo,
1613,1,1.0,1.590633,1.735978,0.19019,1.406752,0.72038,196.354099,1.324269,1.324269,False,False,False,False,safe-bo,
1614,1,0.980201,1.510177,1.937609,0.219904,1.596596,0.634903,184.318692,1.357201,1.357201,False,False,False,False,safe-bo,
1615,1,0.981672,1.39305,1.932921,0.241092,1.398665,0.545287,183.549515,1.340447,1.340447,False,False,False,False,safe-bo,
1616,1,0.944017,1.596944,1.550543,0.247354,1.496428,0.704106,186.017768,1.274082,1.274082,False,False,False,False,safe-bo,
1617,1,0.946733,1.471076,1.873504,0.358349,1.723909,0.566969,193.883327,1.325036,1.325036,False,False,False,False,safe-bo,
1618,1,0.985464,1.497483,1.827883,0.419153,1.524011,0.444344,183.470027,1.333229,1.333229,False,False,False,False,safe-bo,
1619,1,0.997336,1.692077,1.984597,0.19984,1.153052,0.830616,196.560817,1.169587,1.169587,False,False,False,False,safe-bo,
1620,1,1.0,1.654958,1.893566,0.317089,1.226471,0.595329,184.748778,1.344257,1.344257,False,False,False,False,safe-bo,
1621,1,0.968785,1.615712,1.460796,0.238918,1.569524,0.597815,196.720782,1.312645,1.312645,False,False,False,False,safe-bo,
1622,1,1.0,1.490518,2.193793,0.361842,1.374248,0.631889,184.739156,1.371405,1.371405,False,False,False,False,safe-bo,
1623,1,0.947023,1.895033,2.019337,0.279312,1.595475,0.718388,183.683859,1.281349,1.281349,False,False,False,False,safe-bo,
1624,1,0.985414,1.940757,1.585948,0.212987,1.658308,0.48788,196.598016,1.351797,1.351797,False,False,False,False,safe-bo,
1625,1,1.0,1.524681,1.593909,0.402119,1.499443,0.641177,193.687344,1.355378,1.355378,False,False,False,False,safe-bo,
1626,1,0.93955,1.641308,2.298534,0.492817,1.234499,0.563266,183.89734,1.242847,1.242847,False,False,False,False,safe-bo,
1627,1,1.0,1.696215,1.762089,0.298414,1.593144,0.595907,192.817314,1.406204,1.406204,False,False,False,False,safe-bo,
1628,1,0.943003,1.596606,1.580484,0.333729,1.574898,0.578979,185.37962,1.395866,1.395866,False,False,False,False,safe-bo,
1629,1,0.996443,1.409672,1.833632,0.333628,1.314688,0.690386,184.723331,1.323356,1.323356,False,False,False,False,safe-bo,
1630,1,0.973839,1.501869,1.810921,0.305993,1.414616,0.64229,184.876768,1.391305,1.391305,False,False,False,False,safe-bo,
1631,1,1.0,1.55229,1.386317,0.218793,1.287624,0.515049,186.895649,1.303994,1.303994,False,False,False,False,safe-bo,
1632,1,1.0,1.60894,1.742289,0.337743,1.726203,0.762811,185.510304,1.289552,1.289552,False,False,False,False,safe-bo,
1633,1,1.0,1.460866,1.437606,0.241714,1.311835,0.736027,185.684021,1.314183,1.314183,False,False,False,False,safe-bo,
1634,1,0.978439,1.681723,1.625639,0.162914,1.409962,0.58129,196.754339,1.365078,1.365078,False,False,False,False,safe-bo,
1635,1,1.0,1.564892,1.831627,0.285148,1.461926,0.703919,198.390829,1.374891,1.374891,False,False,False,False,safe-bo,
1636,1,1.0,1.568553,1.838807,0.444878,1.433097,0.539687,186.985372,1.410987,1.410987,False,False,False,False,safe-bo,
1637,1,0.935969,1.421404,1.773933,0.300052,1.297304,0.668643,197.808747,1.3098,1.3098,False,False,False,False,safe-bo,
1638,1,1.0,1.580621,1.751255,0.240685,1.449681,0.664825,186.572275,1.451055,1.451055,False,False,False,False,safe-bo,
1639,1,0.951093,1.613062,1.678825,0.30044,1.430505,0.670883,184.544368,1.317258,1.317258,False,False,False,False,safe-bo,
1640,1,0.981465,1.536141,2.077885,0.265056,1.621655,0.608026,194.385438,1.444797,1.444797,False,False,False,False,safe-bo,
1641,1,0.95203,1.694995,2.163686,0.333841,1.151958,0.647181,184.326558,1.258219,1.258219,False,False,False,False,safe-bo,
1642,1,1.0,1.733284,1.940855,0.354306,1.454442,0.568211,193.980969,1.374396,1.374396,False,False,False,False,safe-bo,
1643,1,1.0,1.632772,1.886207,0.294626,1.427399,0.584969,183.471876,1.448383,1.448383,False,False,False,False,safe-bo,
1644,1,0.961613,1.827358,2.013614,0.375994,1.686964,0.524871,184.413584,1.332324,1.332324,False,False,False,False,safe-bo,
1645,1,1.0,1.506473,1.140805,0.247382,1.584201,0.577108,193.772169,1.283672,1.283672,False,False,False,False,safe-bo,
1646,1,0.961013,1.642634,2.16382,0.330235,1.321971,0.497733,196.470398,1.355457,1.355457,False,False,False,False,safe-bo,
1647,1,0.908424,1.608302,1.714957,0.412294,1.563464,0.583374,183.911163,1.26465,1.26465,False,False,False,False,safe-bo,
1648,1,0.99067,1.60565,2.079866,0.424069,1.465922,0.709376,193.859871,1.406509,1.406509,False,False,False,False,safe-bo,
1649,1,1.0,1.425173,1.754048,0.32513,1.477039,0.701276,183.139352,1.397043,1.397043,False,False,False,False,safe-bo,
1650,1,1.0,1.510518,1.705973,0.228464,1.535761,0.690908,194.684921,1.42002,1.42002,False,False,False,False,safe-bo,
1651,1,0.951153,1.383493,1.458981,0.376338,1.332299,0.524951,192.564241,1.301802,1.301802,False,False,False,False,safe-bo,
1652,1,1.0,1.680447,1.826541,0.433671,1.322068,0.590388,184.436908,1.402001,1.402001,False,False,False,False,safe-bo,
1653,1,1.0,1.505374,1.877241,0.331962,1.676031,0.626364,196.479972,1.380062,1.380062,False,False,False,False,safe-bo,
1654,1,0.972971,1.588166,1.573341,0.306905,1.463042,0.559464,184.872044,1.393001,1.393001,False,False,False,False,safe-bo,
1655,1,0.966395,1.779897,1.110914,0.215255,1.44035,0.660185,186.486917,1.247771,1.247771,False,False,False,False,safe-bo,
1656,1,1.0,1.630773,1.361754,0.296002,1.342158,0.65703,192.20106,1.403931,1.403931,False,False,False,False,safe-bo,
1657,1,0.974851,1.550645,1.685849,0.429916,1.78321,0.374925,184.640853,1.193242,1.193242,False,False,False,False,safe-bo,
1658,1,0.980431,1.713166,1.764307,0.376747,1.568729,0.532865,196.564528,1.405121,1.405121,False,False,False,False,safe-bo,
1659,1,0.985674,1.58144,1.468076,0.333542,1.289646,0.631675,185.797072,1.309595,1.309595,False,False,False,False,safe-bo,
1660,1,1.0,1.549857,1.85208,0.420529,1.523355,0.797871,198.072155,1.303688,1.303688,False,False,False,False,safe-bo,
1661,1,1.0,1.494846,1.430862,0.386049,1.615678,0.621847,185.731852,1.367887,1.367887,False,False,False,False,safe-bo,
1662,1,1.0,1.616019,1.612357,0.335463,1.420162,0.555962,185.45793,1.367242,1.367242,False,False,False,False,safe-bo,
1663,1,1.0,1.519774,1.652602,0.221418,1.478036,0.559929,198.141988,1.376145,1.376145,False,False,False,False,safe-bo,
1664,1,0.927736,1.685644,1.682357,0.144045,1.611818,0.5435,183.427553,1.273448,1.273448,False,False,False,False,safe-bo,
1665,1,1.0,1.532836,2.036903,0.347888,1.454209,0.696267,198.295372,1.410581,1.410581,False,False,False,False,safe-bo,
1666,1,1.0,1.685078,1.987867,0.455639,1.695123,0.540246,183.482565,1.376821,1.376821,False,False,False,False,safe-bo,
1667,1,0.950667,1.409376,1.849903,0.140798,1.293791,0.814525,194.282876,1.225036,1.225036,False,False,False,False,safe-bo,
1668,1,0.970456,1.487179,1.744718,0.388274,1.373782,0.521772,192.475408,1.338,1.338,False,False,False,False,safe-bo,
1669,1,0.991861,1.498612,1.735265,0.264269,1.676564,0.631886,194.440109,1.408691,1.408691,False,False,False,False,safe-bo,
1670,1,1.0,1.571434,1.410036,0.322153,1.49463,0.488673,196.226542,1.345371,1.345371,False,False,False,False,safe-bo,
1671,1,0.940952,1.470514,2.045584,0.283356,1.586306,0.599067,184.515923,1.342703,1.342703,False,False,False,False,safe-bo,
1672,1,1.0,1.534922,1.758933,0.235381,1.904523,0.515197,196.314546,1.284053,1.284053,False,False,False,False,safe-bo,
1673,1,0.938239,1.425808,1.310738,0.369569,1.474918,0.612729,197.697831,1.21168,1.21168,False,False,False,False,safe-bo,
1674,1,1.0,1.75944,1.550466,0.368356,1.77297,0.796231,186.512462,1.242216,1.242216,False,False,False,False,safe-bo,
1675,1,1.0,1.805588,1.51378,0.268359,1.791504,0.514047,192.575078,1.292185,1.292185,False,False,False,False,safe-bo,
1676,1,1.0,1.343993,1.871804,0.344651,1.39716,0.625729,197.902397,1.399845,1.399845,False,False,False,False,safe-bo,
1677,1,0.969558,1.692368,1.355559,0.228768,1.565403,0.634754,192.883063,1.261565,1.261565,False,False,False,False,safe-bo,
1678,1,1.0,1.601432,1.727063,0.374176,1.242966,0.692533,186.557522,1.329706,1.329706,False,False,False,False,safe-bo,
1679,1,0.971747,1.55137,1.627636,0.36801,1.511239,0.627321,186.986976,1.313235,1.313235,False,False,False,False,safe-bo,
1680,1,1.0,1.681851,1.233931,0.31106,1.334835,0.796341,193.910849,1.250297,1.250297,False,False,False,False,safe-bo,
1681,1,1.0,1.728179,1.494389,0.355799,1.434312,0.797674,186.586759,1.278263,1.278263,False,False,False,False,safe-bo,
1682,1,0.980445,1.672127,1.752598,0.321027,1.49906,0.549314,186.537454,1.343874,1.343874,False,False,False,False,safe-bo,
1683,1,0.904011,1.478274,1.61039,0.341746,1.381971,0.572919,183.011165,1.243908,1.243908,False,False,False,False,safe-bo,
1684,1,0.989165,1.605578,1.740399,0.375879,1.715179,0.577586,196.556228,1.39232,1.39232,False,False,False,False,safe-bo,
1685,1,1.0,1.559706,2.434973,0.256815,1.631328,0.577598,183.625685,1.372018,1.372018,False,False,False,False,safe-bo,
1686,1,1.0,1.625326,1.312483,0.288137,1.348186,0.689803,196.758508,1.314969,1.314969,False,False,False,False,safe-bo,
1687,1,0.927632,1.414653,1.881773,0.310917,1.491418,0.624437,187.006232,1.321251,1.321251,False,False,False,False,safe-bo,
1688,1,0.981828,1.543611,1.480505,0.327193,1.37399,0.626607,185.734593,1.34961,1.34961,False,False,False,False,safe-bo,
1689,1,1.0,1.478279,1.682032,0.230733,1.725857,0.716104,194.629713,1.289322,1.289322,False,False,False,False,safe-bo,
1690,1,1.0,1.418145,1.708258,0.30152,1.488348,0.623158,197.838599,1.42616,1.42616,False,False,False,False,safe-bo,
1691,1,1.0,1.655972,1.483093,0.358737,1.3945,0.572627,193.783946,1.364857,1.364857,False,False,False,False,safe-bo,
1692,1,1.0,1.489771,1.46994,0.308514,1.456557,0.674185,183.30412,1.464121,1.464121,False,False,False,False,safe-bo,
1693,1,0.973087,1.8647,1.370072,0.241137,1.28864,0.454899,186.488828,1.237714,1.237714,False,False,False,False,safe-bo,
1694,1,1.0,1.619543,2.160076,0.30245,1.755238,0.611684,184.193695,1.366701,1.366701,False,False,False,False,safe-bo,
1695,1,1.0,1.724282,1.719537,0.391821,1.46338,0.501111,197.044197,1.421365,1.421365,False,False,False,False,safe-bo,
1696,1,0.967499,1.539265,1.24777,0.379185,1.529437,0.683915,192.53819,1.273458,1.273458,False,False,False,False,safe-bo,
1697,1,1.0,1.645914,2.233763,0.388274,1.298832,0.454601,186.847374,1.338274,1.338274,False,False,False,False,safe-bo,
1698,1,1.0,1.558035,1.575033,0.291217,1.498436,0.540539,192.118496,1.37462,1.37462,False,False,False,False,safe-bo,
1699,1,1.0,1.457582,1.377516,0.345303,1.645985,0.647557,193.733857,1.397568,1.397568,False,False,False,False,safe-bo,
1700,1,0.960887,1.618749,2.008124,0.326327,1.817544,0.636956,193.967708,1.281466,1.281466,False,False,False,False,safe-bo,
1701,1,0.99544,1.807724,2.256003,0.276948,1.32548,0.661825,184.343738,1.39671,1.39671,False,False,False,False,safe-bo,
1702,1,1.0,1.537205,2.044591,0.457374,1.588532,0.633551,183.752083,1.435769,1.435769,False,False,False,False,safe-bo,
1703,1,1.0,1.616705,1.698958,0.317243,1.206243,0.504711,192.350123,1.320466,1.320466,False,False,False,False,safe-bo,
1704,1,1.0,1.771208,1.551399,0.297856,1.473118,0.618149,183.374764,1.404233,1.404233,False,False,False,False,safe-bo,
1705,1,0.940346,1.737437,1.306381,0.287649,1.496857,0.434885,192.479957,1.22934,1.22934,False,False,False,False,safe-bo,
1706,1,1.0,1.590384,1.647477,0.177867,1.450127,0.494248,192.552476,1.391103,1.391103,False,False,False,False,safe-bo,
1707,1,1.0,1.394018,1.930961,0.295921,1.369078,0.739365,194.01712,1.339725,1.339725,False,False,False,False,safe-bo,
1708,1,0.992736,1.441247,1.377968,0.259074,1.037003,0.767175,192.764644,1.140224,1.140224,False,False,False,False,safe-bo,
1709,1,0.961499,1.549142,1.795027,0.341229,1.477243,0.530478,186.94989,1.334261,1.334261,False,False,False,False,safe-bo,
1710,1,1.0,1.671219,1.752733,0.425216,1.489091,0.641199,192.20742,1.386177,1.386177,False,False,False,False,safe-bo,
1711,1,1.0,1.488517,1.636131,0.339172,1.337454,0.613919,192.355942,1.3751,1.3751,False,False,False,False,safe-bo,
1712,1,0.98029,1.424094,1.737422,0.042597,1.63088,0.693359,196.668086,1.330921,1.330921,False,False,False,False,safe-bo,
1713,1,1.0,1.582409,1.578291,0.272535,1.381556,0.566604,192.177613,1.443464,1.443464,False,False,False,False,safe-bo,
1714,1,0.988261,1.548247,1.851222,0.284977,1.263965,0.664331,193.982262,1.441505,1.441505,False,False,False,False,safe-bo,
1715,1,0.906549,1.629467,1.577325,0.369729,1.505886,0.527546,196.809342,1.260755,1.260755,False,False,False,False,safe-bo,
1716,1,1.0,1.653496,1.719942,0.334802,1.349586,0.559537,197.754212,1.379783,1.379783,False,False,False,False,safe-bo,
1717,1,1.0,1.255575,1.925809,0.282256,1.448647,0.513412,194.778892,1.38855,1.38855,False,False,False,False,safe-bo,
1718,1,0.999425,1.59878,1.704522,0.379815,1.373276,0.647743,183.430613,1.445326,1.445326,False,False,False,False,safe-bo,
1719,1,1.0,1.740489,2.083349,0.305302,1.190122,0.71589,197.997607,1.279662,1.279662,False,False,False,False,safe-bo,
1720,1,1.0,1.788862,1.937315,0.349295,1.312653,0.685308,186.79331,1.377297,1.377297,False,False,False,False,safe-bo,
1721,1,0.92129,1.643778,1.993266,0.357435,1.358129,0.438046,184.151342,1.22366,1.22366,False,False,False,False,safe-bo,
1722,1,1.0,1.530286,1.282422,0.392249,1.617807,0.679696,185.46388,1.369383,1.369383,False,False,False,False,safe-bo,
1723,1,1.0,1.626974,2.121849,0.173229,1.470554,0.567312,197.751206,1.388652,1.388652,False,False,False,False,safe-bo,
1724,1,0.889878,1.435508,1.952402,0.349391,1.216947,0.599117,186.719387,1.252083,1.252083,False,False,False,False,safe-bo,
1725,1,0.841951,1.131387,1.648208,0.343982,1.338108,0.575616,197.515159,1.215107,1.215107,False,False,False,False,safe-bo,
1726,1,0.954718,1.466633,1.277126,0.174022,1.457635,0.62079,193.570184,1.269442,1.269442,False,False,False,False,safe-bo,
1727,1,0.953179,1.775242,1.999642,0.349228,1.465,0.750692,197.506999,1.325464,1.325464,False,False,False,False,safe-bo,
1728,1,1.0,1.675986,1.981292,0.273055,1.473623,0.671662,194.500106,1.380162,1.380162,False,False,False,False,safe-bo,
1729,1,1.0,1.430269,1.611281,0.367485,1.49038,0.59298,183.23572,1.406243,1.406243,False,False,False,False,safe-bo,
1730,1,1.0,1.585054,1.493982,0.321482,1.654138,0.615847,192.475665,1.370816,1.370816,False,False,False,False,safe-bo,
1731,1,0.864217,1.657308,1.668971,0.32758,1.411253,0.634039,196.77114,1.144346,1.144346,False,False,False,False,safe-bo,
1732,1,0.991918,1.437815,1.504027,0.299751,1.398282,0.648894,185.296742,1.384445,1.384445,False,False,False,False,safe-bo,
1733,1,0.988759,1.576079,1.596316,0.374806,1.653901,0.543755,192.918964,1.374316,1.374316,False,False,False,False,safe-bo,
1734,1,0.940838,1.877392,1.250111,0.31396,1.557733,0.72984,192.471034,1.172576,1.172576,False,False,False,False,safe-bo,
1735,1,0.983032,1.664902,1.433464,0.255232,1.347644,0.642817,192.802343,1.295659,1.295659,False,False,False,False,safe-bo,
1736,1,1.0,1.291111,1.907234,0.292168,1.530604,0.752117,197.420695,1.353637,1.353637,False,False,False,False,safe-bo,
1737,1,0.963642,1.489967,2.297175,0.317956,1.243272,0.588719,184.028986,1.303409,1.303409,False,False,False,False,safe-bo,
1738,1,0.945057,1.383559,1.478535,0.287518,1.526976,0.447973,185.002805,1.248061,1.248061,False,False,False,False,safe-bo,
1739,1,1.0,1.625458,1.767498,0.162875,1.619623,0.610172,197.732829,1.371935,1.371935,False,False,False,False,safe-bo,
1740,1,0.965466,1.565973,1.752497,0.238191,1.63088,0.541796,193.209608,1.324365,1.324365,False,False,False,False,safe-bo,
1741,1,1.0,1.748693,2.347016,0.353672,1.3852,0.512141,197.361167,1.396094,1.396094,False,False,False,False,safe-bo,
1742,1,1.0,1.647472,1.791742,0.298211,1.243491,0.560074,186.586156,1.358932,1.358932,False,False,False,False,safe-bo,
1743,1,1.0,1.415598,1.432413,0.26564,1.55783,0.577122,185.057734,1.376961,1.376961,False,False,False,False,safe-bo,
1744,1,1.0,1.697479,1.228254,0.187872,1.322811,0.659207,185.293439,1.286804,1.286804,False,False,False,False,safe-bo,
1745,1,0.943098,1.613104,1.973193,0.148501,1.573821,0.577858,196.875424,1.344476,1.344476,False,False,False,False,safe-bo,
1746,1,1.0,1.520671,1.121644,0.325796,1.345279,0.630086,185.313112,1.286601,1.286601,False,False,False,False,safe-bo,
1747,1,1.0,1.575438,1.664942,0.394374,1.582527,0.675241,197.025314,1.418302,1.418302,False,False,False,False,safe-bo,
1748,1,0.926637,1.62819,1.628028,0.266835,1.366998,0.649259,194.062081,1.296346,1.296346,False,False,False,False,safe-bo,
1749,1,1.0,1.684585,1.896815,0.301348,1.650229,0.673884,192.74509,1.432002,1.432002,False,False,False,False,safe-bo,
1750,1,1.0,1.622897,1.413483,0.182439,1.504055,0.490984,192.333936,1.373585,1.373585,False,False,False,False,safe-bo,
1751,1,1.0,1.684533,1.836189,0.415922,1.142338,0.465363,197.550974,1.227751,1.227751,False,False,False,False,safe-bo,
1752,1,0.980551,1.37194,1.544163,0.29694,1.330649,0.587878,193.771667,1.383138,1.383138,False,False,False,False,safe-bo,
1753,1,0.942123,1.33196,1.968414,0.268582,1.373772,0.691732,197.927364,1.377168,1.377168,False,False,False,False,safe-bo,
1754,1,0.996654,1.589152,1.708453,0.243587,1.273803,0.587986,194.701538,1.347091,1.347091,False,False,False,False,safe-bo,
1755,1,0.926859,1.748565,2.215573,0.351474,1.2092,0.531417,197.815228,1.249498,1.249498,False,False,False,False,safe-bo,
1756,1,0.972936,1.439925,1.824,0.348516,1.692636,0.596658,183.589761,1.351928,1.351928,False,False,False,False,safe-bo,
1757,1,1.0,1.720973,1.883733,0.384715,1.216736,0.662683,186.659493,1.365317,1.365317,False,False,False,False,safe-bo,
1758,1,0.983584,1.827103,1.669625,0.321016,1.469152,0.649265,184.961966,1.405765,1.405765,False,False,False,False,safe-bo,
1759,1,1.0,1.524941,1.604091,0.28424,1.480148,0.58352,194.632241,1.394251,1.394251,False,False,False,False,safe-bo,
1760,1,0.981569,1.241409,1.618747,0.407638,1.479685,0.466724,194.228021,1.369483,1.369483,False,False,False,False,safe-bo,
1761,1,0.952499,1.317817,2.041681,0.315223,1.906782,0.454358,193.010284,1.165905,1.165905,False,False,False,False,safe-bo,
1762,1,0.91209,1.47426,1.751645,0.482074,1.760282,0.421823,197.429587,1.142804,1.142804,False,False,False,False,safe-bo,
1763,1,1.0,1.385774,1.427459,0.324326,1.536467,0.623638,185.428291,1.412204,1.412204,False,False,False,False,safe-bo,
1764,1,1.0,1.589547,1.449866,0.360255,1.36535,0.498418,194.252232,1.402553,1.402553,False,False,False,False,safe-bo,
1765,1,1.0,1.226903,1.904098,0.289832,1.513368,0.593211,194.361374,1.425123,1.425123,False,False,False,False,safe-bo,
1766,1,1.0,1.577927,1.710953,0.340991,1.259026,0.501019,197.262991,1.375133,1.375133,False,False,False,False,safe-bo,
1767,1,1.0,1.835334,1.963283,0.290188,1.716508,0.601656,185.241051,1.406648,1.406648,False,False,False,False,safe-bo,
1768,1,0.956116,1.646206,1.89958,0.263771,1.123492,0.599381,194.305784,1.216389,1.216389,False,False,False,False,safe-bo,
1769,1,0.994253,1.558568,1.923251,0.411138,1.401693,0.482402,193.136655,1.343368,1.343368,False,False,False,False,safe-bo,
1770,1,0.951344,1.447336,1.852904,0.247668,1.244716,0.580698,183.377934,1.274116,1.274116,False,False,False,False,safe-bo,
1771,1,1.0,1.522976,1.48515,0.263838,1.640058,0.665204,194.03531,1.352659,1.352659,False,False,False,False,safe-bo,
1772,1,0.969673,1.523869,1.792112,0.216355,1.606462,0.527438,197.266308,1.348514,1.348514,False,False,False,False,safe-bo,
1773,1,0.97863,1.377067,1.570866,0.378587,1.432504,0.512246,193.235608,1.349809,1.349809,False,False,False,False,safe-bo,
1774,1,0.966397,1.20462,1.563236,0.342548,1.366403,0.535644,197.124792,1.374211,1.374211,False,False,False,False,safe-bo,
1775,1,0.913717,1.461827,1.665581,0.12738,1.217441,0.610857,197.692031,1.223903,1.223903,False,False,False,False,safe-bo,
1776,1,1.0,1.379866,1.781317,0.374923,1.270461,0.405186,193.745758,1.361675,1.361675,False,False,False,False,safe-bo,
1777,1,1.0,1.58674,1.670507,0.332824,1.768533,0.448801,194.354157,1.294172,1.294172,False,False,False,False,safe-bo,
1778,1,0.897445,1.824426,2.103812,0.229872,1.696531,0.609027,197.326581,1.282772,1.282772,False,False,False,False,safe-bo,
1779,1,0.960488,1.581514,2.194036,0.230028,1.554953,0.554967,197.399875,1.37936,1.37936,False,False,False,False,safe-bo,
1780,1,0.97911,1.510893,1.325,0.372059,1.541751,0.681445,186.761922,1.35618,1.35618,False,False,False,False,safe-bo,
1781,1,0.91316,1.485359,1.853986,0.419351,1.505177,0.549517,183.616481,1.278897,1.278897,False,False,False,False,safe-bo,
1782,1,1.0,1.608134,1.720297,0.261455,1.288701,0.617999,192.47687,1.413465,1.413465,False,False,False,False,safe-bo,
1783,1,0.903424,1.549457,1.871608,0.373552,1.358906,0.57633,197.89624,1.328274,1.328274,False,False,False,False,safe-bo,
1784,1,0.919414,1.677245,1.421872,0.427838,1.564313,0.508697,183.812632,1.210095,1.210095,False,False,False,False,safe-bo,
1785,1,0.979559,1.424899,1.946836,0.437029,1.616289,0.565585,183.806522,1.372501,1.372501,False,False,False,False,safe-bo,
1786,1,1.0,1.637301,1.931651,0.370408,1.306172,0.652917,184.891662,1.409129,1.409129,False,False,False,False,safe-bo,
1787,1,1.0,1.647807,1.912173,0.457328,1.622383,0.496994,185.218419,1.355763,1.355763,False,False,False,False,safe-bo,
1788,1,1.0,1.506079,2.049219,0.144626,1.707437,0.685017,184.581222,1.330291,1.330291,False,False,False,False,safe-bo,
1789,1,1.0,1.615302,1.897921,0.237332,1.433027,0.554809,197.457079,1.482633,1.482633,False,False,False,False,safe-bo,
1790,1,1.0,1.565638,1.769467,0.359742,1.362133,0.728258,184.886859,1.35832,1.35832,False,False,False,False,safe-bo,
1791,1,0.970459,1.376545,1.934848,0.267052,1.371184,0.598174,184.682261,1.433982,1.433982,False,False,False,False,safe-bo,
1792,1,0.932673,1.618997,1.619327,0.30079,1.433806,0.715446,183.602803,1.266692,1.266692,False,False,False,False,safe-bo,
1793,1,0.948671,1.693972,1.531282,0.325084,1.554818,0.480321,193.746083,1.285828,1.285828,False,False,False,False,safe-bo,
1794,1,1.0,1.540489,1.674735,0.321237,1.636747,0.595367,193.817676,1.431576,1.431576,False,False,False,False,safe-bo,
1795,1,0.954942,1.701277,1.23714,0.295418,1.675917,0.53542,185.366432,1.242418,1.242418,False,False,False,False,safe-bo,
1796,1,1.0,1.356534,1.772715,0.407878,1.544379,0.590719,184.569171,1.389205,1.389205,False,False,False,False,safe-bo,
1797,1,0.99035,1.696978,2.063734,0.362951,1.768689,0.508662,197.90565,1.320152,1.320152,False,False,False,False,safe-bo,
1798,1,0.984916,1.641848,1.899075,0.265274,1.474885,0.541191,184.501972,1.413315,1.413315,False,False,False,False,safe-bo,
1799,1,0.9964,1.872665,1.402913,0.28215,1.526604,0.521382,197.198059,1.340303,1.340303,False,False,False,False,safe-bo,
1800,1,0.969997,1.531214,1.980061,0.231658,1.289964,0.608973,193.112969,1.359558,1.359558,False,False,False,False,safe-bo,
1801,1,1.0,1.590407,1.560342,0.303593,1.555536,0.589781,183.177864,1.336475,1.336475,False,False,False,False,safe-bo,
1802,1,0.999659,1.557626,1.954293,0.294169,1.312017,0.583465,197.76219,1.395133,1.395133,False,False,False,False,safe-bo,
1803,1,0.973432,1.622168,1.993585,0.365768,1.541759,0.597796,197.303713,1.393517,1.393517,False,False,False,False,safe-bo,
1804,1,1.0,1.332814,1.460498,0.276376,1.830243,0.488401,183.798521,1.254658,1.254658,False,False,False,False,safe-bo,
1805,1,0.990071,1.689912,1.746727,0.392874,1.634225,0.535623,197.150484,1.352059,1.352059,False,False,False,False,safe-bo,
1806,1,0.995275,1.84529,1.87252,0.349219,1.216124,0.564019,193.745775,1.332385,1.332385,False,False,False,False,safe-bo,
1807,1,1.0,1.583925,1.778589,0.313902,1.34134,0.590273,184.966373,1.412019,1.412019,False,False,False,False,safe-bo,
1808,1,0.970008,1.610497,1.643139,0.16273,1.548728,0.689463,193.715618,1.378351,1.378351,False,False,False,False,safe-bo,
1809,1,1.0,1.520479,1.944107,0.348815,1.587128,0.678814,185.323838,1.370918,1.370918,False,False,False,False,safe-bo,
1810,1,1.0,1.511491,1.960971,0.256078,1.36703,0.645367,192.748186,1.410157,1.410157,False,False,False,False,safe-bo,
1811,1,1.0,1.669989,1.586428,0.202742,1.932939,0.518988,183.281837,1.264291,1.264291,False,False,False,False,safe-bo,
1812,1,0.913529,1.573999,1.485478,0.400068,1.499587,0.624021,183.91555,1.272919,1.272919,False,False,False,False,safe-bo,
1813,1,0.982857,1.600822,1.683092,0.303125,1.45953,0.606478,193.28011,1.396121,1.396121,False,False,False,False,safe-bo,
1814,1,1.0,1.536469,1.7486,0.334814,1.078603,0.618279,193.50804,1.271033,1.271033,False,False,False,False,safe-bo,
1815,1,1.0,1.546159,1.249794,0.295912,1.432258,0.505718,183.595701,1.319129,1.319129,False,False,False,False,safe-bo,
1816,1,1.0,1.659492,1.836547,0.252124,1.596504,0.536271,182.704936,1.410307,1.410307,False,False,False,False,safe-bo,
1817,1,1.0,1.299312,1.802336,0.332214,1.549679,0.626564,192.920468,1.364354,1.364354,False,False,False,False,safe-bo,
1818,1,0.979057,1.779787,1.521626,0.371889,1.27172,0.601224,194.027507,1.304661,1.304661,False,False,False,False,safe-bo,
1819,1,1.0,1.537145,1.835638,0.268872,1.326149,0.578004,197.616147,1.352268,1.352268,False,False,False,False,safe-bo,
1820,1,1.0,1.538683,1.810187,0.307514,1.584761,0.612398,194.897524,1.468514,1.468514,False,False,False,False,safe-bo,
1821,1,1.0,1.675333,1.731354,0.425127,1.270111,0.790226,193.026808,1.296952,1.296952,False,False,False,False,safe-bo,
1822,1,1.0,1.47135,1.555567,0.203156,1.211641,0.624652,183.211759,1.302687,1.302687,False,False,False,False,safe-bo,
1823,1,1.0,1.643555,1.583738,0.312916,1.364112,0.697863,194.098307,1.394619,1.394619,False,False,False,False,safe-bo,
1824,1,1.0,1.538577,1.828707,0.300253,1.420444,0.625279,184.55787,1.501384,1.501384,False,False,False,False,safe-bo,
1825,1,0.945029,1.556333,1.568486,0.238971,1.460748,0.481062,192.567875,1.27163,1.27163,False,False,False,False,safe-bo,
1826,1,0.978404,1.335736,1.501026,0.181972,1.524216,0.501094,193.814764,1.366717,1.366717,False,False,False,False,safe-bo,
1827,1,0.977565,1.828294,1.712572,0.248154,1.529754,0.722894,182.167732,1.359643,1.359643,False,False,False,False,safe-bo,
1828,1,0.976857,1.392459,1.853591,0.242284,1.565027,0.538083,197.962549,1.381768,1.381768,False,False,False,False,safe-bo,
1829,1,1.0,1.760812,1.536954,0.449164,1.310309,0.719295,187.2048,1.278754,1.278754,False,False,False,False,safe-bo,
1830,1,0.943435,1.363715,2.033526,0.313353,1.570938,0.710107,192.423701,1.306679,1.306679,False,False,False,False,safe-bo,
1831,1,1.0,1.452195,1.730191,0.335387,1.071189,0.578037,193.764522,1.266039,1.266039,False,False,False,False,safe-bo,
1832,1,0.905413,1.675569,1.852244,0.228072,1.511964,0.621094,193.875501,1.226374,1.226374,False,False,False,False,safe-bo,
1833,1,0.976115,1.594129,1.982732,0.365354,1.814826,0.537103,183.655334,1.325547,1.325547,False,False,False,False,safe-bo,
1834,1,1.0,1.513413,1.425523,0.260768,1.437954,0.478502,194.683543,1.331848,1.331848,False,False,False,False,safe-bo,
1835,1,1.0,1.798165,1.757194,0.2073,1.571108,0.497676,197.961384,1.403944,1.403944,False,False,False,False,safe-bo,
1836,1,0.963232,1.376826,1.560667,0.157753,1.396664,0.621797,194.935252,1.313667,1.313667,False,False,False,False,safe-bo,
1837,1,1.0,1.736561,1.591566,0.187957,1.357371,0.75706,187.410757,1.404511,1.404511,False,False,False,False,safe-bo,
1838,1,1.0,1.496691,1.797966,0.254924,1.444359,0.469834,192.424036,1.33248,1.33248,False,False,False,False,safe-bo,
1839,1,0.989883,1.552563,2.047137,0.355154,1.443833,0.671781,182.517036,1.376436,1.376436,False,False,False,False,safe-bo,
1840,1,1.0,1.47387,1.530715,0.176086,1.577879,0.517098,193.604671,1.384724,1.384724,False,False,False,False,safe-bo,
1841,1,0.962195,1.475533,1.741072,0.303692,1.323149,0.704371,182.710714,1.390657,1.390657,False,False,False,False,safe-bo,
1842,1,1.0,1.636022,1.740426,0.214972,1.459501,0.637347,194.945846,1.387703,1.387703,False,False,False,False,safe-bo,
1843,1,0.97719,1.714856,1.405383,0.234066,1.194696,0.604075,187.151233,1.326298,1.326298,False,False,False,False,safe-bo,
1844,1,0.949446,1.496471,1.888863,0.294548,1.51989,0.613796,193.599785,1.338915,1.338915,False,False,False,False,safe-bo,
1845,1,0.998468,1.397807,1.336044,0.332945,1.511318,0.508956,182.271219,1.378881,1.378881,False,False,False,False,safe-bo,
1846,1,0.908518,1.543951,1.225127,0.35643,1.575223,0.503316,182.450094,1.190016,1.190016,False,False,False,False,safe-bo,
1847,1,0.919075,1.539555,1.606579,0.348781,1.124036,0.528115,193.526048,1.247679,1.247679,False,False,False,False,safe-bo,
1848,1,1.0,1.758449,2.043794,0.558973,1.376801,0.652433,182.222443,1.398193,1.398193,False,False,False,False,safe-bo,
1849,1,0.96313,1.393179,1.627112,0.215485,1.442753,0.652281,185.634889,1.327072,1.327072,False,False,False,False,safe-bo,
1850,1,0.968864,1.676513,1.715367,0.295256,1.449223,0.739817,182.240128,1.414738,1.414738,False,False,False,False,safe-bo,
1851,1,1.0,1.647046,1.951889,0.387937,1.383524,0.565985,184.714947,1.382384,1.382384,False,False,False,False,safe-bo,
1852,1,0.883303,1.678107,1.464318,0.302857,1.541546,0.514153,187.395457,1.200811,1.200811,False,False,False,False,safe-bo,
1853,1,0.939106,1.56725,1.553205,0.431549,1.402276,0.542497,194.890717,1.342814,1.342814,False,False,False,False,safe-bo,
1854,1,1.0,1.582174,1.874727,0.387946,1.169613,0.642349,182.530376,1.311108,1.311108,False,False,False,False,safe-bo,
1855,1,1.0,1.748162,1.48907,0.274616,1.471051,0.59544,194.231711,1.377248,1.377248,False,False,False,False,safe-bo,
1856,1,1.0,1.447251,1.6199,0.257532,1.323626,0.621069,193.431583,1.391871,1.391871,False,False,False,False,safe-bo,
1857,1,0.997736,1.489933,1.516762,0.382574,1.344519,0.57593,183.107231,1.381531,1.381531,False,False,False,False,safe-bo,
1858,1,0.958311,1.64496,1.764703,0.343711,1.651146,0.5831,183.602226,1.361096,1.361096,False,False,False,False,safe-bo,
1859,1,1.0,1.58577,1.799982,0.324804,1.326218,0.646583,193.615213,1.380401,1.380401,False,False,False,False,safe-bo,
1860,1,1.0,1.579796,1.859822,0.499071,1.6275,0.652658,183.854219,1.376725,1.376725,False,False,False,False,safe-bo,
1861,1,0.971443,1.282628,1.329919,0.46531,1.588307,0.585967,183.927235,1.309565,1.309565,False,False,False,False,safe-bo,
1862,1,1.0,1.976474,1.380244,0.411774,1.489915,0.605886,183.685898,1.406557,1.406557,False,False,False,False,safe-bo,
1863,1,0.960254,1.49473,1.72119,0.335361,1.675916,0.590599,187.090597,1.353558,1.353558,False,False,False,False,safe-bo,
1864,1,1.0,1.491537,1.676403,0.294809,1.426767,0.71517,185.197434,1.343038,1.343038,False,False,False,False,safe-bo,
1865,1,0.975045,1.600568,1.643386,0.415108,1.242087,0.741072,183.116458,1.264344,1.264344,False,False,False,False,safe-bo,
1866,1,0.992132,1.437842,1.620916,0.284791,1.308442,0.442672,186.916793,1.288988,1.288988,False,False,False,False,safe-bo,
1867,1,1.0,1.494651,1.635806,0.181282,1.446998,0.554484,192.905921,1.434753,1.434753,False,False,False,False,safe-bo,
1868,1,0.99158,1.475247,1.807318,0.333166,1.717919,0.575446,184.907743,1.328735,1.328735,False,False,False,False,safe-bo,
1869,1,1.0,1.601261,1.806077,0.328293,1.316409,0.71558,192.852373,1.3856,1.3856,False,False,False,False,safe-bo,
1870,1,1.0,1.797609,1.460365,0.266513,1.695915,0.570574,183.411263,1.323495,1.323495,False,False,False,False,safe-bo,
1871,1,0.966862,1.4941,1.340609,0.153269,1.781119,0.581838,182.190513,1.276176,1.276176,False,False,False,False,safe-bo,
1872,1,0.968197,1.551852,1.51186,0.334332,1.406608,0.49591,185.117256,1.341121,1.341121,False,False,False,False,safe-bo,
1873,1,1.0,1.511283,1.655898,0.333241,1.458653,0.542694,198.106846,1.418152,1.418152,False,False,False,False,safe-bo,
1874,1,0.989478,1.476711,1.040562,0.416013,1.657644,0.651061,183.892158,1.252333,1.252333,False,False,False,False,safe-bo,
1875,1,1.0,1.776437,1.685059,0.252183,1.477034,0.609202,182.89122,1.409666,1.409666,False,False,False,False,safe-bo,
1876,1,0.903208,1.589965,1.923821,0.27455,1.40276,0.591808,193.421777,1.313751,1.313751,False,False,False,False,safe-bo,
1877,1,1.0,1.549684,1.61174,0.37435,1.511327,0.630029,182.574905,1.40389,1.40389,False,False,False,False,safe-bo,
1878,1,0.949945,1.446699,1.70082,0.382883,1.597669,0.639474,187.421327,1.356601,1.356601,False,False,False,False,safe-bo,
1879,1,0.966388,1.537909,1.510985,0.244915,1.430105,0.640035,182.884642,1.342553,1.342553,False,False,False,False,safe-bo,
1880,1,1.0,1.54506,1.824381,0.254072,1.419004,0.609131,183.092951,1.352076,1.352076,False,False,False,False,safe-bo,
1881,1,0.991998,1.209168,1.313645,0.470816,1.471715,0.539565,187.361011,1.293781,1.293781,False,False,False,False,safe-bo,
1882,1,1.0,1.731548,1.743108,0.338029,1.504476,0.571231,182.325806,1.470202,1.470202,False,False,False,False,safe-bo,
1883,1,0.954195,1.673588,1.970096,0.282931,1.426915,0.520925,197.63546,1.399268,1.399268,False,False,False,False,safe-bo,
1884,1,1.0,1.66906,1.98062,0.297192,1.128097,0.682626,182.778807,1.310504,1.310504,False,False,False,False,safe-bo,
1885,1,0.862257,1.520564,2.181519,0.469004,1.409991,0.590183,194.166682,1.200968,1.200968,False,False,False,False,safe-bo,
1886,1,1.0,1.630488,1.6048,0.249617,1.301413,0.587409,194.428921,1.369334,1.369334,False,False,False,False,safe-bo,
1887,1,0.972634,1.484976,1.933109,0.33417,1.041629,0.586368,184.973528,1.251608,1.251608,False,False,False,False,safe-bo,
1888,1,0.925285,1.594807,2.125995,0.363056,1.589536,0.616331,192.258701,1.337628,1.337628,False,False,False,False,safe-bo,
1889,1,0.967693,1.781498,1.291616,0.316436,1.241495,0.592944,193.873788,1.232749,1.232749,False,False,False,False,safe-bo,
1890,1,1.0,1.528193,1.712999,0.458353,1.088776,0.642854,187.325037,1.278469,1.278469,False,False,False,False,safe-bo,
1891,1,0.960115,1.694835,1.458868,0.409645,1.589783,0.531483,185.388419,1.340684,1.340684,False,False,False,False,safe-bo,
1892,1,1.0,1.45287,2.050197,0.235521,1.395025,0.693252,184.848501,1.372387,1.372387,False,False,False,False,safe-bo,
1893,1,1.0,1.430686,1.601676,0.31145,1.615891,0.507954,197.655724,1.37581,1.37581,False,False,False,False,safe-bo,
1894,1,0.997699,1.634726,1.677889,0.399277,1.333298,0.617698,197.343567,1.401023,1.401023,False,False,False,False,safe-bo,
1895,1,0.959015,1.518382,1.636713,0.435989,1.435882,0.579576,187.251966,1.357183,1.357183,False,False,False,False,safe-bo,
1896,1,0.984313,1.74197,2.305384,0.283934,1.743603,0.576466,192.528302,1.340003,1.340003,False,False,False,False,safe-bo,
1897,1,1.0,1.366054,1.406135,0.227605,1.442174,0.64553,198.118216,1.354026,1.354026,False,False,False,False,safe-bo,
1898,1,1.0,1.859867,1.145683,0.344704,1.495703,0.461997,183.337298,1.254101,1.254101,False,False,False,False,safe-bo,
1899,1,1.0,1.664275,1.381523,0.277446,1.572698,0.650354,183.618828,1.375259,1.375259,False,False,False,False,safe-bo,
1900,1,0.894372,1.701387,1.815835,0.30091,1.336892,0.689768,194.16983,1.257144,1.257144,False,False,False,False,safe-bo,
1901,1,1.0,1.487735,1.878019,0.390245,1.178859,0.639499,187.136578,1.338217,1.338217,False,False,False,False,safe-bo,
1902,1,1.0,1.530288,1.965521,0.280174,1.279639,0.60921,185.016594,1.357145,1.357145,False,False,False,False,safe-bo,
1903,1,0.882011,1.579797,1.482073,0.332038,1.523116,0.612373,185.543505,1.195702,1.195702,False,False,False,False,safe-bo,
1904,1,0.94504,1.764618,1.612453,0.414321,1.67967,0.559274,184.844897,1.312343,1.312343,False,False,False,False,safe-bo,
1905,1,1.0,1.641477,1.89123,0.398795,1.491776,0.654691,194.999085,1.384257,1.384257,False,False,False,False,safe-bo,
1906,1,0.955414,1.760965,1.295956,0.222121,1.445833,0.599196,192.487085,1.296286,1.296286,False,False,False,False,safe-bo,
1907,1,0.99895,1.40538,1.700996,0.162805,1.504602,0.594485,192.569893,1.392809,1.392809,False,False,False,False,safe-bo,
1908,1,0.974702,1.617999,1.764533,0.323568,1.309394,0.493339,193.50926,1.3169,1.3169,False,False,False,False,safe-bo,
1909,1,1.0,1.541334,1.848632,0.354866,1.391664,0.533743,183.584613,1.411058,1.411058,False,False,False,False,safe-bo,
1910,1,0.886733,1.655171,1.423898,0.395399,1.189931,0.757064,192.629746,1.146265,1.146265,False,False,False,False,safe-bo,
1911,1,0.939333,1.622624,1.819214,0.30778,1.524845,0.518031,182.740683,1.337554,1.337554,False,False,False,False,safe-bo,
1912,1,1.0,1.533268,1.552215,0.289097,1.388437,0.652944,192.584782,1.380356,1.380356,False,False,False,False,safe-bo,
1913,1,1.0,1.698428,1.670865,0.46667,1.391352,0.516468,197.570553,1.320548,1.320548,False,False,False,False,safe-bo,
1914,1,1.0,1.660985,2.091921,0.268348,1.39976,0.5434,192.79622,1.436949,1.436949,False,False,False,False,safe-bo,
1915,1,1.0,1.572021,1.750368,0.409601,1.46203,0.499461,183.57654,1.420323,1.420323,False,False,False,False,safe-bo,
1916,1,1.0,1.528207,1.660686,0.311361,1.493221,0.686587,186.991125,1.417721,1.417721,False,False,False,False,safe-bo,
1917,1,0.96899,1.334726,2.125335,0.414282,1.28131,0.541386,193.76981,1.367187,1.367187,False,False,False,False,safe-bo,
1918,1,1.0,1.659391,1.863836,0.279575,1.527312,0.57506,194.515314,1.450733,1.450733,False,False,False,False,safe-bo,
1919,1,0.976921,1.584747,1.96873,0.32879,1.614942,0.561418,184.961499,1.351616,1.351616,False,False,False,False,safe-bo,
1920,1,1.0,1.690239,1.523855,0.316251,1.922436,0.610794,182.528184,1.257221,1.257221,False,False,False,False,safe-bo,
1921,1,1.0,1.427277,1.850293,0.442486,1.297285,0.707159,197.970183,1.36668,1.36668,False,False,False,False,safe-bo,
1922,1,1.0,1.502067,1.767287,0.358165,1.314933,0.563455,187.506822,1.41635,1.41635,False,False,False,False,safe-bo,
1923,1,0.970719,1.524246,2.089118,0.398037,1.470059,0.586159,197.837968,1.373436,1.373436,False,False,False,False,safe-bo,
1924,1,1.0,1.810245,1.609047,0.195181,1.568032,0.561654,182.428305,1.391635,1.391635,False,False,False,False,safe-bo,
1925,1,1.0,1.555666,1.678616,0.333616,1.580722,0.725257,182.711223,1.382769,1.382769,False,False,False,False,safe-bo,
1926,1,0.951234,1.555462,1.797223,0.309975,1.686171,0.604655,193.659584,1.375054,1.375054,False,False,False,False,safe-bo,
1927,1,0.996993,1.566293,1.03916,0.303087,1.602852,0.720729,192.134741,1.271981,1.271981,False,False,False,False,safe-bo,
1928,1,1.0,1.508429,1.217132,0.423266,1.557485,0.64028,197.925262,1.337774,1.337774,False,False,False,False,safe-bo,
1929,1,0.958266,1.517437,1.933312,0.428082,1.442945,0.52943,197.622716,1.360459,1.360459,False,False,False,False,safe-bo,
1930,1,0.92765,1.54852,1.694757,0.27284,1.807208,0.748077,181.946874,1.16326,1.16326,False,False,False,False,safe-bo,
1931,1,0.890447,1.630007,1.705879,0.371175,1.7541,0.651477,192.215877,1.177908,1.177908,False,False,False,False,safe-bo,
1932,1,0.998898,1.61479,1.578788,0.224783,1.495607,0.58427,192.541661,1.400146,1.400146,False,False,False,False,safe-bo,
1933,1,1.0,1.700285,1.56165,0.236098,1.54383,0.813814,192.320614,1.311442,1.311442,False,False,False,False,safe-bo,
1934,1,1.0,1.405165,2.002242,0.275562,1.390868,0.483448,193.629884,1.404796,1.404796,False,False,False,False,safe-bo,
1935,1,0.863922,1.568778,1.641249,0.283733,1.654501,0.689253,185.193034,1.205328,1.205328,False,False,False,False,safe-bo,
1936,1,0.933165,1.54979,1.754569,0.277096,1.321698,0.545937,195.00388,1.258115,1.258115,False,False,False,False,safe-bo,
1937,1,1.0,1.677396,1.467762,0.266737,1.390979,0.738136,197.424891,1.288596,1.288596,False,False,False,False,safe-bo,
1938,1,0.957318,1.639619,1.886932,0.23769,1.93191,0.496967,182.347975,1.234736,1.234736,False,False,False,False,safe-bo,
1939,1,0.923468,1.501973,1.747942,0.251257,1.330142,0.544671,197.665982,1.289012,1.289012,False,False,False,False,safe-bo,
1940,1,0.889658,1.322111,1.552671,0.421729,1.223556,0.581355,187.420898,1.140898,1.140898,False,False,False,False,safe-bo,
1941,1,0.958956,1.489548,1.869984,0.38159,1.872782,0.701315,181.97168,1.261997,1.261997,False,False,False,False,safe-bo,
1942,1,0.988468,1.548955,2.056149,0.308693,1.678287,0.544169,192.440767,1.396767,1.396767,False,False,False,False,safe-bo,
1943,1,0.995862,1.614499,1.848036,0.436858,1.590279,0.662038,182.322441,1.47979,1.47979,False,False,False,False,safe-bo,
1944,1,1.0,1.776031,1.250925,0.263458,1.422063,0.597189,183.762397,1.377542,1.377542,False,False,False,False,safe-bo,
1945,1,0.910823,1.737524,1.567666,0.263364,1.506787,0.63559,193.842083,1.290304,1.290304,False,False,False,False,safe-bo,
1946,1,0.982442,1.48755,1.687492,0.243988,1.624064,0.722438,193.645097,1.33866,1.33866,False,False,False,False,safe-bo,
1947,1,1.0,1.470364,1.370038,0.227233,1.536357,0.475963,197.934918,1.335292,1.335292,False,False,False,False,safe-bo,
1948,1,0.954339,1.606784,1.663057,0.283174,1.626312,0.782466,182.245827,1.252929,1.252929,False,False,False,False,safe-bo,
1949,1,0.963593,1.698077,1.639399,0.438677,1.368822,0.615764,197.548627,1.291032,1.291032,False,False,False,False,safe-bo,
1950,1,0.992136,1.331509,1.77175,0.166345,1.291157,0.696181,194.195464,1.368576,1.368576,False,False,False,False,safe-bo,
1951,1,1.0,1.563339,1.363618,0.314215,1.547914,0.627655,194.434408,1.378133,1.378133,False,False,False,False,safe-bo,
1952,1,1.0,1.471338,1.826677,0.267094,1.51062,0.638629,198.007964,1.350456,1.350456,False,False,False,False,safe-bo,
1953,1,0.989492,1.473768,1.557068,0.187489,1.309452,0.570534,192.361368,1.328332,1.328332,False,False,False,False,safe-bo,
1954,1,1.0,1.420425,2.170421,0.322815,1.625001,0.554338,193.966532,1.392556,1.392556,False,False,False,False,safe-bo,
1955,1,1.0,1.458624,1.651063,0.246878,1.327986,0.665652,187.215407,1.409092,1.409092,False,False,False,False,safe-bo,
1956,1,1.0,1.584501,1.859076,0.268619,1.567161,0.650272,182.320849,1.423087,1.423087,False,False,False,False,safe-bo,
1957,1,1.0,1.417936,1.470976,0.60434,1.437221,0.651026,194.789331,1.330225,1.330225,False,False,False,False,safe-bo,
1958,1,0.976532,1.652901,1.383522,0.337267,1.455642,0.671601,192.147431,1.280671,1.280671,False,False,False,False,safe-bo,
1959,1,0.971195,1.681843,1.906258,0.259673,1.304456,0.623082,194.556006,1.332288,1.332288,False,False,False,False,safe-bo,
1960,1,0.855925,1.407385,1.8776,0.411635,1.419359,0.681339,194.982469,1.231694,1.231694,False,False,False,False,safe-bo,
1961,1,0.936283,1.507706,1.441468,0.275052,1.255396,0.619914,181.929075,1.231681,1.231681,False,False,False,False,safe-bo,
1962,1,1.0,1.727539,1.771088,0.340634,1.308712,0.623602,187.242949,1.365355,1.365355,False,False,False,False,safe-bo,
1963,1,0.980299,1.39829,1.777044,0.291021,1.442518,0.50696,182.027181,1.360578,1.360578,False,False,False,False,safe-bo,
1964,1,1.0,1.713827,1.792358,0.445419,1.459492,0.577155,197.357195,1.386445,1.386445,False,False,False,False,safe-bo,
1965,1,0.920824,1.538797,1.622672,0.247632,1.199122,0.589291,182.383324,1.24786,1.24786,False,False,False,False,safe-bo,
1966,1,1.0,1.509782,1.601004,0.406585,1.591124,0.727916,194.541864,1.384109,1.384109,False,False,False,False,safe-bo,
1967,1,1.0,1.888517,1.92459,0.311988,1.382255,0.591529,192.601801,1.38103,1.38103,False,False,False,False,safe-bo,
1968,1,1.0,1.30148,1.66736,0.380285,1.211929,0.670812,194.947407,1.32539,1.32539,False,False,False,False,safe-bo,
1969,1,1.0,1.449462,1.400212,0.282341,1.42103,0.552846,183.311329,1.368124,1.368124,False,False,False,False,safe-bo,
1970,1,1.0,1.776351,1.604947,0.215738,1.220171,0.577197,182.273538,1.341912,1.341912,False,False,False,False,safe-bo,
1971,1,1.0,1.704183,1.649809,0.391064,1.416128,0.687618,183.866014,1.40743,1.40743,False,False,False,False,safe-bo,
1972,1,0.879547,1.674652,1.827956,0.254388,1.529214,0.623399,187.434924,1.262118,1.262118,False,False,False,False,safe-bo,
1973,1,1.0,1.601627,1.428888,0.427422,1.638957,0.676338,187.512914,1.3187,1.3187,False,False,False,False,safe-bo,
1974,1,1.0,1.629501,1.263815,0.326654,1.56978,0.76891,194.82873,1.239042,1.239042,False,False,False,False,safe-bo,
1975,1,0.910544,1.521163,1.815214,0.318893,1.368285,0.359826,185.355602,1.096698,1.096698,False,False,False,False,safe-bo,
1976,1,0.91506,1.768648,2.040899,0.223611,1.382389,0.442993,192.70793,1.22844,1.22844,False,False,False,False,safe-bo,
1977,1,0.975077,1.478797,0.985769,0.332735,1.362128,0.632673,192.328953,1.225317,1.225317,False,False,False,False,safe-bo,
1978,1,0.888167,1.554754,1.146138,0.40254,1.718898,0.651675,191.634114,1.151993,1.151993,False,False,False,False,safe-bo,
1979,1,0.889879,1.503659,1.163149,0.305053,1.625757,0.569616,197.680949,1.156559,1.156559,False,False,False,False,safe-bo,
1980,1,1.0,1.56145,1.257285,0.415577,1.651855,0.586747,194.744368,1.386772,1.386772,False,False,False,False,safe-bo,
1981,1,0.901554,1.378452,1.935979,0.409208,1.600872,0.569182,181.712154,1.272768,1.272768,False,False,False,False,safe-bo,
1982,1,1.0,1.380912,1.637811,0.448623,1.249292,0.618165,183.504496,1.325891,1.325891,False,False,False,False,safe-bo,
1983,1,0.975968,1.252776,2.148131,0.247173,1.472089,0.583936,192.420525,1.410432,1.410432,False,False,False,False,safe-bo,
1984,1,0.935199,1.723801,1.184216,0.340524,1.471869,0.728723,183.915613,1.171685,1.171685,False,False,False,False,safe-bo,
1985,1,0.967284,1.552539,1.787371,0.383199,1.243889,0.610905,197.447277,1.333871,1.333871,False,False,False,False,safe-bo,
1986,1,0.99446,1.792148,1.391567,0.30777,1.313819,0.575774,182.64286,1.278122,1.278122,False,False,False,False,safe-bo,
1987,1,0.930896,1.499426,1.883535,0.112159,1.332967,0.69574,193.609818,1.278463,1.278463,False,False,False,False,safe-bo,
1988,1,0.985437,1.437031,1.816935,0.208398,1.361011,0.669083,181.688905,1.376551,1.376551,False,False,False,False,safe-bo,
1989,1,0.996265,1.580045,1.440915,0.391506,1.277688,0.651743,194.766366,1.33411,1.33411,False,False,False,False,safe-bo,
1990,1,1.0,1.463378,2.058406,0.273643,1.517936,0.593271,193.948842,1.445203,1.445203,False,False,False,False,safe-bo,
1991,1,0.999675,1.634408,1.533442,0.336937,1.560059,0.552953,187.652088,1.35416,1.35416,False,False,False,False,safe-bo,
1992,1,1.0,1.87798,1.554691,0.290542,1.776057,0.625361,183.853014,1.314678,1.314678,False,False,False,False,safe-bo,
1993,1,0.98709,1.298708,1.034695,0.267036,1.534906,0.541878,183.649525,1.307592,1.307592,False,False,False,False,safe-bo,
1994,1,0.964402,1.653631,1.390168,0.309942,1.168243,0.614011,183.394476,1.257625,1.257625,False,False,False,False,safe-bo,
1995,1,1.0,1.617806,2.202529,0.469609,1.35248,0.602335,182.069856,1.364281,1.364281,False,False,False,False,safe-bo,
1996,1,0.96182,1.338359,1.655331,0.274956,1.241125,0.439142,183.443223,1.257585,1.257585,False,False,False,False,safe-bo,
1997,1,0.926384,1.637502,1.449297,0.315213,1.314502,0.617394,183.528717,1.271402,1.271402,False,False,False,False,safe-bo,
1998,1,1.0,1.575517,1.673577,0.275898,1.672572,0.563924,183.799976,1.451054,1.451054,False,False,False,False,safe-bo,
1999,1,1.0,1.385428,1.824168,0.431112,1.350265,0.57315,192.221238,1.429218,1.429218,False,False,False,False,safe-bo,
2000,1,1.0,1.438524,1.47406,0.267113,1.328327,0.729056,197.808697,1.338444,1.338444,False,False,False,False,safe-bo,
2001,1,0.95348,1.761666,1.826649,0.261787,1.384655,0.480061,193.288734,1.305645,1.305645,False,False,False,False,safe-bo,
2002,1,1.0,1.734261,1.512489,0.381903,1.259873,0.533862,182.45499,1.386551,1.386551,False,False,False,False,safe-bo,
2003,1,1.0,1.638632,2.111681,0.24131,1.700633,0.585203,193.554042,1.398178,1.398178,False,False,False,False,safe-bo,
2004,1,0.90127,1.421517,1.583706,0.36,1.449269,0.521806,194.550422,1.226238,1.226238,False,False,False,False,safe-bo,
2005,1,1.0,1.470267,1.572874,0.313474,1.569411,0.548445,192.616039,1.362367,1.362367,False,False,False,False,safe-bo,
2006,1,1.0,1.864603,1.709066,0.357472,1.631487,0.599629,193.826278,1.383407,1.383407,False,False,False,False,safe-bo,
2007,1,0.924623,1.65259,1.706352,0.322828,1.484225,0.513524,198.036676,1.290074,1.290074,False,False,False,False,safe-bo,
2008,1,0.901745,1.632387,1.802447,0.384155,1.343881,0.534362,187.373908,1.27916,1.27916,False,False,False,False,safe-bo,
2009,1,0.999716,1.703916,1.736125,0.310531,1.435212,0.582902,181.995978,1.450506,1.450506,False,False,False,False,safe-bo,
2010,1,0.998976,1.609777,1.63777,0.280023,1.371313,0.593252,187.362908,1.436651,1.436651,False,False,False,False,safe-bo,
2011,1,1.0,1.43098,1.184935,0.270448,1.4787,0.722116,192.588259,1.295648,1.295648,False,False,False,False,safe-bo,
2012,1,0.835883,1.671674,1.799883,0.255933,1.324163,0.637929,193.193554,1.197346,1.197346,False,False,False,False,safe-bo,
2013,1,1.0,1.742277,1.422272,0.235274,1.339635,0.818184,193.231529,1.304019,1.304019,False,False,False,False,safe-bo,
2014,1,0.953799,1.554063,1.858508,0.347529,1.171872,0.509894,193.301498,1.290678,1.290678,False,False,False,False,safe-bo,
2015,1,1.0,1.636223,1.688126,0.269724,1.526921,0.572838,195.089706,1.470338,1.470338,False,False,False,False,safe-bo,
2016,1,1.0,1.570543,1.742364,0.45941,1.348954,0.581148,198.210608,1.338335,1.338335,False,False,False,False,safe-bo,
2017,1,0.999797,1.534736,2.037311,0.337396,1.327132,0.548779,194.497682,1.385147,1.385147,False,False,False,False,safe-bo,
2018,1,1.0,1.477732,1.900644,0.400789,1.700542,0.471229,194.500237,1.327063,1.327063,False,False,False,False,safe-bo,
2019,1,0.906867,1.662364,1.293682,0.358044,1.313522,0.551936,197.801657,1.118696,1.118696,False,False,False,False,safe-bo,
2020,1,0.952779,1.600942,1.676478,0.325051,1.471946,0.598015,192.988534,1.357681,1.357681,False,False,False,False,safe-bo,
2021,1,0.951645,1.453411,1.534657,0.381987,1.252307,0.535619,183.596666,1.311404,1.311404,False,False,False,False,safe-bo,
2022,1,1.0,1.452661,1.816845,0.202571,1.400183,0.592804,194.380622,1.401138,1.401138,False,False,False,False,safe-bo,
2023,1,0.955088,1.445865,1.661461,0.275532,1.385882,0.598965,183.714008,1.351355,1.351355,False,False,False,False,safe-bo,
2024,1,0.9608,1.638464,1.661344,0.279373,1.348814,0.678048,192.409732,1.305406,1.305406,False,False,False,False,safe-bo,
2025,1,0.98606,1.445308,1.401895,0.27585,1.376344,0.58039,192.594027,1.333223,1.333223,False,False,False,False,safe-bo,
2026,1,1.0,1.400275,1.648233,0.310724,1.26739,0.663803,193.229731,1.372761,1.372761,False,False,False,False,safe-bo,
2027,1,0.990344,1.625451,1.598321,0.229882,1.377716,0.601689,195.155995,1.347601,1.347601,False,False,False,False,safe-bo,
2028,1,1.0,1.441751,2.063155,0.331994,1.309935,0.615857,197.885448,1.445587,1.445587,False,False,False,False,safe-bo,
2029,1,1.0,1.627756,1.846214,0.425847,1.548525,0.705191,194.730342,1.329816,1.329816,False,False,False,False,safe-bo,
2030,1,1.0,1.721193,1.952331,0.280526,1.596022,0.739314,197.644334,1.390005,1.390005,False,False,False,False,safe-bo,
2031,1,1.0,1.492155,1.891285,0.277165,1.552476,0.685656,192.645743,1.401244,1.401244,False,False,False,False,safe-bo,
2032,1,0.954037,1.590876,2.099052,0.365608,1.228947,0.606227,193.104629,1.354974,1.354974,False,False,False,False,safe-bo,
2033,1,1.0,1.569788,1.806619,0.439309,1.653389,0.531779,182.445371,1.401713,1.401713,False,False,False,False,safe-bo,
2034,1,1.0,1.667981,1.975729,0.312765,1.595976,0.53459,194.345771,1.359511,1.359511,False,False,False,False,safe-bo,
2035,1,1.0,1.594468,1.703208,0.282532,1.421586,0.571114,194.51494,1.346739,1.346739,False,False,False,False,safe-bo,
2036,1,1.0,1.227111,1.796169,0.3622,1.265848,0.544753,195.111608,1.346373,1.346373,False,False,False,False,safe-bo,
2037,1,1.0,1.454709,2.040641,0.359275,1.544818,0.739615,192.017738,1.36573,1.36573,False,False,False,False,safe-bo,
2038,1,0.965452,1.699517,2.199385,0.381061,1.474291,0.575543,193.555984,1.370646,1.370646,False,False,False,False,safe-bo,
2039,1,1.0,1.281931,1.780292,0.410549,1.226884,0.585522,198.065389,1.359751,1.359751,False,False,False,False,safe-bo,
2040,1,1.0,1.348067,1.366598,0.243268,1.422819,0.511031,195.037256,1.365243,1.365243,False,False,False,False,safe-bo,
2041,1,0.989944,1.581333,2.413605,0.254881,1.456744,0.541712,182.258634,1.342365,1.342365,False,False,False,False,safe-bo,
2042,1,0.917626,1.388603,1.790432,0.365124,1.453154,0.6509,194.828975,1.24989,1.24989,False,False,False,False,safe-bo,
2043,1,1.0,1.482416,1.582519,0.36017,1.550265,0.589974,197.389544,1.414843,1.414843,False,False,False,False,safe-bo,
2044,1,1.0,1.556566,1.832188,0.371937,1.418968,0.704529,194.039811,1.384304,1.384304,False,False,False,False,safe-bo,
2045,1,1.0,1.734074,1.58288,0.548777,1.297894,0.431107,197.632225,1.237134,1.237134,False,False,False,False,safe-bo,
2046,1,0.946872,1.596726,1.917235,0.289354,1.098504,0.491028,181.752887,1.188418,1.188418,False,False,False,False,safe-bo,
2047,1,1.0,1.481688,1.680036,0.254118,1.375918,0.621341,197.71464,1.404192,1.404192,False,False,False,False,safe-bo,
2048,1,0.97982,1.583079,1.614605,0.291443,1.411294,0.531866,193.232346,1.413269,1.413269,False,False,False,False,safe-bo,
2049,1,1.0,1.699636,1.466014,0.222924,1.449257,0.616655,194.774725,1.335899,1.335899,False,False,False,False,safe-bo,
2050,1,0.93374,1.566033,1.936623,0.385424,1.443698,0.584719,182.068939,1.296236,1.296236,False,False,False,False,safe-bo,
2051,1,0.972688,1.671824,1.923468,0.197208,1.321824,0.571638,181.514906,1.378803,1.378803,False,False,False,False,safe-bo,
2052,1,0.905427,1.624837,1.682713,0.232351,1.362321,0.696098,193.630967,1.294687,1.294687,False,False,False,False,safe-bo,
2053,1,1.0,1.692682,1.833108,0.31264,1.696856,0.706054,181.679644,1.364707,1.364707,False,False,False,False,safe-bo,
2054,1,1.0,1.636517,1.77241,0.354979,1.595149,0.58092,192.380016,1.382805,1.382805,False,False,False,False,safe-bo,
2055,1,1.0,1.317913,1.769314,0.253711,1.253563,0.492277,187.154649,1.286224,1.286224,False,False,False,False,safe-bo,
2056,1,1.0,1.66388,1.841006,0.235516,1.220357,0.575622,192.847869,1.373376,1.373376,False,False,False,False,safe-bo,
2057,1,0.959253,1.316866,1.570383,0.312317,1.236586,0.618523,194.835807,1.259845,1.259845,False,False,False,False,safe-bo,
2058,1,0.972984,1.648001,1.877179,0.386782,1.628168,0.550526,182.163829,1.435127,1.435127,False,False,False,False,safe-bo,
2059,1,0.993251,1.349152,1.916162,0.362926,1.370133,0.633967,183.467502,1.477354,1.477354,False,False,False,False,safe-bo,
2060,1,1.0,1.431196,1.759413,0.261418,1.649417,0.565458,192.464795,1.414597,1.414597,False,False,False,False,safe-bo,
2061,1,0.96183,1.572169,2.092201,0.431474,1.52963,0.602704,194.447545,1.380843,1.380843,False,False,False,False,safe-bo,
2062,1,1.0,1.484818,1.878674,0.375934,1.539869,0.540719,193.978741,1.418265,1.418265,False,False,False,False,safe-bo,
2063,1,0.99265,1.567412,1.479611,0.379501,1.578974,0.648799,182.287094,1.399388,1.399388,False,False,False,False,safe-bo,
2064,1,0.97347,1.54192,1.86704,0.34025,1.509449,0.575899,187.285882,1.395851,1.395851,False,False,False,False,safe-bo,
2065,1,1.0,1.600413,1.284845,0.293806,1.328683,0.608711,197.637974,1.335772,1.335772,False,False,False,False,safe-bo,
2066,1,1.0,1.536576,1.523604,0.37287,1.874347,0.596021,197.531344,1.326925,1.326925,False,False,False,False,safe-bo,
2067,1,1.0,1.408687,1.975001,0.267594,1.543245,0.453244,192.141931,1.396979,1.396979,False,False,False,False,safe-bo,
2068,1,1.0,1.725489,1.867386,0.357827,1.419702,0.54802,193.337951,1.485955,1.485955,False,False,False,False,safe-bo,
2069,1,0.972518,1.61038,1.794475,0.31433,1.533845,0.632881,193.41927,1.342155,1.342155,False,False,False,False,safe-bo,
2070,1,0.978536,1.621037,1.404522,0.302116,1.375821,0.528027,181.839034,1.30753,1.30753,False,False,False,False,safe-bo,
2071,1,1.0,1.504274,1.969331,0.333501,1.158938,0.594771,183.266615,1.314497,1.314497,False,False,False,False,safe-bo,
2072,1,1.0,1.445639,1.405252,0.364974,1.596037,0.636765,181.563267,1.3895,1.3895,False,False,False,False,safe-bo,
2073,1,1.0,1.700467,1.468148,0.433117,1.21713,0.437074,192.877018,1.227313,1.227313,False,False,False,False,safe-bo,
2074,1,0.893473,1.630418,1.267598,0.221769,1.595695,0.533772,181.835822,1.201598,1.201598,False,False,False,False,safe-bo,
2075,1,1.0,1.364368,1.602523,0.162371,1.516261,0.672878,181.735704,1.341749,1.341749,False,False,False,False,safe-bo,
2076,1,1.0,1.757078,1.863486,0.392249,1.319643,0.545795,197.866642,1.392151,1.392151,False,False,False,False,safe-bo,
2077,1,0.98032,1.636289,1.567096,0.314345,1.517202,0.766921,192.344353,1.375596,1.375596,False,False,False,False,safe-bo,
2078,1,1.0,1.636809,1.600662,0.387014,1.377299,0.479702,194.050297,1.403247,1.403247,False,False,False,False,safe-bo,
2079,1,1.0,1.616733,1.843541,0.235757,1.151567,0.572625,187.423021,1.272778,1.272778,False,False,False,False,safe-bo,
2080,1,1.0,1.617901,1.504182,0.281995,1.44257,0.623912,183.389001,1.404493,1.404493,False,False,False,False,safe-bo,
2081,1,1.0,1.640908,1.371897,0.342878,1.298928,0.589139,192.717934,1.36483,1.36483,False,False,False,False,safe-bo,
2082,1,1.0,1.764432,1.671775,0.319078,1.600439,0.572893,187.478196,1.396304,1.396304,False,False,False,False,safe-bo,
2083,1,0.911703,1.659336,1.968708,0.290975,1.618239,0.618979,183.685425,1.267788,1.267788,False,False,False,False,safe-bo,
2084,1,0.95657,1.786086,1.746618,0.226142,1.226892,0.513766,197.585292,1.30535,1.30535,False,False,False,False,safe-bo,
2085,1,1.0,1.7206,1.70755,0.359708,1.29391,0.631698,181.460604,1.385745,1.385745,False,False,False,False,safe-bo,
2086,1,1.0,1.537253,1.705988,0.265152,1.394776,0.601908,183.689482,1.431058,1.431058,False,False,False,False,safe-bo,
2087,1,1.0,1.311834,1.507425,0.414137,1.189657,0.569507,193.062986,1.301162,1.301162,False,False,False,False,safe-bo,
2088,1,0.968639,1.465082,1.526111,0.360303,1.335376,0.583712,198.021616,1.40483,1.40483,False,False,False,False,safe-bo,
2089,1,1.0,1.593528,1.603072,0.174746,1.715833,0.595699,182.492805,1.329551,1.329551,False,False,False,False,safe-bo,
2090,1,0.990736,1.738026,1.666714,0.307272,1.496086,0.573444,192.898609,1.392804,1.392804,False,False,False,False,safe-bo,
2091,1,1.0,1.496304,1.360632,0.23339,1.429793,0.631028,195.093447,1.377605,1.377605,False,False,False,False,safe-bo,
2092,1,0.831387,1.727998,1.417861,0.181476,1.320157,0.468593,181.539673,1.098928,1.098928,False,False,False,False,safe-bo,
2093,1,0.912787,1.476139,1.887606,0.222264,1.318002,0.736603,187.311894,1.192683,1.192683,False,False,False,False,safe-bo,
2094,1,1.0,1.548601,1.539733,0.220803,1.546735,0.689616,181.698153,1.411724,1.411724,False,False,False,False,safe-bo,
2095,1,1.0,1.637468,1.149959,0.251515,1.541466,0.612462,192.985752,1.274278,1.274278,False,False,False,False,safe-bo,
2096,1,1.0,1.32132,2.29962,0.41928,1.606125,0.60847,182.438711,1.399024,1.399024,False,False,False,False,safe-bo,
2097,1,0.973623,1.520975,1.734163,0.302401,1.478805,0.517611,192.901994,1.363769,1.363769,False,False,False,False,safe-bo,
2098,1,0.918848,1.588644,1.386213,0.276805,1.317397,0.641803,194.879557,1.215822,1.215822,False,False,False,False,safe-bo,
2099,1,1.0,1.602825,2.045763,0.502452,1.445473,0.557299,183.553152,1.419798,1.419798,False,False,False,False,safe-bo,
2100,1,1.0,1.481113,1.632452,0.304303,1.46466,0.518851,182.633633,1.326909,1.326909,False,False,False,False,safe-bo,
2101,1,1.0,1.680009,1.426211,0.262225,1.164426,0.601203,181.346246,1.270398,1.270398,False,False,False,False,safe-bo,
2102,1,0.868329,1.791909,1.749509,0.304129,1.187811,0.58052,183.302753,1.142645,1.142645,False,False,False,False,safe-bo,
2103,1,0.936999,1.684702,1.905264,0.396891,1.640893,0.615578,183.671658,1.347659,1.347659,False,False,False,False,safe-bo,
2104,1,0.976811,1.742015,1.874319,0.368731,1.429062,0.615578,197.6016,1.443893,1.443893,False,False,False,False,safe-bo,
2105,1,1.0,1.66964,1.721026,0.299627,1.23774,0.68075,194.847153,1.376972,1.376972,False,False,False,False,safe-bo,
2106,1,0.937153,1.420792,1.783814,0.324794,1.280119,0.618896,186.973272,1.344406,1.344406,False,False,False,False,safe-bo,
2107,1,0.850505,1.42376,1.981861,0.34699,1.49045,0.576563,182.669151,1.154445,1.154445,False,False,False,False,safe-bo,
2108,1,0.95297,1.398431,1.710114,0.4,1.259479,0.720511,183.644817,1.269492,1.269492,False,False,False,False,safe-bo,
2109,1,0.948335,1.396546,1.903987,0.441501,1.667674,0.652428,192.393443,1.272934,1.272934,False,False,False,False,safe-bo,
2110,1,0.996935,1.733824,1.938838,0.311599,1.556363,0.622336,184.224931,1.419594,1.419594,False,False,False,False,safe-bo,
2111,1,1.0,1.540255,1.885744,0.336899,1.696147,0.601289,194.677889,1.413287,1.413287,False,False,False,False,safe-bo,
2112,1,1.0,1.646254,1.65437,0.423374,1.504535,0.650016,187.138718,1.398748,1.398748,False,False,False,False,safe-bo,
2113,1,1.0,1.606667,1.930993,0.35607,1.572641,0.777636,187.803037,1.385469,1.385469,False,False,False,False,safe-bo,
2114,1,0.978458,1.660813,1.788023,0.488844,1.187252,0.605386,193.061329,1.226769,1.226769,False,False,False,False,safe-bo,
2115,1,0.942067,1.534601,1.544741,0.321162,1.561867,0.525521,197.618083,1.283512,1.283512,False,False,False,False,safe-bo,
2116,1,0.830842,1.593809,2.623428,0.399608,1.303607,0.49951,181.999779,1.040435,1.040435,False,False,False,False,safe-bo,
2117,1,0.992883,1.685304,1.530746,0.261034,1.278582,0.530511,193.062509,1.290241,1.290241,False,False,False,False,safe-bo,
2118,1,0.97245,1.519077,2.05133,0.274418,1.420891,0.558759,194.720549,1.421882,1.421882,False,False,False,False,safe-bo,
2119,1,1.0,1.652746,1.377017,0.295764,1.381098,0.52027,193.074349,1.353037,1.353037,False,False,False,False,safe-bo,
2120,1,0.881683,1.524114,1.793414,0.37398,1.553744,0.595951,181.586132,1.302126,1.302126,False,False,False,False,safe-bo,
2121,1,1.0,1.687048,1.27255,0.290131,1.592583,0.788869,197.878568,1.290707,1.290707,False,False,False,False,safe-bo,
2122,1,0.906552,1.748378,1.88751,0.185268,1.49331,0.62713,194.005502,1.292039,1.292039,False,False,False,False,safe-bo,
2123,1,0.967472,1.693073,1.887435,0.386173,1.525894,0.628292,194.57681,1.353416,1.353416,False,False,False,False,safe-bo,
2124,1,1.0,1.441269,1.78196,0.337377,1.76309,0.647318,182.698668,1.395737,1.395737,False,False,False,False,safe-bo,
2125,1,1.0,1.475023,1.565957,0.474269,1.369437,0.633125,192.045398,1.337968,1.337968,False,False,False,False,safe-bo,
2126,1,1.0,1.508919,1.733941,0.281125,1.754425,0.659206,184.265188,1.327671,1.327671,False,False,False,False,safe-bo,
2127,1,1.0,1.685166,1.853874,0.234988,1.419952,0.640362,192.112015,1.388581,1.388581,False,False,False,False,safe-bo,
2128,1,1.0,1.403079,1.9451,0.362943,1.652864,0.498274,182.577942,1.389697,1.389697,False,False,False,False,safe-bo,
2129,1,1.0,1.621869,1.48939,0.390438,1.693137,0.613645,194.890059,1.395844,1.395844,False,False,False,False,safe-bo,
2130,1,1.0,1.46642,1.5777,0.183609,1.40245,0.627085,192.109192,1.387636,1.387636,False,False,False,False,safe-bo,
2131,1,0.991315,1.649611,1.841769,0.207504,1.508019,0.693453,194.920049,1.428309,1.428309,False,False,False,False,safe-bo,
2132,1,0.989455,1.916795,1.730121,0.421138,1.860143,0.496259,194.093721,1.268771,1.268771,False,False,False,False,safe-bo,
2133,1,1.0,1.640759,2.063788,0.27677,1.582056,0.520346,182.952812,1.402119,1.402119,False,False,False,False,safe-bo,
2134,1,1.0,1.534684,1.683885,0.164388,1.535089,0.625658,194.24402,1.483201,1.483201,False,False,False,False,safe-bo,
2135,1,0.993464,1.581398,1.601648,0.360343,1.484488,0.589421,194.776789,1.456208,1.456208,False,False,False,False,safe-bo,
2136,1,1.0,1.57541,1.809959,0.319826,1.465144,0.566747,192.305485,1.436845,1.436845,False,False,False,False,safe-bo,
2137,1,0.869678,1.455273,1.777444,0.349414,1.255293,0.748178,181.614151,1.122199,1.122199,False,False,False,False,safe-bo,
2138,1,0.965637,1.598155,1.678922,0.254515,1.608259,0.625627,194.603858,1.313925,1.313925,False,False,False,False,safe-bo,
2139,1,0.859279,1.606839,1.901689,0.338922,0.974848,0.566133,187.861211,1.056362,1.056362,False,False,False,False,safe-bo,
2140,1,1.0,1.490125,1.825256,0.320162,0.95986,0.656852,184.094959,1.188691,1.188691,False,False,False,False,safe-bo,
2141,1,0.994837,1.580663,1.403139,0.286935,1.496731,0.509194,193.73938,1.366127,1.366127,False,False,False,False,safe-bo,
2142,1,0.952719,1.429534,1.606624,0.280244,1.53055,0.700455,193.521342,1.330339,1.330339,False,False,False,False,safe-bo,
2143,1,0.993011,1.352756,1.455196,0.213594,1.563819,0.59518,192.393352,1.383132,1.383132,False,False,False,False,safe-bo,
2144,1,0.845292,1.602183,1.674769,0.499861,1.478508,0.536914,184.354988,1.188972,1.188972,False,False,False,False,safe-bo,
2145,1,0.925304,1.759214,1.983015,0.337286,1.704021,0.757704,193.932496,1.246541,1.246541,False,False,False,False,safe-bo,
2146,1,1.0,1.572468,1.901919,0.176352,1.414533,0.640555,187.903117,1.389035,1.389035,False,False,False,False,safe-bo,
2147,1,0.908192,1.830048,1.397586,0.257775,1.166542,0.527941,194.129469,1.136334,1.136334,False,False,False,False,safe-bo,
2148,1,1.0,1.391208,1.797247,0.438398,1.304077,0.554947,181.77316,1.390939,1.390939,False,False,False,False,safe-bo,
2149,1,1.0,1.381539,1.568569,0.241463,1.642605,0.489037,193.821724,1.323583,1.323583,False,False,False,False,safe-bo,
2150,1,0.98746,1.638084,1.889805,0.21505,1.332704,0.583318,187.032935,1.409548,1.409548,False,False,False,False,safe-bo,
2151,1,1.0,1.544107,1.914037,0.200743,1.595737,0.557515,194.540192,1.438428,1.438428,False,False,False,False,safe-bo,
2152,1,1.0,1.620489,1.500812,0.388975,1.518428,0.672394,181.688693,1.37271,1.37271,False,False,False,False,safe-bo,
2153,1,1.0,1.610113,1.94976,0.418691,1.572203,0.631924,183.263722,1.392781,1.392781,False,False,False,False,safe-bo,
2154,1,0.885524,1.522521,1.547262,0.311315,1.288909,0.635688,184.141337,1.155029,1.155029,False,False,False,False,safe-bo,
2155,1,1.0,1.657609,1.970366,0.15109,1.55893,0.753941,183.03687,1.312631,1.312631,False,False,False,False,safe-bo,
2156,1,1.0,1.501391,1.713749,0.216931,1.45637,0.706486,181.030213,1.335915,1.335915,False,False,False,False,safe-bo,
2157,1,1.0,1.540573,1.716935,0.417615,1.209552,0.549002,181.090805,1.334763,1.334763,False,False,False,False,safe-bo,
2158,1,1.0,1.602973,1.987296,0.306877,1.483617,0.588876,183.95406,1.426251,1.426251,False,False,False,False,safe-bo,
2159,1,1.0,1.221647,1.374589,0.254992,1.556622,0.736812,197.712886,1.29466,1.29466,False,False,False,False,safe-bo,
2160,1,1.0,1.910727,1.496271,0.286873,1.469064,0.543108,192.97313,1.414958,1.414958,False,False,False,False,safe-bo,
2161,1,0.977581,1.525036,1.865834,0.214746,1.29577,0.60042,181.334621,1.365919,1.365919,False,False,False,False,safe-bo,
2162,1,1.0,1.444573,1.495151,0.305029,1.363436,0.733187,197.972276,1.33796,1.33796,False,False,False,False,safe-bo,
2163,1,0.913163,1.349594,2.08893,0.292157,1.423291,0.684062,187.995117,1.308084,1.308084,False,False,False,False,safe-bo,
2164,1,0.965159,1.43901,1.966466,0.291885,1.44282,0.615471,186.572433,1.417781,1.417781,False,False,False,False,safe-bo,
2165,1,1.0,1.423355,1.880631,0.262295,1.633015,0.540559,182.787038,1.362747,1.362747,False,False,False,False,safe-bo,
2166,1,0.987464,1.819642,1.975753,0.272835,1.644588,0.557689,193.392538,1.421594,1.421594,False,False,False,False,safe-bo,
2167,1,1.0,1.617354,1.572877,0.263387,1.451002,0.514076,197.860565,1.334124,1.334124,False,False,False,False,safe-bo,
2168,1,0.9241,1.499855,2.291579,0.36622,1.355275,0.5883,187.774206,1.272667,1.272667,False,False,False,False,safe-bo,
2169,1,1.0,1.518923,1.513853,0.290796,1.866578,0.482358,187.085084,1.286866,1.286866,False,False,False,False,safe-bo,
2170,1,0.992159,1.590992,1.803973,0.421913,1.473402,0.608532,181.300945,1.425282,1.425282,False,False,False,False,safe-bo,
2171,1,0.941972,1.808786,1.989348,0.361742,1.377776,0.556733,193.09956,1.357088,1.357088,False,False,False,False,safe-bo,
2172,1,0.963418,1.724293,1.796576,0.370446,1.733358,0.635965,192.826756,1.334645,1.334645,False,False,False,False,safe-bo,
2173,1,1.0,1.832146,1.6597,0.376413,1.300078,0.515311,193.811066,1.404935,1.404935,False,False,False,False,safe-bo,
2174,1,1.0,1.363721,1.774893,0.331197,1.482416,0.447905,193.879412,1.321234,1.321234,False,False,False,False,safe-bo,
2175,1,1.0,1.519957,1.613221,0.365758,1.331653,0.616804,186.859243,1.376344,1.376344,False,False,False,False,safe-bo,
2176,1,0.998387,1.784012,1.594208,0.351454,1.661445,0.388609,193.538951,1.269726,1.269726,False,False,False,False,safe-bo,
2177,1,1.0,1.673646,1.881268,0.368098,1.636564,0.515373,186.863701,1.457778,1.457778,False,False,False,False,safe-bo,
2178,1,0.980693,1.654933,1.876714,0.266058,1.143035,0.595654,192.774144,1.337207,1.337207,False,False,False,False,safe-bo,
2179,1,1.0,1.54786,1.560374,0.154658,1.475304,0.684921,198.2975,1.398083,1.398083,False,False,False,False,safe-bo,
2180,1,1.0,1.618701,1.7505,0.201832,1.553789,0.570731,186.548639,1.391095,1.391095,False,False,False,False,safe-bo,
2181,1,1.0,1.502698,1.504137,0.321653,1.450082,0.54042,192.055826,1.454836,1.454836,False,False,False,False,safe-bo,
2182,1,1.0,1.945036,1.588653,0.37809,1.492183,0.464484,186.812159,1.368186,1.368186,False,False,False,False,safe-bo,
2183,1,1.0,1.741552,1.472929,0.39891,1.589023,0.660915,194.043781,1.337293,1.337293,False,False,False,False,safe-bo,
2184,1,1.0,1.429513,1.550993,0.435017,1.440096,0.642047,197.844347,1.451414,1.451414,False,False,False,False,safe-bo,
2185,1,1.0,1.66508,1.709379,0.435007,1.390225,0.623239,193.867788,1.352667,1.352667,False,False,False,False,safe-bo,
2186,1,0.960854,1.609261,1.668032,0.244085,1.675481,0.566141,193.854925,1.31014,1.31014,False,False,False,False,safe-bo,
2187,1,1.0,1.622787,1.823986,0.238534,1.723292,0.510523,183.696597,1.359258,1.359258,False,False,False,False,safe-bo,
2188,1,0.981157,1.597816,2.117142,0.325312,1.333813,0.425988,181.259842,1.27577,1.27577,False,False,False,False,safe-bo,
2189,1,0.972629,1.465868,1.455576,0.250463,1.411289,0.582174,181.601675,1.357633,1.357633,False,False,False,False,safe-bo,
2190,1,0.944581,1.575698,1.893151,0.28163,1.497399,0.575908,181.608333,1.36472,1.36472,False,False,False,False,safe-bo,
2191,1,0.949092,1.586814,1.642958,0.339767,1.466756,0.571218,187.406766,1.345155,1.345155,False,False,False,False,safe-bo,
2192,1,0.946775,1.24599,1.611862,0.316998,1.371387,0.678843,193.989603,1.367996,1.367996,False,False,False,False,safe-bo,
2193,1,1.0,1.508511,1.412102,0.254574,1.399471,0.474906,192.45887,1.281361,1.281361,False,False,False,False,safe-bo,
2194,1,1.0,1.726882,2.165701,0.27901,1.454449,0.604129,183.2751,1.474045,1.474045,False,False,False,False,safe-bo,
2195,1,1.0,1.774604,2.134386,0.383267,1.30705,0.504396,188.13996,1.348086,1.348086,False,False,False,False,safe-bo,
2196,1,0.971996,1.595966,1.952064,0.371796,1.41891,0.566212,193.185085,1.43077,1.43077,False,False,False,False,safe-bo,
2197,1,1.0,1.531289,1.403693,0.338381,1.458796,0.705085,181.352551,1.403922,1.403922,False,False,False,False,safe-bo,
2198,1,0.985573,1.404802,1.587414,0.299833,1.314215,0.438556,187.11361,1.362445,1.362445,False,False,False,False,safe-bo,
2199,1,1.0,1.619186,1.895544,0.287867,1.579592,0.349597,187.857581,1.258603,1.258603,False,False,False,False,safe-bo,
2200,1,1.0,1.817174,1.946098,0.342535,1.612387,0.689233,193.555309,1.371301,1.371301,False,False,False,False,safe-bo,
2201,1,0.99152,1.435033,1.800446,0.279644,1.559557,0.577085,184.037721,1.426037,1.426037,False,False,False,False,safe-bo,
2202,1,0.963142,1.808242,1.818603,0.299915,1.470928,0.60057,186.65246,1.379673,1.379673,False,False,False,False,safe-bo,
2203,1,1.0,1.572164,1.445417,0.351826,1.24174,0.552594,181.738895,1.271699,1.271699,False,False,False,False,safe-bo,
2204,1,1.0,1.556997,1.54949,0.327217,1.519301,0.598755,198.14366,1.430147,1.430147,False,False,False,False,safe-bo,
2205,1,1.0,1.340198,1.944376,0.294002,1.362328,0.574961,187.761337,1.394407,1.394407,False,False,False,False,safe-bo,
2206,1,1.0,1.651112,1.784153,0.141551,1.451085,0.721259,186.399689,1.404602,1.404602,False,False,False,False,safe-bo,
2207,1,0.891863,1.584093,1.250016,0.258491,1.38532,0.634549,181.686148,1.21553,1.21553,False,False,False,False,safe-bo,
2208,1,0.957456,1.462168,1.492553,0.160463,1.525309,0.499584,194.009171,1.283043,1.283043,False,False,False,False,safe-bo,
2209,1,0.929645,1.597742,1.823045,0.392866,1.342008,0.594925,186.490099,1.306292,1.306292,False,False,False,False,safe-bo,
2210,1,1.0,1.74913,1.496108,0.304975,1.539545,0.841299,193.153273,1.236586,1.236586,False,False,False,False,safe-bo,
2211,1,1.0,1.746778,1.548754,0.366189,1.228587,0.613735,194.25991,1.327844,1.327844,False,False,False,False,safe-bo,
2212,1,1.0,1.619169,1.812297,0.377924,1.183643,0.609247,191.769531,1.438098,1.438098,False,False,False,False,safe-bo,
2213,1,1.0,1.523198,1.796068,0.248801,1.33818,0.707433,191.905928,1.348979,1.348979,False,False,False,False,safe-bo,
2214,1,0.931814,1.294658,1.652283,0.38316,1.372649,0.767874,181.257135,1.232748,1.232748,False,False,False,False,safe-bo,
2215,1,0.967892,1.457262,1.781099,0.293805,1.524122,0.593737,193.653696,1.417057,1.417057,False,False,False,False,safe-bo,
2216,1,1.0,1.589238,1.600262,0.271293,1.70341,0.611603,192.870875,1.367126,1.367126,False,False,False,False,safe-bo,
2217,1,0.990764,1.555127,1.82056,0.350417,1.3921,0.565947,187.678397,1.387019,1.387019,False,False,False,False,safe-bo,
2218,1,1.0,1.691686,2.042767,0.302375,1.223662,0.499184,193.388111,1.309692,1.309692,False,False,False,False,safe-bo,
2219,1,0.866296,1.695194,2.05261,0.218772,1.600758,0.491989,187.940188,1.240921,1.240921,False,False,False,False,safe-bo,
2220,1,1.0,1.476374,1.428273,0.323411,1.123369,0.670847,181.141083,1.279761,1.279761,False,False,False,False,safe-bo,
2221,1,1.0,1.656885,1.366549,0.337621,1.334195,0.472728,193.638056,1.321489,1.321489,False,False,False,False,safe-bo,
2222,1,1.0,1.628872,1.486199,0.377102,1.387363,0.625021,183.449675,1.331099,1.331099,False,False,False,False,safe-bo,
2223,1,0.945179,1.442376,1.884104,0.419451,1.767781,0.460832,183.214144,1.253189,1.253189,False,False,False,False,safe-bo,
2224,1,0.878596,1.646546,1.530223,0.352705,1.464172,0.610726,192.831596,1.238412,1.238412,False,False,False,False,safe-bo,
2225,1,1.0,1.631169,1.728423,0.294741,1.636986,0.566219,186.790593,1.39849,1.39849,False,False,False,False,safe-bo,
2226,1,0.996271,1.203743,1.764443,0.191529,1.488419,0.639083,192.852679,1.367995,1.367995,False,False,False,False,safe-bo,
2227,1,1.0,1.610764,1.605847,0.396568,1.287713,0.597447,181.475738,1.36378,1.36378,False,False,False,False,safe-bo,
2228,1,0.908257,1.463046,1.508309,0.310819,1.100295,0.562833,197.96809,1.12806,1.12806,False,False,False,False,safe-bo,
2229,1,0.94374,1.613367,2.114859,0.2545,1.479595,0.534161,192.933248,1.346856,1.346856,False,False,False,False,safe-bo,
2230,1,0.995992,1.530164,1.971281,0.221185,1.636766,0.539095,192.551421,1.404382,1.404382,False,False,False,False,safe-bo,
2231,1,1.0,1.610958,1.827672,0.286825,1.433024,0.576312,192.505332,1.420956,1.420956,False,False,False,False,safe-bo,
2232,1,1.0,1.647851,1.562237,0.223125,1.325494,0.497032,192.04785,1.37452,1.37452,False,False,False,False,safe-bo,
2233,1,0.982931,1.66984,1.795017,0.308845,1.183044,0.614407,183.978476,1.323485,1.323485,False,False,False,False,safe-bo,
2234,1,1.0,1.501036,1.475663,0.127235,1.320923,0.70581,193.475994,1.322787,1.322787,False,False,False,False,safe-bo,
2235,1,1.0,1.489181,1.517185,0.327446,1.316433,0.583893,184.036773,1.383453,1.383453,False,False,False,False,safe-bo,
2236,1,1.0,1.305043,2.071441,0.362862,1.383975,0.634891,194.32656,1.452273,1.452273,False,False,False,False,safe-bo,
2237,1,0.995105,1.554394,1.437537,0.259902,1.2304,0.564603,181.553997,1.286806,1.286806,False,False,False,False,safe-bo,
2238,1,0.909997,1.359594,1.488219,0.235882,1.284812,0.589326,183.284189,1.220473,1.220473,False,False,False,False,safe-bo,
2239,1,1.0,1.763899,2.009646,0.314866,1.511389,0.523653,181.487208,1.450618,1.450618,False,False,False,False,safe-bo,
2240,1,1.0,1.534251,2.050875,0.352478,1.321296,0.656723,183.673422,1.404851,1.404851,False,False,False,False,safe-bo,
2241,1,1.0,1.451287,2.07047,0.295939,1.307865,0.662028,193.059759,1.432589,1.432589,False,False,False,False,safe-bo,
2242,1,0.977391,1.586074,1.589433,0.254182,1.519982,0.634601,181.41448,1.395704,1.395704,False,False,False,False,safe-bo,
2243,1,0.974865,1.531158,1.610937,0.213041,1.695085,0.698146,183.198564,1.300506,1.300506,False,False,False,False,safe-bo,
2244,1,1.0,1.499067,1.394468,0.305186,1.44004,0.57897,194.001705,1.402482,1.402482,False,False,False,False,safe-bo,
2245,1,1.0,1.454856,1.802864,0.339453,1.532738,0.539155,183.959498,1.412507,1.412507,False,False,False,False,safe-bo,
2246,1,0.947625,1.604447,2.306457,0.383624,1.446521,0.594933,194.021097,1.370307,1.370307,False,False,False,False,safe-bo,
2247,1,0.996481,1.665797,1.985719,0.281693,1.244206,0.660918,193.233086,1.426721,1.426721,False,False,False,False,safe-bo,
2248,1,0.970126,1.641508,1.632251,0.310215,1.5488,0.511978,183.026524,1.384166,1.384166,False,False,False,False,safe-bo,
2249,1,0.92537,1.536685,2.262724,0.418691,1.412526,0.787866,183.194893,1.280885,1.280885,False,False,False,False,safe-bo,
2250,1,1.0,1.461307,1.964771,0.38827,1.428232,0.575623,194.220254,1.380608,1.380608,False,False,False,False,safe-bo,
2251,1,0.987412,1.735544,1.393997,0.233257,1.60877,0.640023,194.004021,1.327603,1.327603,False,False,False,False,safe-bo,
2252,1,1.0,1.478802,1.905228,0.288671,1.451897,0.668271,181.686115,1.415023,1.415023,False,False,False,False,safe-bo,
2253,1,0.97445,1.373323,1.53443,0.28291,1.563682,0.673794,182.860155,1.336854,1.336854,False,False,False,False,safe-bo,
2254,1,0.975779,1.500919,1.918802,0.256412,1.432182,0.644429,181.373837,1.403702,1.403702,False,False,False,False,safe-bo,
2255,1,0.982662,1.695548,1.858447,0.38297,1.426125,0.467012,187.943527,1.34034,1.34034,False,False,False,False,safe-bo,
2256,1,1.0,1.593139,1.92757,0.152527,1.295736,0.663446,183.052809,1.401537,1.401537,False,False,False,False,safe-bo,
2257,1,0.89364,1.624712,1.715594,0.278121,1.597311,0.769056,183.697325,1.226013,1.226013,False,False,False,False,safe-bo,
2258,1,1.0,1.526158,1.750204,0.236652,1.445967,0.621345,198.047156,1.437176,1.437176,False,False,False,False,safe-bo,
2259,1,1.0,1.597504,1.49069,0.367222,1.663865,0.632251,183.967447,1.335573,1.335573,False,False,False,False,safe-bo,
2260,1,0.947853,1.622933,1.593117,0.211073,1.214582,0.818904,191.797442,1.16825,1.16825,False,False,False,False,safe-bo,
2261,1,1.0,1.458542,1.347726,0.272985,1.392278,0.598905,181.770308,1.3783,1.3783,False,False,False,False,safe-bo,
2262,1,1.0,1.565515,1.953562,0.295274,1.490725,0.687957,192.584285,1.429933,1.429933,False,False,False,False,safe-bo,
2263,1,1.0,1.604207,1.660031,0.289082,1.407122,0.670396,192.881549,1.401623,1.401623,False,False,False,False,safe-bo,
2264,1,0.957473,1.741997,1.766829,0.191258,1.155836,0.551934,181.293054,1.300013,1.300013,False,False,False,False,safe-bo,
2265,1,1.0,1.503567,1.660794,0.384779,1.515702,0.740082,183.073181,1.341221,1.341221,False,False,False,False,safe-bo,
2266,1,1.0,1.633436,1.927395,0.313867,1.385733,0.558257,193.643584,1.413902,1.413902,False,False,False,False,safe-bo,
2267,1,1.0,1.508276,2.269088,0.360079,1.187104,0.615366,183.295937,1.36172,1.36172,False,False,False,False,safe-bo,
2268,1,1.0,1.582322,1.643552,0.224667,1.459767,0.551314,197.585235,1.423314,1.423314,False,False,False,False,safe-bo,
2269,1,1.0,1.664399,1.795264,0.315545,1.16133,0.66959,186.86317,1.350447,1.350447,False,False,False,False,safe-bo,
2270,1,0.960398,1.650593,2.321516,0.314798,1.331797,0.659049,183.294798,1.324969,1.324969,False,False,False,False,safe-bo,
2271,1,0.9983,1.545316,1.950407,0.262592,1.514345,0.625183,186.561069,1.394604,1.394604,False,False,False,False,safe-bo,
2272,1,0.946882,1.523352,2.364084,0.263158,1.340192,0.554138,182.918642,1.277577,1.277577,False,False,False,False,safe-bo,
2273,1,0.955748,1.504443,1.861991,0.233627,1.450789,0.595711,183.065241,1.353396,1.353396,False,False,False,False,safe-bo,
2274,1,1.0,1.381469,1.349488,0.344192,1.557698,0.538576,183.197515,1.377476,1.377476,False,False,False,False,safe-bo,
2275,1,1.0,1.560664,1.678566,0.399578,1.548882,0.679148,184.007909,1.415412,1.415412,False,False,False,False,safe-bo,
2276,1,0.968229,1.61666,1.858554,0.348834,1.458288,0.487044,181.31437,1.297408,1.297408,False,False,False,False,safe-bo,
2277,1,1.0,1.598732,1.538387,0.293897,1.429132,0.697716,186.946918,1.389487,1.389487,False,False,False,False,safe-bo,
2278,1,0.834713,1.535761,2.037528,0.230814,1.311333,0.385253,181.514545,1.066044,1.066044,False,False,False,False,safe-bo,
2279,1,1.0,1.556685,1.348143,0.228442,1.491263,0.596824,197.804754,1.335094,1.335094,False,False,False,False,safe-bo,
2280,1,1.0,1.382437,1.476408,0.219007,1.340031,0.648964,193.146785,1.426157,1.426157,False,False,False,False,safe-bo,
2281,1,1.0,1.293891,1.842071,0.392243,1.476711,0.511124,192.601373,1.412947,1.412947,False,False,False,False,safe-bo,
2282,1,1.0,1.563689,1.94819,0.446238,1.498808,0.586873,197.84123,1.443231,1.443231,False,False,False,False,safe-bo,
2283,1,0.925922,1.717201,1.465047,0.322389,1.503897,0.699219,181.793908,1.339742,1.339742,False,False,False,False,safe-bo,
2284,1,0.94094,1.515721,1.706353,0.209717,1.477134,0.522531,187.911197,1.299243,1.299243,False,False,False,False,safe-bo,
2285,1,1.0,1.78627,1.434264,0.327181,1.147443,0.640446,186.5363,1.269757,1.269757,False,False,False,False,safe-bo,
2286,1,1.0,1.641826,1.625687,0.361344,1.649331,0.647554,193.872505,1.433604,1.433604,False,False,False,False,safe-bo,
2287,1,1.0,1.548492,1.723458,0.435987,1.39447,0.64489,192.951315,1.353648,1.353648,False,False,False,False,safe-bo,
2288,1,1.0,1.553031,1.740261,0.280075,1.50037,0.604366,192.657295,1.432028,1.432028,False,False,False,False,safe-bo,
2289,1,0.994332,1.66476,1.365649,0.422421,1.405917,0.470475,181.227234,1.298096,1.298096,False,False,False,False,safe-bo,
2290,1,1.0,1.405005,1.744063,0.288201,1.262694,0.682251,181.460504,1.391672,1.391672,False,False,False,False,safe-bo,
2291,1,0.985209,1.739449,1.758474,0.304912,1.447778,0.516258,191.919021,1.400707,1.400707,False,False,False,False,safe-bo,
2292,1,0.997524,1.70003,1.707146,0.412777,1.411112,0.685295,192.203577,1.354783,1.354783,False,False,False,False,safe-bo,
2293,1,0.97286,1.634854,1.601854,0.281798,1.406524,0.65212,186.735576,1.389253,1.389253,False,False,False,False,safe-bo,
2294,1,0.973026,1.532598,1.92019,0.34173,1.339109,0.544322,194.491742,1.395854,1.395854,False,False,False,False,safe-bo,
2295,1,1.0,1.709321,1.856324,0.377496,1.257195,0.740406,187.406976,1.295608,1.295608,False,False,False,False,safe-bo,
2296,1,0.970175,1.796828,1.699679,0.332356,1.548727,0.568767,183.975117,1.355752,1.355752,False,False,False,False,safe-bo,
2297,1,0.992971,1.687493,1.509251,0.329447,1.328304,0.470721,198.094449,1.30686,1.30686,False,False,False,False,safe-bo,
2298,1,0.93877,1.706827,1.834896,0.370848,1.182012,0.605876,186.358132,1.228879,1.228879,False,False,False,False,safe-bo,
2299,1,1.0,1.633919,1.845534,0.260098,1.406729,0.675925,183.92024,1.44236,1.44236,False,False,False,False,safe-bo,
2300,1,1.0,1.476553,1.561059,0.337422,1.446428,0.580468,191.740335,1.393939,1.393939,False,False,False,False,safe-bo,
2301,1,1.0,1.821572,1.123721,0.319639,1.454725,0.627402,193.754528,1.303007,1.303007,False,False,False,False,safe-bo,
2302,1,0.942086,1.627259,1.73096,0.272302,1.510215,0.68056,192.141875,1.297147,1.297147,False,False,False,False,safe-bo,
2303,1,1.0,1.573538,1.355088,0.261543,1.301421,0.642033,181.377273,1.319753,1.319753,False,False,False,False,safe-bo,
2304,1,1.0,1.352073,1.796109,0.213428,1.393766,0.723235,193.889677,1.419113,1.419113,False,False,False,False,safe-bo,
2305,1,0.952527,1.66069,1.696984,0.279014,1.425263,0.67035,181.514448,1.360756,1.360756,False,False,False,False,safe-bo,
2306,1,0.965335,1.622692,1.616505,0.45701,1.3603,0.577391,193.758471,1.275738,1.275738,False,False,False,False,safe-bo,
2307,1,0.966386,1.573226,1.643305,0.203946,1.280854,0.59521,183.356443,1.292165,1.292165,False,False,False,False,safe-bo,
2308,1,1.0,1.645274,2.08425,0.125148,1.558884,0.612745,182.735593,1.419794,1.419794,False,False,False,False,safe-bo,
2309,1,0.959359,1.62013,1.629493,0.333602,1.466099,0.556513,194.094742,1.338938,1.338938,False,False,False,False,safe-bo,
2310,1,0.942186,1.728527,1.907972,0.34446,1.52474,0.564354,186.936343,1.333249,1.333249,False,False,False,False,safe-bo,
2311,1,1.0,1.496066,1.494635,0.327787,1.424014,0.516559,187.516991,1.346455,1.346455,False,False,False,False,safe-bo,
2312,1,1.0,1.582836,1.645845,0.311322,1.371668,0.75494,183.656998,1.29878,1.29878,False,False,False,False,safe-bo,
2313,1,0.974414,1.626669,1.395756,0.335296,1.422777,0.470656,193.021872,1.297591,1.297591,False,False,False,False,safe-bo,
2314,1,1.0,1.668625,1.392724,0.306608,1.337433,0.586011,194.052142,1.346258,1.346258,False,False,False,False,safe-bo,
2315,1,1.0,1.536245,1.364729,0.37437,1.319973,0.652959,193.130047,1.368217,1.368217,False,False,False,False,safe-bo,
2316,1,0.96444,1.70153,1.936168,0.325349,1.652814,0.490435,186.501791,1.334118,1.334118,False,False,False,False,safe-bo,
2317,1,0.956449,1.641848,1.71463,0.382774,1.467998,0.60632,183.981127,1.326722,1.326722,False,False,False,False,safe-bo,
2318,1,1.0,1.531306,1.324135,0.400635,1.635021,0.657639,181.791076,1.349473,1.349473,False,False,False,False,safe-bo,
2319,1,1.0,1.653256,2.356873,0.327652,1.083912,0.636072,183.315394,1.314639,1.314639,False,False,False,False,safe-bo,
2320,1,0.98701,1.586337,1.929984,0.308677,0.965088,0.559539,187.827388,1.170944,1.170944,False,False,False,False,safe-bo,
2321,1,0.992898,1.874711,1.466095,0.19599,1.398848,0.724,186.799816,1.269613,1.269613,False,False,False,False,safe-bo,
2322,1,0.938556,1.581115,1.605465,0.34168,1.329947,0.640546,181.136552,1.283253,1.283253,False,False,False,False,safe-bo,
2323,1,1.0,1.709628,1.70181,0.361425,1.127628,0.78478,187.901922,1.180903,1.180903,False,False,False,False,safe-bo,
2324,1,1.0,1.432301,1.474709,0.270281,1.524852,0.579075,191.89936,1.44129,1.44129,False,False,False,False,safe-bo,
2325,1,0.920353,1.574489,1.522504,0.384181,1.600766,0.645974,193.931709,1.229527,1.229527,False,False,False,False,safe-bo,
2326,1,1.0,1.580066,1.506911,0.211895,1.596512,0.583253,197.612973,1.37518,1.37518,False,False,False,False,safe-bo,
2327,1,0.995857,1.474641,1.767738,0.328176,1.507301,0.713344,198.078989,1.435725,1.435725,False,False,False,False,safe-bo,
2328,1,1.0,1.647605,1.865866,0.309581,1.289587,0.650991,198.195238,1.42187,1.42187,False,False,False,False,safe-bo,
2329,1,0.946486,1.518276,1.802858,0.334372,1.370351,0.577356,187.894899,1.325638,1.325638,False,False,False,False,safe-bo,
2330,1,1.0,1.520854,1.655969,0.24581,1.369247,0.642021,192.025738,1.375176,1.375176,False,False,False,False,safe-bo,
2331,1,1.0,1.764357,2.061995,0.408539,1.393432,0.468025,183.315394,1.362352,1.362352,False,False,False,False,safe-bo,
2332,1,1.0,1.616576,1.571149,0.198287,1.395135,0.719576,194.093889,1.343698,1.343698,False,False,False,False,safe-bo,
2333,1,0.973571,1.419495,1.76512,0.289095,1.532985,0.515432,192.542066,1.418597,1.418597,False,False,False,False,safe-bo,
2334,1,0.999137,1.889217,1.625531,0.253836,1.129882,0.634988,194.280571,1.295306,1.295306,False,False,False,False,safe-bo,
2335,1,0.997327,1.508153,1.687034,0.428713,1.538178,0.662939,181.366924,1.347937,1.347937,False,False,False,False,safe-bo,
2336,1,1.0,1.550927,2.001796,0.314921,1.369174,0.53805,192.49541,1.445572,1.445572,False,False,False,False,safe-bo,
2337,1,1.0,1.488353,1.784079,0.363085,1.45225,0.655148,183.739775,1.448082,1.448082,False,False,False,False,safe-bo,
2338,1,0.951187,1.553703,1.473229,0.121032,1.431668,0.643381,181.805416,1.276116,1.276116,False,False,False,False,safe-bo,
2339,1,0.975578,1.680987,2.234409,0.157639,1.494758,0.590869,182.574204,1.396143,1.396143,False,False,False,False,safe-bo,
2340,1,0.968266,1.602133,1.442336,0.485025,1.644922,0.825183,181.06763,1.167658,1.167658,False,False,False,False,safe-bo,
2341,1,1.0,1.665539,1.789099,0.161349,1.171212,0.572014,194.115852,1.285835,1.285835,False,False,False,False,safe-bo,
2342,1,0.97477,1.462149,2.097688,0.285432,1.368127,0.688406,192.003421,1.364984,1.364984,False,False,False,False,safe-bo,
2343,1,0.993495,1.720115,2.189495,0.351861,1.384027,0.617166,182.932016,1.374926,1.374926,False,False,False,False,safe-bo,
2344,1,1.0,1.398283,1.657936,0.31713,1.535921,0.588414,181.020605,1.399098,1.399098,False,False,False,False,safe-bo,
2345,1,1.0,1.84078,1.266385,0.454221,1.666066,0.685546,193.336238,1.257589,1.257589,False,False,False,False,safe-bo,
2346,1,0.851818,1.665599,1.784075,0.240494,1.392253,0.653871,198.446789,1.214304,1.214304,False,False,False,False,safe-bo,
2347,1,1.0,1.612252,1.999111,0.281663,1.401946,0.665311,183.093774,1.424882,1.424882,False,False,False,False,safe-bo,
2348,1,0.976344,1.450457,1.672646,0.400754,1.322652,0.569635,198.152299,1.312656,1.312656,False,False,False,False,safe-bo,
2349,1,1.0,1.329334,1.606835,0.335116,1.215295,0.648655,193.726016,1.313281,1.313281,False,False,False,False,safe-bo,
2350,1,1.0,1.524499,2.085716,0.465899,1.496123,0.578943,182.724418,1.406147,1.406147,False,False,False,False,safe-bo,
2351,1,0.965305,1.604498,1.679823,0.240975,1.566731,0.783608,180.779714,1.290471,1.290471,False,False,False,False,safe-bo,
2352,1,1.0,1.729578,1.537075,0.312034,1.364265,0.702187,193.864877,1.363535,1.363535,False,False,False,False,safe-bo,
2353,1,0.907609,1.36143,1.610583,0.368369,1.547511,0.547908,181.896845,1.203792,1.203792,False,False,False,False,safe-bo,
2354,1,0.90607,1.801964,1.921468,0.297497,1.599989,0.564389,182.18666,1.331349,1.331349,False,False,False,False,safe-bo,
2355,1,1.0,1.315019,1.7363,0.330953,1.378674,0.627807,193.831412,1.467651,1.467651,False,False,False,False,safe-bo,
2356,1,1.0,1.485245,1.732341,0.299281,1.219258,0.529503,192.872629,1.397658,1.397658,False,False,False,False,safe-bo,
2357,1,0.948343,1.517596,1.625775,0.261514,1.352691,0.666651,192.413023,1.330232,1.330232,False,False,False,False,safe-bo,
2358,1,1.0,1.642915,1.902216,0.303608,1.543581,0.533458,198.193304,1.448143,1.448143,False,False,False,False,safe-bo,
2359,1,1.0,1.484046,1.727046,0.201781,1.390185,0.572868,198.420008,1.388303,1.388303,False,False,False,False,safe-bo,
2360,1,1.0,1.583354,1.736979,0.146866,1.347475,0.605296,183.934916,1.387887,1.387887,False,False,False,False,safe-bo,
2361,1,1.0,1.603024,1.570832,0.343065,1.407734,0.487403,181.301143,1.330335,1.330335,False,False,False,False,safe-bo,
2362,1,1.0,1.510276,2.091474,0.265361,1.265163,0.525252,180.760489,1.378607,1.378607,False,False,False,False,safe-bo,
2363,1,0.982065,1.509698,1.559492,0.387712,1.467948,0.660736,192.176981,1.321026,1.321026,False,False,False,False,safe-bo,
2364,1,0.99834,1.380874,1.741909,0.34455,1.502263,0.719482,183.986977,1.401559,1.401559,False,False,False,False,safe-bo,
2365,1,1.0,1.639455,1.969979,0.24579,1.121425,0.644283,182.560853,1.302379,1.302379,False,False,False,False,safe-bo,
2366,1,1.0,1.553463,1.399172,0.275371,1.343405,0.649944,197.579164,1.377912,1.377912,False,False,False,False,safe-bo,
2367,1,1.0,1.508617,2.035527,0.413564,1.453761,0.628756,186.893748,1.426873,1.426873,False,False,False,False,safe-bo,
2368,1,0.954569,1.131052,1.73177,0.500341,1.469766,0.523714,192.267649,1.291581,1.291581,False,False,False,False,safe-bo,
2369,1,1.0,1.741798,2.401722,0.260673,1.458962,0.642547,183.188154,1.429538,1.429538,False,False,False,False,safe-bo,
2370,1,1.0,1.779054,1.789715,0.250165,1.40302,0.649093,192.674022,1.381369,1.381369,False,False,False,False,safe-bo,
2371,1,0.976308,1.41725,2.114984,0.198132,1.46732,0.465901,180.593888,1.334073,1.334073,False,False,False,False,safe-bo,
2372,1,0.896084,1.594908,1.958136,0.319845,1.368752,0.511521,182.75482,1.240547,1.240547,False,False,False,False,safe-bo,
2373,1,1.0,1.567306,1.586786,0.430187,1.629331,0.45902,181.655582,1.346549,1.346549,False,False,False,False,safe-bo,
2374,1,0.997798,1.412466,1.654471,0.277852,1.612056,0.639802,181.470029,1.398523,1.398523,False,False,False,False,safe-bo,
2375,1,1.0,1.520518,1.526528,0.263267,1.365099,0.521406,193.534902,1.378266,1.378266,False,False,False,False,safe-bo,
2376,1,0.985557,1.48331,1.516023,0.187569,1.587754,0.483913,186.900365,1.339825,1.339825,False,False,False,False,safe-bo,
2377,1,0.924142,1.451301,1.476316,0.318312,1.314582,0.517003,183.834535,1.173571,1.173571,False,False,False,False,safe-bo,
2378,1,0.967046,1.863272,2.168402,0.328599,1.308974,0.583564,186.91342,1.328897,1.328897,False,False,False,False,safe-bo,
2379,1,1.0,1.75693,2.155187,0.338609,1.467201,0.603412,182.996358,1.436761,1.436761,False,False,False,False,safe-bo,
2380,1,0.939894,1.3388,2.122237,0.260803,1.244494,0.680226,183.928726,1.311477,1.311477,False,False,False,False,safe-bo,
2381,1,1.0,1.505795,1.436663,0.355754,1.431449,0.623708,197.883618,1.398183,1.398183,False,False,False,False,safe-bo,
2382,1,0.931136,1.508414,1.793839,0.339527,1.747586,0.676745,181.028978,1.308531,1.308531,False,False,False,False,safe-bo,
2383,1,1.0,1.429933,2.17996,0.227911,1.515866,0.611838,182.906383,1.421301,1.421301,False,False,False,False,safe-bo,
2384,1,0.963645,1.502468,1.816371,0.27231,1.565728,0.757257,192.885267,1.315998,1.315998,False,False,False,False,safe-bo,
2385,1,1.0,1.559083,1.851964,0.394526,1.194047,0.692455,192.942333,1.312132,1.312132,False,False,False,False,safe-bo,
2386,1,1.0,1.661299,1.518459,0.326768,1.454929,0.763681,198.893766,1.315936,1.315936,False,False,False,False,safe-bo,
2387,1,0.984565,1.574163,1.920374,0.38118,1.463936,0.494184,182.157464,1.352104,1.352104,False,False,False,False,safe-bo,
2388,1,1.0,1.356783,1.910833,0.337426,1.320031,0.520814,186.617816,1.376012,1.376012,False,False,False,False,safe-bo,
2389,1,0.940812,1.722307,1.582809,0.314488,1.379756,0.58414,198.328069,1.312416,1.312416,False,False,False,False,safe-bo,
2390,1,0.957887,1.655942,2.176041,0.354014,1.111668,0.768082,193.59066,1.165918,1.165918,False,False,False,False,safe-bo,
2391,1,1.0,1.423164,1.370981,0.214911,1.659709,0.719001,193.655351,1.309863,1.309863,False,False,False,False,safe-bo,
2392,1,1.0,1.659586,1.521957,0.23323,1.404093,0.607756,194.040631,1.335954,1.335954,False,False,False,False,safe-bo,
2393,1,0.909176,1.678143,1.842528,0.111908,1.54865,0.587482,186.922386,1.28005,1.28005,False,False,False,False,safe-bo,
2394,1,0.902813,1.636135,1.898141,0.321384,1.469018,0.736634,182.608007,1.255064,1.255064,False,False,False,False,safe-bo,
2395,1,0.916585,1.89575,2.022336,0.302644,1.460151,0.640876,192.449207,1.329244,1.329244,False,False,False,False,safe-bo,
2396,1,1.0,1.58562,1.730021,0.362796,1.088894,0.518901,192.508919,1.25671,1.25671,False,False,False,False,safe-bo,
2397,1,0.971884,1.76136,1.887245,0.322977,1.369093,0.572975,191.851395,1.366872,1.366872,False,False,False,False,safe-bo,
2398,1,1.0,1.615173,1.693061,0.273034,1.519501,0.594794,197.684259,1.455788,1.455788,False,False,False,False,safe-bo,
2399,1,1.0,1.545537,2.095037,0.273359,1.339305,0.584397,193.224977,1.412282,1.412282,False,False,False,False,safe-bo,
2400,1,1.0,1.653545,1.732706,0.420308,1.369703,0.478338,198.051571,1.419524,1.419524,False,False,False,False,safe-bo,
2401,1,0.917277,1.359599,1.634683,0.391428,1.467235,0.566952,198.48993,1.249093,1.249093,False,False,False,False,safe-bo,
2402,1,1.0,1.559038,1.581118,0.41146,1.462265,0.59374,198.629643,1.391391,1.391391,False,False,False,False,safe-bo,
2403,1,0.973875,1.536028,1.479945,0.319923,1.422355,0.664595,184.069252,1.307394,1.307394,False,False,False,False,safe-bo,
2404,1,1.0,1.700695,1.856302,0.461004,1.268462,0.638166,181.247646,1.334871,1.334871,False,False,False,False,safe-bo,
2405,1,0.992632,1.730155,1.933224,0.329955,1.41661,0.510875,192.871954,1.377504,1.377504,False,False,False,False,safe-bo,
2406,1,1.0,1.684797,2.000987,0.363794,1.454179,0.573448,186.501149,1.417582,1.417582,False,False,False,False,safe-bo,
2407,1,0.970189,1.479337,1.723813,0.391922,1.283862,0.587481,192.13621,1.361736,1.361736,False,False,False,False,safe-bo,
2408,1,1.0,1.389138,1.7387,0.306276,1.498748,0.604581,193.321815,1.395962,1.395962,False,False,False,False,safe-bo,
2409,1,1.0,1.652405,1.368197,0.182391,1.506772,0.570046,193.10284,1.375332,1.375332,False,False,False,False,safe-bo,
2410,1,1.0,2.0,2.092638,0.197704,1.46691,0.667433,181.490036,1.369482,1.369482,False,False,False,False,safe-bo,
2411,1,1.0,1.504174,1.954783,0.320473,1.450964,0.705048,186.875846,1.394116,1.394116,False,False,False,False,safe-bo,
2412,1,0.891419,1.418151,1.832512,0.367913,1.332668,0.712065,181.741787,1.26192,1.26192,False,False,False,False,safe-bo,
2413,1,0.95912,1.477216,1.77638,0.439188,1.431246,0.513943,186.367639,1.342426,1.342426,False,False,False,False,safe-bo,
2414,1,1.0,1.772191,1.346615,0.218341,1.564924,0.420155,193.90358,1.282584,1.282584,False,False,False,False,safe-bo,
2415,1,1.0,1.569181,1.398817,0.280501,1.208907,0.558353,198.553829,1.328267,1.328267,False,False,False,False,safe-bo,
2416,1,0.992967,1.572308,1.953663,0.42363,1.347431,0.48321,193.48863,1.374427,1.374427,False,False,False,False,safe-bo,
2417,1,1.0,1.696292,1.65614,0.39651,1.215855,0.686916,182.553244,1.341317,1.341317,False,False,False,False,safe-bo,
2418,1,0.960969,1.731755,1.529733,0.481895,1.428281,0.651213,183.054074,1.343679,1.343679,False,False,False,False,safe-bo,
2419,1,0.925408,1.670512,1.54995,0.497985,1.734968,0.595023,181.971587,1.188194,1.188194,False,False,False,False,safe-bo,
2420,1,1.0,1.683117,1.686036,0.487702,1.370828,0.753596,181.441239,1.304508,1.304508,False,False,False,False,safe-bo,
2421,1,1.0,1.652512,1.716745,0.258664,1.467654,0.543044,183.973122,1.433462,1.433462,False,False,False,False,safe-bo,
2422,1,1.0,1.594532,2.171962,0.340883,1.523484,0.472848,183.374736,1.409551,1.409551,False,False,False,False,safe-bo,
2423,1,1.0,1.677241,2.337714,0.391363,1.429833,0.516491,183.285577,1.404194,1.404194,False,False,False,False,safe-bo,
2424,1,0.966226,1.638325,2.140847,0.226242,1.480646,0.545613,182.679549,1.412849,1.412849,False,False,False,False,safe-bo,
2425,1,0.984649,1.488763,1.917375,0.212396,1.502156,0.567007,186.727115,1.390504,1.390504,False,False,False,False,safe-bo,
2426,1,0.963376,1.361381,1.866294,0.319951,1.595494,0.551059,183.850414,1.329399,1.329399,False,False,False,False,safe-bo,
2427,1,1.0,1.618045,1.634057,0.242017,1.462008,0.603989,193.637174,1.452353,1.452353,False,False,False,False,safe-bo,
2428,1,1.0,1.659753,1.515302,0.223316,1.502949,0.585334,193.850117,1.395019,1.395019,False,False,False,False,safe-bo,
2429,1,0.939914,1.623819,1.685681,0.339814,1.431121,0.650016,198.170954,1.312596,1.312596,False,False,False,False,safe-bo,
2430,1,0.978066,1.509102,1.259066,0.455251,1.474017,0.545152,181.971395,1.286274,1.286274,False,False,False,False,safe-bo,
2431,1,1.0,1.637608,1.801772,0.366748,1.271477,0.735679,183.517031,1.321212,1.321212,False,False,False,False,safe-bo,
2432,1,0.865396,1.644197,1.254865,0.264825,1.373004,0.615829,182.834451,1.183164,1.183164,False,False,False,False,safe-bo,
2433,1,1.0,1.472562,1.536311,0.315399,1.386733,0.658863,193.893676,1.411635,1.411635,False,False,False,False,safe-bo,
2434,1,0.953986,1.75658,1.563182,0.228507,1.499459,0.468011,197.863823,1.304187,1.304187,False,False,False,False,safe-bo,
2435,1,1.0,1.808467,1.447572,0.316912,1.193208,0.592999,182.937593,1.327888,1.327888,False,False,False,False,safe-bo,
2436,1,1.0,1.513408,2.118735,0.243633,1.404774,0.52488,183.079674,1.411222,1.411222,False,False,False,False,safe-bo,
2437,1,1.0,1.773281,1.729844,0.260043,1.441828,0.679515,182.386898,1.435715,1.435715,False,False,False,False,safe-bo,
2438,1,1.0,1.508374,1.969953,0.261016,1.412976,0.589063,186.554818,1.360852,1.360852,False,False,False,False,safe-bo,
2439,1,1.0,1.651372,1.766108,0.225439,1.445209,0.717693,183.525374,1.347922,1.347922,False,False,False,False,safe-bo,
2440,1,1.0,1.392351,1.396885,0.317148,1.459413,0.518672,198.803068,1.361548,1.361548,False,False,False,False,safe-bo,
2441,1,1.0,1.521205,1.715665,0.376953,1.522236,0.663932,181.64955,1.395013,1.395013,False,False,False,False,safe-bo,
2442,1,0.991687,1.299672,1.530919,0.283755,1.248703,0.556713,192.858335,1.307157,1.307157,False,False,False,False,safe-bo,
2443,1,0.973306,1.716941,1.333958,0.300742,1.381758,0.635054,193.576792,1.335205,1.335205,False,False,False,False,safe-bo,
2444,1,0.987244,1.73936,1.408369,0.3538,1.696739,0.695442,198.843908,1.279327,1.279327,False,False,False,False,safe-bo,
2445,1,0.96333,1.665843,1.479734,0.437495,1.64528,0.472353,192.810504,1.272454,1.272454,False,False,False,False,safe-bo,
2446,1,1.0,1.476032,1.631988,0.176649,1.31534,0.448599,192.909932,1.315421,1.315421,False,False,False,False,safe-bo,
2447,1,1.0,1.659136,1.758757,0.360332,1.34926,0.616017,183.871821,1.407701,1.407701,False,False,False,False,safe-bo,
2448,1,1.0,1.616294,1.824992,0.271615,1.606587,0.657391,192.408387,1.391663,1.391663,False,False,False,False,safe-bo,
2449,1,1.0,1.709816,1.396513,0.285975,1.457768,0.54087,182.477266,1.361414,1.361414,False,False,False,False,safe-bo,
2450,1,0.977932,1.539427,1.599159,0.12748,1.319418,0.640055,181.842202,1.355302,1.355302,False,False,False,False,safe-bo,
2451,1,0.970225,1.496449,1.971528,0.290192,1.323868,0.516075,181.95433,1.36829,1.36829,False,False,False,False,safe-bo,
2452,1,1.0,1.530849,1.808876,0.32028,1.409059,0.595442,186.654909,1.455495,1.455495,False,False,False,False,safe-bo,
2453,1,1.0,1.420792,1.862193,0.224883,1.402876,0.675277,182.71612,1.403838,1.403838,False,False,False,False,safe-bo,
2454,1,1.0,1.528189,1.591227,0.35475,1.349274,0.620158,181.269825,1.336792,1.336792,False,False,False,False,safe-bo,
2455,1,0.919379,1.664051,2.084145,0.453043,1.461232,0.653209,194.009295,1.277869,1.277869,False,False,False,False,safe-bo,
2456,1,1.0,1.443343,1.560723,0.257821,1.280404,0.709592,193.438809,1.330078,1.330078,False,False,False,False,safe-bo,
2457,1,0.985729,1.7852,1.921806,0.278612,1.251956,0.63968,197.779279,1.404865,1.404865,False,False,False,False,safe-bo,
2458,1,0.977001,1.550951,1.9373,0.396717,1.164941,0.595191,181.644188,1.338865,1.338865,False,False,False,False,safe-bo,
2459,1,0.990948,1.305911,1.833275,0.348232,1.297793,0.656551,182.360764,1.389145,1.389145,False,False,False,False,safe-bo,
2460,1,1.0,1.807564,1.625623,0.224704,1.508464,0.594089,182.828807,1.383816,1.383816,False,False,False,False,safe-bo,
2461,1,0.994053,1.67912,1.946329,0.163081,1.271701,0.63849,183.307137,1.366178,1.366178,False,False,False,False,safe-bo,
2462,1,0.943139,1.447632,1.162572,0.247703,1.597726,0.54168,182.310238,1.222465,1.222465,False,False,False,False,safe-bo,
2463,1,0.928674,1.617518,1.819624,0.20387,1.506839,0.459387,182.960068,1.263753,1.263753,False,False,False,False,safe-bo,
2464,1,1.0,1.5707,1.52261,0.381756,1.630229,0.604124,198.102165,1.346311,1.346311,False,False,False,False,safe-bo,
2465,1,0.94234,1.314179,1.34146,0.185033,1.690862,0.661238,192.927084,1.253393,1.253393,False,False,False,False,safe-bo,
2466,1,0.961594,1.632138,1.842668,0.404799,1.510966,0.682505,182.66291,1.349095,1.349095,False,False,False,False,safe-bo,
2467,1,1.0,1.633239,1.910061,0.385305,1.629364,0.58913,197.689203,1.443479,1.443479,False,False,False,False,safe-bo,
2468,1,1.0,1.672177,1.304332,0.238891,1.639656,0.621675,182.253195,1.293892,1.293892,False,False,False,False,safe-bo,
2469,1,1.0,1.636345,1.532851,0.335112,1.367476,0.525162,198.190241,1.341258,1.341258,False,False,False,False,safe-bo,
2470,1,1.0,1.468316,2.031966,0.398055,1.515772,0.623525,181.548585,1.536415,1.536415,False,False,False,False,safe-bo,
2471,1,0.982107,1.657351,2.016969,0.315089,1.459255,0.856936,182.874209,1.211494,1.211494,False,False,False,False,safe-bo,
2472,1,0.997662,1.395074,1.5296,0.238864,1.339306,0.645459,183.829319,1.3765,1.3765,False,False,False,False,safe-bo,
2473,1,0.920789,1.32707,1.814925,0.457535,1.375417,0.550465,197.934467,1.292838,1.292838,False,False,False,False,safe-bo,
2474,1,1.0,1.277575,1.832189,0.449959,1.649195,0.586969,192.530593,1.362757,1.362757,False,False,False,False,safe-bo,
2475,1,1.0,1.361215,1.74095,0.327679,1.807972,0.656246,192.814488,1.39378,1.39378,False,False,False,False,safe-bo,
2476,1,0.982054,1.193245,2.377213,0.299144,1.568512,0.725173,181.743133,1.341603,1.341603,False,False,False,False,safe-bo,
2477,1,0.958679,1.376787,1.509068,0.326028,1.480094,0.645839,193.096788,1.34089,1.34089,False,False,False,False,safe-bo,
2478,1,0.973123,1.406791,2.248749,0.496804,1.262736,0.630051,194.347945,1.358161,1.358161,False,False,False,False,safe-bo,
2479,1,1.0,1.173659,1.48621,0.320055,1.822828,0.834361,192.501232,1.151634,1.151634,False,False,False,False,safe-bo,
2480,1,1.0,1.680421,1.899163,0.47088,1.248803,0.636412,182.2882,1.334684,1.334684,False,False,False,False,safe-bo,
2481,1,1.0,1.128468,1.685811,0.38005,1.573295,0.633945,186.689248,1.398129,1.398129,False,False,False,False,safe-bo,
2482,1,0.988985,1.552402,1.604646,0.423608,1.673829,0.731921,198.929832,1.272262,1.272262,False,False,False,False,safe-bo,
2483,1,0.900884,1.532615,1.963284,0.376884,1.581274,0.555615,183.221615,1.289169,1.289169,False,False,False,False,safe-bo,
2484,1,0.977556,1.540384,2.053113,0.46163,1.493877,0.626165,182.821486,1.390467,1.390467,False,False,False,False,safe-bo,
2485,1,0.986802,1.239284,1.904997,0.418042,1.529918,0.694135,183.159328,1.383939,1.383939,False,False,False,False,safe-bo,
2486,1,1.0,1.39875,2.053212,0.433008,1.26253,0.676574,183.118453,1.375853,1.375853,False,False,False,False,safe-bo,
2487,1,1.0,1.466943,1.917672,0.39888,1.231471,0.693721,192.604574,1.371131,1.371131,False,False,False,False,safe-bo,
2488,1,0.998858,1.562675,1.848354,0.438284,1.117882,0.591265,182.439632,1.304153,1.304153,False,False,False,False,safe-bo,
2489,1,0.998213,1.451716,1.897574,0.299261,1.082788,0.59282,192.895504,1.287682,1.287682,False,False,False,False,safe-bo,
2490,1,0.961959,1.36414,1.814401,0.410962,1.527267,0.59599,192.895753,1.403858,1.403858,False,False,False,False,safe-bo,
2491,1,1.0,1.284459,1.297648,0.281389,1.380681,0.677883,183.437907,1.308326,1.308326,False,False,False,False,safe-bo,
2492,1,1.0,1.530465,1.929375,0.451859,1.858747,0.646766,186.628257,1.344505,1.344505,False,False,False,False,safe-bo,
2493,1,0.921467,1.585825,1.818074,0.471155,1.339572,0.513841,193.748189,1.248726,1.248726,False,False,False,False,safe-bo,
2494,1,1.0,1.646675,1.503752,0.486576,1.719855,0.565032,193.541491,1.342558,1.342558,False,False,False,False,safe-bo,
2495,1,1.0,1.394123,2.463983,0.474301,1.445076,0.743808,181.461651,1.366533,1.366533,False,False,False,False,safe-bo,
2496,1,1.0,1.386735,2.234228,0.318251,1.497284,0.589251,193.899473,1.364215,1.364215,False,False,False,False,safe-bo,
2497,1,1.0,1.434706,1.835522,0.396176,1.350447,0.507228,194.094339,1.378311,1.378311,False,False,False,False,safe-bo,
2498,1,0.962657,1.565858,1.66266,0.339188,1.644673,0.629773,198.6693,1.33813,1.33813,False,False,False,False,safe-bo,
2499,1,1.0,1.182705,1.922258,0.503475,1.622536,0.711096,186.763661,1.397695,1.397695,False,False,False,False,safe-bo,
2500,1,0.95005,1.425742,1.663887,0.370491,1.804374,0.471949,186.817624,1.218865,1.218865,False,False,False,False,safe-bo,
2501,1,0.920163,1.532169,1.339711,0.466114,1.443576,0.665768,198.888591,1.302628,1.302628,False,False,False,False,safe-bo,
2502,1,0.990787,1.400801,1.611015,0.532144,1.505975,0.526514,197.892669,1.285228,1.285228,False,False,False,False,safe-bo,
2503,1,1.0,1.301965,1.681821,0.364899,1.294241,0.73299,197.751652,1.348239,1.348239,False,False,False,False,safe-bo,
2504,1,1.0,1.422407,1.882235,0.309013,1.266065,0.795041,183.311118,1.277698,1.277698,False,False,False,False,safe-bo,
2505,1,1.0,1.64296,1.419075,0.478794,1.831201,0.520624,192.555701,1.263078,1.263078,False,False,False,False,safe-bo,
2506,1,1.0,1.630262,2.029222,0.544674,1.684737,0.672195,193.63212,1.315885,1.315885,False,False,False,False,safe-bo,
2507,1,1.0,1.600731,2.375402,0.276262,1.539408,0.564126,194.126522,1.3991,1.3991,False,False,False,False,safe-bo,
2508,1,0.969825,1.437409,1.745638,0.386482,1.740907,0.740706,197.744766,1.227388,1.227388,False,False,False,False,safe-bo,
2509,1,1.0,1.74447,2.027849,0.418049,1.243828,0.528209,192.857092,1.360021,1.360021,False,False,False,False,safe-bo,
2510,1,0.964404,1.327021,1.808688,0.53405,1.270977,0.55011,183.485006,1.231198,1.231198,False,False,False,False,safe-bo,
2511,1,1.0,1.584943,1.832122,0.32073,1.391961,0.551086,182.870246,1.37864,1.37864,False,False,False,False,safe-bo,
2512,1,0.986536,1.659482,1.793029,0.36611,1.575657,0.673781,181.56812,1.391003,1.391003,False,False,False,False,safe-bo,
2513,1,0.920009,1.390214,1.997498,0.329066,1.513265,0.594301,186.598944,1.320538,1.320538,False,False,False,False,safe-bo,
2514,1,1.0,1.451926,2.188909,0.410891,1.6653,0.663176,192.850601,1.418359,1.418359,False,False,False,False,safe-bo,
2515,1,1.0,1.432565,1.711079,0.33284,1.447555,0.58365,193.811183,1.382998,1.382998,False,False,False,False,safe-bo,
2516,1,1.0,1.772597,1.968123,0.326652,1.504259,0.612305,194.281071,1.453655,1.453655,False,False,False,False,safe-bo,
2517,1,1.0,1.447278,1.784632,0.544628,1.799694,0.705843,194.503089,1.276706,1.276706,False,False,False,False,safe-bo,
2518,1,1.0,1.172433,2.069777,0.24204,1.406166,0.502031,192.439361,1.393344,1.393344,False,False,False,False,safe-bo,
2519,1,0.872849,1.566037,1.870502,0.38994,1.421918,0.598944,192.752264,1.219323,1.219323,False,False,False,False,safe-bo,
2520,1,1.0,1.489921,2.056319,0.358582,1.690787,0.570486,192.100931,1.401407,1.401407,False,False,False,False,safe-bo,
2521,1,0.984523,1.393332,1.906314,0.547967,1.53273,0.633823,182.555041,1.370891,1.370891,False,False,False,False,safe-bo,
2522,1,1.0,1.363005,1.630384,0.301361,1.395088,0.730145,182.414508,1.349241,1.349241,False,False,False,False,safe-bo,
2523,1,0.970421,1.50471,2.267476,0.371897,1.689659,0.627952,181.967944,1.373638,1.373638,False,False,False,False,safe-bo,
2524,1,0.906788,1.314528,2.225026,0.430294,1.443675,0.760916,182.257219,1.205264,1.205264,False,False,False,False,safe-bo,
2525,1,1.0,1.834506,2.543619,0.411124,1.511258,0.735302,181.764008,1.378369,1.378369,False,False,False,False,safe-bo,
2526,1,0.986351,1.282571,2.017527,0.490602,1.346907,0.699339,183.662742,1.334713,1.334713,False,False,False,False,safe-bo,
2527,1,1.0,1.343472,2.224753,0.291738,1.298139,0.537493,194.105726,1.382836,1.382836,False,False,False,False,safe-bo,
2528,1,1.0,1.263407,1.813829,0.426465,1.614661,0.63712,186.535883,1.352983,1.352983,False,False,False,False,safe-bo,
2529,1,0.994295,1.503169,1.59568,0.358718,1.614284,0.577745,192.55698,1.34683,1.34683,False,False,False,False,safe-bo,
2530,1,1.0,1.432351,1.73517,0.452218,1.355402,0.584008,197.668135,1.398588,1.398588,False,False,False,False,safe-bo,
2531,1,0.968045,1.419517,1.632304,0.43775,1.347145,0.631257,182.68395,1.322739,1.322739,False,False,False,False,safe-bo,
2532,1,1.0,1.353776,1.800431,0.329582,1.387331,0.522306,182.060248,1.412698,1.412698,False,False,False,False,safe-bo,
2533,1,0.984934,1.438041,2.050838,0.341084,1.059683,0.560103,182.020934,1.235956,1.235956,False,False,False,False,safe-bo,
2534,1,1.0,1.507093,1.807886,0.353873,1.235823,0.605602,181.381584,1.367078,1.367078,False,False,False,False,safe-bo,
2535,1,1.0,1.445,1.669379,0.350618,1.269711,0.666798,186.959702,1.343545,1.343545,False,False,False,False,safe-bo,
2536,1,0.946066,1.570493,1.844376,0.49547,1.433911,0.663004,193.810478,1.314599,1.314599,False,False,False,False,safe-bo,
2537,1,0.914839,1.191869,2.244468,0.344414,1.439577,0.632805,182.914296,1.293782,1.293782,False,False,False,False,safe-bo,
2538,1,0.968125,1.692591,2.201885,0.468725,1.559708,0.595678,181.28033,1.40907,1.40907,False,False,False,False,safe-bo,
2539,1,0.985225,1.434934,1.855137,0.46755,1.487422,0.63566,183.24961,1.359563,1.359563,False,False,False,False,safe-bo,
2540,1,1.0,1.309602,1.891223,0.350477,1.495961,0.67861,182.080815,1.451004,1.451004,False,False,False,False,safe-bo,
2541,1,0.898082,1.429393,1.860195,0.431035,1.623787,0.581965,182.052531,1.228551,1.228551,False,False,False,False,safe-bo,
2542,1,0.996394,1.418359,1.607335,0.431006,1.88745,0.514934,192.708416,1.239134,1.239134,False,False,False,False,safe-bo,
2543,1,0.941597,1.476954,2.227999,0.313925,1.581505,0.592338,194.442876,1.318851,1.318851,False,False,False,False,safe-bo,
2544,1,1.0,1.361944,1.623431,0.456661,1.489641,0.694068,181.851349,1.401568,1.401568,False,False,False,False,safe-bo,
2545,1,1.0,1.584763,2.182561,0.345584,1.279331,0.436224,182.040541,1.331161,1.331161,False,False,False,False,safe-bo,
2546,1,0.891002,1.383429,2.182322,0.452265,1.635212,0.516677,181.583082,1.227798,1.227798,False,False,False,False,safe-bo,
2547,1,0.975536,1.37277,2.003242,0.466848,1.616009,0.531727,193.108727,1.359125,1.359125,False,False,False,False,safe-bo,
2548,1,0.913678,1.575394,2.185349,0.405728,1.598383,0.621992,182.550047,1.25739,1.25739,False,False,False,False,safe-bo,
2549,1,0.910085,1.492601,2.107624,0.456107,1.4047,0.650635,192.54523,1.313703,1.313703,False,False,False,False,safe-bo,
2550,1,0.907172,1.384403,2.018692,0.571875,1.368599,0.657109,182.151226,1.25239,1.25239,False,False,False,False,safe-bo,
2551,1,1.0,1.44469,1.396133,0.4511,1.363021,0.552205,187.003971,1.331671,1.331671,False,False,False,False,safe-bo,
2552,1,1.0,1.481322,2.217724,0.454982,1.538412,0.604643,182.746514,1.403765,1.403765,False,False,False,False,safe-bo,
2553,1,0.983359,1.573116,2.071201,0.337251,1.481704,0.506799,194.298898,1.410845,1.410845,False,False,False,False,safe-bo,
2554,1,1.0,1.283184,2.098902,0.402493,1.786947,0.578859,181.952712,1.351097,1.351097,False,False,False,False,safe-bo,
2555,1,1.0,1.565141,1.591835,0.503349,1.558734,0.633158,198.798214,1.357776,1.357776,False,False,False,False,safe-bo,
2556,1,1.0,1.37759,1.987927,0.329019,1.417752,0.558893,182.910064,1.413659,1.413659,False,False,False,False,safe-bo,
2557,1,1.0,1.592441,2.175132,0.367082,1.472069,0.585294,193.596352,1.420114,1.420114,False,False,False,False,safe-bo,
2558,1,0.982099,1.696115,2.047134,0.245698,1.363185,0.569088,193.846457,1.380064,1.380064,False,False,False,False,safe-bo,
2559,1,1.0,1.556739,2.16871,0.382202,1.553861,0.575564,193.224783,1.447163,1.447163,False,False,False,False,safe-bo,
2560,1,0.937122,1.65776,2.113046,0.499065,1.358833,0.525977,183.561055,1.266058,1.266058,False,False,False,False,safe-bo,
2561,1,0.958138,1.59154,1.750734,0.480325,1.525754,0.623086,186.985127,1.32005,1.32005,False,False,False,False,safe-bo,
2562,1,0.9356,1.523102,1.900014,0.311451,1.430354,0.83746,192.126884,1.1812,1.1812,False,False,False,False,safe-bo,
2563,1,1.0,1.648473,1.724516,0.367824,1.770463,0.637648,197.458128,1.31529,1.31529,False,False,False,False,safe-bo,
2564,1,1.0,1.544739,2.281181,0.445549,1.242198,0.64732,192.976974,1.390295,1.390295,False,False,False,False,safe-bo,
2565,1,0.948805,1.24986,1.765015,0.459294,1.60133,0.684681,187.092089,1.318804,1.318804,False,False,False,False,safe-bo,
2566,1,1.0,1.456248,1.900622,0.193053,1.445315,0.461755,193.157468,1.397279,1.397279,False,False,False,False,safe-bo,
2567,1,1.0,1.488972,1.918088,0.427247,1.664665,0.505444,192.914626,1.358669,1.358669,False,False,False,False,safe-bo,
2568,1,0.943492,1.550924,1.779193,0.26073,1.568707,0.627359,192.613007,1.388726,1.388726,False,False,False,False,safe-bo,
2569,1,0.94805,1.345721,1.908505,0.30687,1.574807,0.534691,194.196264,1.354296,1.354296,False,False,False,False,safe-bo,
2570,1,1.0,1.570317,1.92088,0.483581,1.471178,0.716151,192.678387,1.4081,1.4081,False,False,False,False,safe-bo,
2571,1,0.854905,1.12448,1.80323,0.451951,1.533643,0.532873,192.46059,1.192487,1.192487,False,False,False,False,safe-bo,
2572,1,0.962525,1.437402,1.990019,0.50101,1.306623,0.652867,183.294379,1.303626,1.303626,False,False,False,False,safe-bo,
2573,1,0.884594,1.706321,2.234498,0.373469,1.384634,0.650125,194.326502,1.230008,1.230008,False,False,False,False,safe-bo,
2574,1,0.931519,1.314472,2.144909,0.319712,1.426653,0.628477,194.369074,1.335762,1.335762,False,False,False,False,safe-bo,
2575,1,1.0,1.426561,1.554748,0.455059,1.167885,0.554252,187.082665,1.292929,1.292929,False,False,False,False,safe-bo,
2576,1,0.969603,1.377861,1.944832,0.3483,1.446312,0.77101,194.045589,1.358661,1.358661,False,False,False,False,safe-bo,
2577,1,1.0,1.329422,1.645895,0.296685,1.531541,0.532753,181.279643,1.451083,1.451083,False,False,False,False,safe-bo,
2578,1,1.0,1.37483,2.233276,0.420634,1.455244,0.708561,183.437505,1.382305,1.382305,False,False,False,False,safe-bo,
2579,1,0.985795,1.470641,1.834843,0.160937,1.498512,0.523219,181.278669,1.413443,1.413443,False,False,False,False,safe-bo,
2580,1,0.918974,1.523301,1.964113,0.386603,1.668754,0.628801,193.948734,1.211364,1.211364,False,False,False,False,safe-bo,
2581,1,1.0,1.437661,1.770712,0.446257,1.586435,0.511557,192.423564,1.36632,1.36632,False,False,False,False,safe-bo,
2582,1,0.982136,1.4609,1.999698,0.481632,1.427341,0.640316,186.479455,1.376603,1.376603,False,False,False,False,safe-bo,
2583,1,1.0,1.733844,1.605343,0.434743,1.608837,0.646065,197.699093,1.407469,1.407469,False,False,False,False,safe-bo,
2584,1,0.993204,1.153941,2.077728,0.363157,1.405576,0.654542,181.537668,1.421339,1.421339,False,False,False,False,safe-bo,
2585,1,1.0,1.301821,1.922059,0.465917,1.603282,0.716302,181.939513,1.35966,1.35966,False,False,False,False,safe-bo,
2586,1,0.99516,1.512185,1.750784,0.37005,1.538153,0.610666,197.610109,1.405097,1.405097,False,False,False,False,safe-bo,
2587,1,1.0,1.298751,1.744603,0.386624,1.736905,0.6362,192.712206,1.347471,1.347471,False,False,False,False,safe-bo,
2588,1,1.0,1.502795,2.011386,0.288546,1.862287,0.465641,181.375925,1.340677,1.340677,False,False,False,False,safe-bo,
2589,1,0.975333,1.48622,2.062424,0.324476,1.280342,0.567754,193.850373,1.396143,1.396143,False,False,False,False,safe-bo,
2590,1,0.996713,1.288336,1.77565,0.304595,1.421167,0.848505,181.739098,1.29542,1.29542,False,False,False,False,safe-bo,
2591,1,0.933356,1.442894,2.378467,0.304536,1.649113,0.742799,183.083999,1.251922,1.251922,False,False,False,False,safe-bo,
2592,1,0.985593,1.633305,2.183738,0.413905,1.433222,0.676656,192.722018,1.364728,1.364728,False,False,False,False,safe-bo,
2593,1,0.97122,1.675946,2.309884,0.415744,1.499722,0.632223,180.99915,1.38161,1.38161,False,False,False,False,safe-bo,
2594,1,1.0,1.613397,1.988802,0.412215,1.808995,0.570714,197.78537,1.346698,1.346698,False,False,False,False,safe-bo,
2595,1,0.960009,1.477537,2.046842,0.377528,1.315297,0.717623,192.577804,1.308681,1.308681,False,False,False,False,safe-bo,
2596,1,0.934893,1.420255,1.969561,0.473665,1.502884,0.650246,181.51489,1.306662,1.306662,False,False,False,False,safe-bo,
2597,1,0.978056,1.873388,2.325056,0.56493,1.633222,0.695462,192.035125,1.259874,1.259874,False,False,False,False,safe-bo,
2598,1,1.0,1.421422,2.082633,0.331253,1.114966,0.557334,181.79602,1.284449,1.284449,False,False,False,False,safe-bo,
2599,1,1.0,1.583689,1.62015,0.414245,1.485906,0.660241,187.243747,1.383631,1.383631,False,False,False,False,safe-bo,
2600,1,0.950853,1.415799,2.012963,0.417047,1.403029,0.520655,181.784942,1.28828,1.28828,False,False,False,False,safe-bo,
2601,1,1.0,1.366966,2.298091,0.258939,1.595644,0.682596,181.665997,1.413823,1.413823,False,False,False,False,safe-bo,
2602,1,0.952165,1.515814,1.830388,0.381636,1.636727,0.777394,193.352614,1.289041,1.289041,False,False,False,False,safe-bo,
2603,1,0.916615,1.392672,2.038531,0.351021,1.517926,0.615867,181.676775,1.292973,1.292973,False,False,False,False,safe-bo,
2604,1,1.0,1.500184,2.111021,0.404318,1.449192,0.599346,181.533009,1.368406,1.368406,False,False,False,False,safe-bo,
2605,1,0.953016,1.384168,1.707924,0.374094,1.660707,0.413261,182.185864,1.253769,1.253769,False,False,False,False,safe-bo,
2606,1,0.984493,1.446845,2.212679,0.360092,1.662975,0.631577,193.046593,1.390078,1.390078,False,False,False,False,safe-bo,
2607,1,1.0,1.439601,1.755749,0.324176,1.516818,0.603596,197.167337,1.432932,1.432932,False,False,False,False,safe-bo,
2608,1,1.0,1.496068,1.974498,0.459608,1.689015,0.59402,186.739651,1.341318,1.341318,False,False,False,False,safe-bo,
2609,1,0.999319,1.673052,1.858897,0.370667,1.861448,0.563369,192.575393,1.262741,1.262741,False,False,False,False,safe-bo,
2610,1,0.974487,1.468401,1.375118,0.495228,1.423548,0.555598,181.880445,1.340558,1.340558,False,False,False,False,safe-bo,
2611,1,1.0,1.418528,2.154228,0.426491,1.678412,0.556194,193.054211,1.380985,1.380985,False,False,False,False,safe-bo,
2612,1,0.985994,1.676666,2.041372,0.409614,1.599288,0.5623,197.325214,1.412346,1.412346,False,False,False,False,safe-bo,
2613,1,1.0,1.377497,1.901051,0.322436,1.467948,0.526591,186.963408,1.419901,1.419901,False,False,False,False,safe-bo,
2614,1,1.0,1.450171,2.121407,0.392306,1.806582,0.540126,187.19467,1.352755,1.352755,False,False,False,False,safe-bo,
2615,1,1.0,1.511871,1.962507,0.415408,1.582228,0.616923,192.859124,1.381546,1.381546,False,False,False,False,safe-bo,
2616,1,1.0,1.360339,1.678762,0.311552,1.485926,0.564244,193.854748,1.407247,1.407247,False,False,False,False,safe-bo,
2617,1,0.919053,1.312832,2.423447,0.406852,1.603811,0.546039,186.371242,1.227585,1.227585,False,False,False,False,safe-bo,
2618,1,0.91508,1.44865,2.026152,0.337626,1.538032,0.577643,192.072498,1.282659,1.282659,False,False,False,False,safe-bo,
2619,1,0.953443,1.499166,2.150032,0.350779,1.453396,0.550671,186.408015,1.337229,1.337229,False,False,False,False,safe-bo,
2620,1,0.922168,1.359798,2.008936,0.349326,1.523673,0.617905,180.855906,1.269843,1.269843,False,False,False,False,safe-bo,
2621,1,0.924872,1.632076,2.302093,0.464965,1.804134,0.747495,183.108173,1.1537,1.1537,False,False,False,False,safe-bo,
2622,1,1.0,1.566759,2.100183,0.399923,1.455784,0.692166,180.832322,1.379825,1.379825,False,False,False,False,safe-bo,
2623,1,0.966784,1.520642,2.36568,0.402052,1.363908,0.635054,196.848958,1.307938,1.307938,False,False,False,False,safe-bo,
2624,1,1.0,1.53714,1.96624,0.361839,1.488783,0.452684,198.247029,1.374186,1.374186,False,False,False,False,safe-bo,
2625,1,1.0,1.369583,2.261911,0.292574,1.807591,0.665825,186.257096,1.337779,1.337779,False,False,False,False,safe-bo,
2626,1,1.0,1.509376,2.067844,0.522283,1.520737,0.609055,192.374283,1.359518,1.359518,False,False,False,False,safe-bo,
2627,1,0.995323,1.648076,2.045713,0.395329,1.478037,0.603515,194.054954,1.484804,1.484804,False,False,False,False,safe-bo,
2628,1,1.0,1.46007,2.017049,0.425274,1.560505,0.486034,197.963037,1.407772,1.407772,False,False,False,False,safe-bo,
2629,1,1.0,1.38452,2.462942,0.407875,1.34737,0.678705,181.939878,1.387944,1.387944,False,False,False,False,safe-bo,
2630,1,1.0,1.372726,2.159886,0.494676,1.410821,0.64715,182.349367,1.370151,1.370151,False,False,False,False,safe-bo,
2631,1,0.989773,1.545276,1.959932,0.392057,1.482004,0.570561,192.196159,1.441224,1.441224,False,False,False,False,safe-bo,
2632,1,1.0,1.267896,2.019252,0.378059,1.469027,0.669091,183.175398,1.44159,1.44159,False,False,False,False,safe-bo,
2633,1,0.984686,1.198197,1.876145,0.392001,1.415724,0.596657,193.844497,1.371483,1.371483,False,False,False,False,safe-bo,
2634,1,0.990081,1.436297,2.402655,0.280359,1.661154,0.419063,192.563845,1.270229,1.270229,False,False,False,False,safe-bo,
2635,1,0.998579,1.526324,2.029365,0.477075,1.977091,0.545284,198.294157,1.306761,1.306761,False,False,False,False,safe-bo,
2636,1,0.89359,1.496388,2.013996,0.439501,1.562628,0.674623,182.091032,1.237596,1.237596,False,False,False,False,safe-bo,
2637,1,0.952097,1.405229,1.968106,0.410666,1.436386,0.630825,183.458012,1.366366,1.366366,False,False,False,False,safe-bo,
2638,1,0.952577,1.618887,1.832042,0.355706,1.632065,0.576061,187.319935,1.342116,1.342116,False,False,False,False,safe-bo,
2639,1,0.99917,1.289011,2.08244,0.33121,1.577879,0.621675,181.938767,1.454937,1.454937,False,False,False,False,safe-bo,
2640,1,1.0,1.584727,1.921946,0.422445,1.695353,0.741409,197.170965,1.308597,1.308597,False,False,False,False,safe-bo,
2641,1,0.905821,1.407635,2.169877,0.404482,1.542504,0.563923,193.002385,1.255498,1.255498,False,False,False,False,safe-bo,
2642,1,1.0,1.301682,2.439316,0.426682,1.402243,0.807828,181.982205,1.300912,1.300912,False,False,False,False,safe-bo,
2643,1,0.968743,1.30567,1.732941,0.321398,1.380719,0.597351,183.40392,1.376914,1.376914,False,False,False,False,safe-bo,
2644,1,0.983151,1.534859,2.188546,0.340882,1.579774,0.726286,187.049923,1.284677,1.284677,False,False,False,False,safe-bo,
2645,1,0.968642,1.296013,2.508749,0.410214,1.25073,0.549336,181.180338,1.284218,1.284218,False,False,False,False,safe-bo,
2646,1,1.0,1.477525,1.979611,0.221988,1.561658,0.525779,181.097416,1.40856,1.40856,False,False,False,False,safe-bo,
2647,1,0.939049,1.39282,1.961704,0.389475,1.292461,0.668505,194.025997,1.320327,1.320327,False,False,False,False,safe-bo,
2648,1,1.0,1.459063,1.94254,0.515641,1.723415,0.55435,180.725812,1.349986,1.349986,False,False,False,False,safe-bo,
2649,1,1.0,1.523687,2.235247,0.425949,1.453853,0.625751,192.752832,1.420953,1.420953,False,False,False,False,safe-bo,
2650,1,0.949071,1.19824,1.659115,0.420154,1.226821,0.665484,181.969686,1.26571,1.26571,False,False,False,False,safe-bo,
2651,1,1.0,1.58991,1.971773,0.42102,1.432258,0.710803,193.927905,1.39573,1.39573,False,False,False,False,safe-bo,
2652,1,1.0,1.710749,2.166006,0.313431,1.45257,0.666122,193.908356,1.388362,1.388362,False,False,False,False,safe-bo,
2653,1,0.989612,1.424335,1.935875,0.348947,1.535952,0.679809,198.054345,1.381918,1.381918,False,False,False,False,safe-bo,
2654,1,0.952562,1.569409,1.679851,0.372511,1.299443,0.594363,183.504366,1.291545,1.291545,False,False,False,False,safe-bo,
2655,1,1.0,1.479507,2.066226,0.400594,1.600541,0.74305,186.535443,1.32236,1.32236,False,False,False,False,safe-bo,
2656,1,0.882826,1.519372,1.517429,0.500391,1.31418,0.472201,193.558039,1.160326,1.160326,False,False,False,False,safe-bo,
2657,1,1.0,1.43131,1.699315,0.284074,1.859957,0.706092,198.427224,1.324316,1.324316,False,False,False,False,safe-bo,
2658,1,0.990574,1.385332,1.90279,0.389775,1.46861,0.606134,180.981142,1.433141,1.433141,False,False,False,False,safe-bo,
2659,1,1.0,1.258014,1.86548,0.36909,1.616696,0.618204,187.169974,1.401391,1.401391,False,False,False,False,safe-bo,
2660,1,1.0,1.382892,1.739505,0.43963,1.402395,0.708976,182.165833,1.349324,1.349324,False,False,False,False,safe-bo,
2661,1,1.0,1.664555,1.867589,0.503223,1.816942,0.67236,193.595804,1.284138,1.284138,False,False,False,False,safe-bo,
2662,1,1.0,1.691399,1.773108,0.358426,1.458819,0.594452,181.519078,1.459104,1.459104,False,False,False,False,safe-bo,
2663,1,1.0,1.44343,1.90954,0.393455,1.601761,0.587688,182.186528,1.435148,1.435148,False,False,False,False,safe-bo,
2664,1,1.0,1.656122,2.261841,0.348339,1.620124,0.64673,196.87487,1.46262,1.46262,False,False,False,False,safe-bo,
2665,1,0.987574,1.407193,1.838956,0.483113,1.464304,0.622249,196.970871,1.351991,1.351991,False,False,False,False,safe-bo,
2666,1,0.892995,1.27427,2.141117,0.378072,1.806986,0.560684,192.623846,1.197544,1.197544,False,False,False,False,safe-bo,
2667,1,0.9789,1.509365,1.951727,0.356487,1.39132,0.575713,183.295786,1.356365,1.356365,False,False,False,False,safe-bo,
2668,1,0.964955,1.494408,2.7295,0.40382,1.498142,0.612364,181.259804,1.249483,1.249483,False,False,False,False,safe-bo,
2669,1,1.0,1.710028,2.012702,0.26436,2.026208,0.717227,198.392134,1.183995,1.183995,False,False,False,False,safe-bo,
2670,1,1.0,1.269789,2.574968,0.43745,1.596309,0.536872,181.041465,1.334846,1.334846,False,False,False,False,safe-bo,
2671,1,1.0,1.539707,1.585786,0.448495,1.088835,0.758803,181.558402,1.175342,1.175342,False,False,False,False,safe-bo,
2672,1,1.0,1.651827,1.784432,0.245756,1.611063,0.623112,197.72426,1.374271,1.374271,False,False,False,False,safe-bo,
2673,1,0.980766,1.244458,2.294016,0.350593,1.383082,0.606525,186.680823,1.389782,1.389782,False,False,False,False,safe-bo,
2674,1,0.913879,1.567871,2.036072,0.421031,1.34936,0.638067,198.010605,1.274119,1.274119,False,False,False,False,safe-bo,
2675,1,1.0,1.279449,2.329145,0.401251,1.564858,0.608251,181.349558,1.433513,1.433513,False,False,False,False,safe-bo,
2676,1,1.0,1.607552,2.060301,0.365852,1.571511,0.673358,182.434339,1.43127,1.43127,False,False,False,False,safe-bo,
2677,1,1.0,1.426063,1.646397,0.413267,1.59547,0.708742,196.955907,1.327717,1.327717,False,False,False,False,safe-bo,
2678,1,1.0,1.150613,2.322802,0.304508,1.613637,0.679594,187.353254,1.405848,1.405848,False,False,False,False,safe-bo,
2679,1,0.996117,1.616355,2.330758,0.468735,1.653486,0.615665,181.159645,1.345777,1.345777,False,False,False,False,safe-bo,
2680,1,0.955745,1.539817,2.212373,0.287064,1.678869,0.647629,192.302897,1.384241,1.384241,False,False,False,False,safe-bo,
2681,1,1.0,1.307749,2.288693,0.347227,1.723298,0.639578,182.7001,1.37606,1.37606,False,False,False,False,safe-bo,
2682,1,1.0,1.640833,2.399611,0.431602,1.586383,0.64335,181.44175,1.366722,1.366722,False,False,False,False,safe-bo,
2683,1,0.990188,1.364721,1.984376,0.335443,1.602591,0.555551,187.150104,1.398261,1.398261,False,False,False,False,safe-bo,
2684,1,0.997432,1.104073,2.139468,0.410972,1.398445,0.588293,187.215833,1.36536,1.36536,False,False,False,False,safe-bo,
2685,1,0.991753,1.397462,2.30737,0.48034,1.685961,0.589477,186.404536,1.385911,1.385911,False,False,False,False,safe-bo,
2686,1,1.0,1.6145,1.679286,0.362394,1.685253,0.548019,193.269159,1.447158,1.447158,False,False,False,False,safe-bo,
2687,1,1.0,1.174274,2.0264,0.445725,1.488424,0.585396,192.702149,1.364937,1.364937,False,False,False,False,safe-bo,
2688,1,1.0,1.429698,2.049497,0.476177,1.586727,0.52985,192.286553,1.378465,1.378465,False,False,False,False,safe-bo,
2689,1,0.923785,1.351864,2.259067,0.423234,1.607701,0.52801,182.649184,1.278017,1.278017,False,False,False,False,safe-bo,
2690,1,0.962791,1.52089,1.557547,0.51401,1.610624,0.721527,198.108952,1.243872,1.243872,False,False,False,False,safe-bo,
2691,1,1.0,1.284594,2.045291,0.470708,1.389777,0.723072,180.356246,1.39112,1.39112,False,False,False,False,safe-bo,
2692,1,1.0,1.356847,2.34131,0.403064,1.497026,0.811096,182.169011,1.325406,1.325406,False,False,False,False,safe-bo,
2693,1,0.914654,1.77994,1.954447,0.287224,2.002053,0.649527,193.76342,1.12071,1.12071,False,False,False,False,safe-bo,
2694,1,1.0,1.388364,1.785432,0.425941,1.511714,0.696052,181.441267,1.450206,1.450206,False,False,False,False,safe-bo,
2695,1,1.0,1.398052,2.25094,0.2962,1.473039,0.694021,180.889811,1.404478,1.404478,False,False,False,False,safe-bo,
