session_id,step_idx,timestamp,freq_0,amp_0,offset_0,phase_0,freq_1,amp_1,offset_1,phase_1,freq_2,amp_2,offset_2,phase_2,recent_speed,recent_speed_delta,stuck_prob,trial_count,hint_count,time_in_session,action,reward,done
session_0000,0,2024-01-01 10:00:00,1.1583176596280784,0.7151587519468297,0.11842081743561833,0.29586686425840997,1.963433527455134,0.6566838211942119,0.17163858316617225,0.4024808472381962,1.1755789068433506,0.4224788145395488,0.2560589933091611,2.0227619311481257,0.8730172072240079,0.6084648845698419,0.04544774435695538,0,0,0,0,1.2169297691396839,False
session_0000,1,2024-01-01 10:01:00,1.1583176596280784,0.7151587519468297,0.11842081743561833,0.29586686425840997,1.963433527455134,0.6566838211942119,0.17163858316617225,0.4024808472381962,1.2195014219087144,0.4224788145395488,0.2560589933091611,2.0227619311481257,0.8408905890589362,-0.032126618165071674,0.22090519362597366,1,1,30,6,-0.1,False
session_0000,2,2024-01-01 10:02:00,1.1583176596280784,0.7151587519468297,0.11842081743561833,0.29586686425840997,1.963433527455134,0.6412308729873316,0.17163858316617225,0.4024808472381962,1.2195014219087144,0.4224788145395488,0.2560589933091611,2.0227619311481257,0.8310352583590758,-0.009855330699860443,0.3389277415703935,2,1,60,0,0.0,False
session_0000,3,2024-01-01 10:03:00,1.1583176596280784,0.7151587519468297,0.11842081743561833,0.29586686425840997,1.963433527455134,0.6843129732881199,0.17163858316617225,0.4024808472381962,1.2195014219087144,0.4224788145395488,0.2560589933091611,2.0227619311481257,0.9530717144656361,0.12203645610656033,0.19350194648684202,3,1,90,0,0.24407291221312066,False
session_0000,4,2024-01-01 10:04:00,1.2507145730144027,0.7151587519468297,0.11842081743561833,0.29586686425840997,1.963433527455134,0.6843129732881199,0.17163858316617225,0.4024808472381962,1.2195014219087144,0.4224788145395488,0.2560589933091611,2.0227619311481257,0.839388738275121,-0.11368297619051515,0.24514098524518674,4,1,120,0,0.0,False
session_0000,5,2024-01-01 10:05:00,1.2507145730144027,0.7894841690671739,0.11842081743561833,0.29586686425840997,1.963433527455134,0.6843129732881199,0.17163858316617225,0.4024808472381962,1.2195014219087144,0.4224788145395488,0.2560589933091611,2.0227619311481257,0.8610950120050729,0.02170627372995193,0.16645196027904022,5,2,150,3,-0.056587452540096145,True
session_0001,0,2024-01-01 11:00:00,0.7096287254139647,0.31994492148506504,-0.29558263814939667,2.472195843291439,1.497276284888048,0.6230992271758011,0.16843741861318073,1.4417264290477112,1.3531117939293407,0.2838781988765945,-0.23128195587841593,2.0998498343986047,0.7438891600567461,0.5496699188281196,0.15299977148320512,0,1,0,1,0.9993398376562391,False
session_0001,1,2024-01-01 11:01:00,0.7096287254139647,0.31994492148506504,-0.29558263814939667,2.472195843291439,1.497276284888048,0.6230992271758011,0.16843741861318073,1.4417264290477112,1.3824229104973045,0.2838781988765945,-0.23128195587841593,2.0998498343986047,0.8647688987407363,0.12087973868399016,0.006163566913587881,1,1,30,0,0.2417594773679803,False
session_0001,2,2024-01-01 11:02:00,0.7096287254139647,0.31994492148506504,-0.29558263814939667,2.472195843291439,1.497276284888048,0.5944035784435588,0.16843741861318073,1.4417264290477112,1.3824229104973045,0.2838781988765945,-0.23128195587841593,2.0998498343986047,0.7727415235904023,-0.09202737515033399,0.1616605483378132,2,1,60,0,0.0,False
session_0001,3,2024-01-01 11:03:00,0.7096287254139647,0.31994492148506504,-0.29558263814939667,2.472195843291439,1.497276284888048,0.5944035784435588,0.16843741861318073,1.4417264290477112,1.3824229104973045,0.3529267342833713,-0.23128195587841593,2.0998498343986047,0.8184005322847662,0.0456590086943639,0.1567796418212827,3,2,90,1,-0.008681982611272204,False
session_0001,4,2024-01-01 11:04:00,0.7096287254139647,0.31994492148506504,-0.29558263814939667,2.472195843291439,1.5201150467659186,0.5944035784435588,0.16843741861318073,1.4417264290477112,1.3824229104973045,0.3529267342833713,-0.23128195587841593,2.0998498343986047,0.8043829913604732,-0.01401754092429297,0.1545424146267721,4,2,120,0,0.0,False
session_0001,5,2024-01-01 11:05:00,0.7096287254139647,0.31994492148506504,-0.29558263814939667,2.472195843291439,1.5201150467659186,0.5944035784435588,0.16843741861318073,1.4417264290477112,1.3824229104973045,0.3529267342833713,-0.23128195587841593,2.0998498343986047,0.8618279124530849,0.05744492109261168,0.03225435580672036,5,2,150,0,0.11488984218522336,False
session_0001,6,2024-01-01 11:06:00,0.7096287254139647,0.31994492148506504,-0.29558263814939667,2.472195843291439,1.6199228131118364,0.5944035784435588,0.16843741861318073,1.4417264290477112,1.3824229104973045,0.3529267342833713,-0.23128195587841593,2.0998498343986047,0.8225742375537429,-0.03925367489934195,0.21030241782957532,6,3,180,1,-0.1,False
session_0001,7,2024-01-01 11:07:00,0.7096287254139647,0.31994492148506504,-0.29558263814939667,2.472195843291439,1.6199228131118364,0.4496923312012501,0.16843741861318073,1.4417264290477112,1.3824229104973045,0.3529267342833713,-0.23128195587841593,2.0998498343986047,0.7679779176082152,-0.054596319945527716,0.4923795329099029,7,4,210,4,-0.1,True
session_0002,0,2024-01-01 12:00:00,1.9537645660215859,0.6672505423794768,0.13013411349539739,1.4117107939410005,0.9083623427677385,0.2578345772920996,0.24156143792630497,1.4318634438216848,0.8035450471928455,0.38357397449039154,0.0475317413651376,0.5553480762365135,0.7805444591900454,0.5092216023715703,0.14389259119018735,0,0,0,0,1.0184432047431407,False
session_0002,1,2024-01-01 12:01:00,1.9537645660215859,0.7473394869455225,0.13013411349539739,1.4117107939410005,0.9083623427677385,0.2578345772920996,0.24156143792630497,1.4318634438216848,0.8035450471928455,0.38357397449039154,0.0475317413651376,0.5553480762365135,0.7137497674883518,-0.06679469170169361,0.23316148043412194,1,0,30,0,0.0,False
session_0002,2,2024-01-01 12:02:00,1.9537645660215859,0.7473394869455225,0.13013411349539739,1.4117107939410005,0.9083623427677385,0.34134570188355745,0.24156143792630497,1.4318634438216848,0.8035450471928455,0.38357397449039154,0.0475317413651376,0.5553480762365135,0.7952948637656392,0.08154509627728734,0.02068059354451033,2,0,60,0,0.1630901925545747,False
session_0002,3,2024-01-01 12:03:00,1.9537645660215859,0.6888680164721573,0.13013411349539739,1.4117107939410005,0.9083623427677385,0.34134570188355745,0.24156143792630497,1.4318634438216848,0.8035450471928455,0.38357397449039154,0.0475317413651376,0.5553480762365135,0.7173877240013531,-0.07790713976428609,0.26818309829628334,3,0,90,0,0.0,False
session_0002,4,2024-01-01 12:04:00,1.9537645660215859,0.6888680164721573,0.13013411349539739,1.4117107939410005,0.9083623427677385,0.34134570188355745,0.24156143792630497,1.4318634438216848,0.8035450471928455,0.38357397449039154,0.0475317413651376,0.5553480762365135,0.7354430773187914,0.01805535331743835,0.15654704545005727,4,0,120,0,0.0361107066348767,False
session_0002,5,2024-01-01 12:05:00,1.9537645660215859,0.6888680164721573,0.13013411349539739,1.4117107939410005,0.9083623427677385,0.34134570188355745,0.24156143792630497,1.4318634438216848,0.8242655188566453,0.38357397449039154,0.0475317413651376,0.5553480762365135,0.7388171725439554,0.0033740952251639644,0.24469788021139077,5,0,150,0,0.006748190450327929,False
session_0002,6,2024-01-01 12:06:00,1.9537645660215859,0.6888680164721573,0.13013411349539739,1.4117107939410005,0.9083623427677385,0.24953118202458624,0.24156143792630497,1.4318634438216848,0.8242655188566453,0.38357397449039154,0.0475317413651376,0.5553480762365135,0.7674823562458836,0.028665183701928165,0.16525838483887156,6,1,180,4,-0.042669632596143675,False
session_0002,7,2024-01-01 12:07:00,1.9537645660215859,0.6888680164721573,0.13013411349539739,1.4117107939410005,0.9083623427677385,0.19774849438329567,0.24156143792630497,1.4318634438216848,0.8242655188566453,0.38357397449039154,0.0475317413651376,0.5553480762365135,0.6830203501852914,-0.08446200606059218,0.2844480186079623,7,1,210,0,0.0,False
session_0002,8,2024-01-01 12:08:00,1.9537645660215859,0.6888680164721573,0.13013411349539739,1.4117107939410005,0.9083623427677385,0.19774849438329567,0.24156143792630497,1.4318634438216848,0.837292971003934,0.38357397449039154,0.0475317413651376,0.5553480762365135,0.817194218186391,0.13417386800109965,0.1832023690275216,8,1,240,0,0.2683477360021993,False
session_0002,9,2024-01-01 12:09:00,1.9537645660215859,0.6888680164721573,0.13013411349539739,1.4117107939410005,0.9083623427677385,0.19774849438329567,0.24156143792630497,1.4318634438216848,0.728509061323571,0.38357397449039154,0.0475317413651376,0.5553480762365135,0.7161095177059826,-0.10108470048040841,0.3116502944128604,9,1,270,0,0.0,False
session_0002,10,2024-01-01 12:10:00,1.9537645660215859,0.6888680164721573,0.13013411349539739,1.4117107939410005,0.9083623427677385,0.19774849438329567,0.24156143792630497,1.4318634438216848,0.728509061323571,0.38357397449039154,0.0475317413651376,0.5553480762365135,0.7764263999724951,0.06031688226651244,0.10301142584634292,10,1,300,0,0.12063376453302488,False
session_0002,11,2024-01-01 12:11:00,1.9537645660215859,0.6888680164721573,0.13013411349539739,1.4117107939410005,0.9083623427677385,0.19774849438329567,0.24156143792630497,1.4318634438216848,0.728509061323571,0.38357397449039154,0.0475317413651376,0.5553480762365135,0.7794824617413059,0.0030560617688107916,0.1589821238784658,11,1,330,0,0.006112123537621583,True
session_0003,0,2024-01-01 13:00:00,1.837515899382371,0.6491648116741696,0.23447549452711486,2.8068453996492937,1.2782875405796736,0.38955743109847585,0.1632074592665928,2.078670163532781,1.0604865933105652,0.2566800008369092,0.14807376680941559,0.8245440286806586,0.7706212484117512,0.48325861830499534,0.024551586482297206,0,1,0,3,0.8665172366099907,False
session_0003,1,2024-01-01 13:01:00,1.837515899382371,0.6491648116741696,0.23447549452711486,2.8068453996492937,1.2782875405796736,0.38955743109847585,0.1632074592665928,2.078670163532781,1.0604865933105652,0.2375206347801098,0.14807376680941559,0.8245440286806586,0.9092275180776246,0.13860626966587342,0.1749124081674929,1,1,30,0,0.27721253933174683,False
session_0003,2,2024-01-01 13:02:00,1.837515899382371,0.6491648116741696,0.23447549452711486,2.8068453996492937,1.2782875405796736,0.38955743109847585,0.1632074592665928,2.078670163532781,1.0604865933105652,0.17832986635117135,0.14807376680941559,0.8245440286806586,0.8270205948651702,-0.08220692321245437,0.17877950051025016,2,1,60,0,0.0,False
session_0003,3,2024-01-01 13:03:00,1.837515899382371,0.7135586910018554,0.23447549452711486,2.8068453996492937,1.2782875405796736,0.38955743109847585,0.1632074592665928,2.078670163532781,1.0604865933105652,0.17832986635117135,0.14807376680941559,0.8245440286806586,0.7151090012504697,-0.11191159361470049,0.4012659863241266,3,2,90,2,-0.1,False
session_0003,4,2024-01-01 13:04:00,1.7156345933400083,0.7135586910018554,0.23447549452711486,2.8068453996492937,1.2782875405796736,0.38955743109847585,0.1632074592665928,2.078670163532781,1.0604865933105652,0.17832986635117135,0.14807376680941559,0.8245440286806586,0.7858981185598196,0.07078911730934989,0.16082490523645254,4,3,120,2,0.04157823461869978,False
session_0003,5,2024-01-01 13:05:00,1.720229317229171,0.7135586910018554,0.23447549452711486,2.8068453996492937,1.2782875405796736,0.38955743109847585,0.1632074592665928,2.078670163532781,1.0604865933105652,0.17832986635117135,0.14807376680941559,0.8245440286806586,0.8051377928506619,0.01923967429084228,0.060189738356187954,5,3,150,0,0.03847934858168456,False
session_0003,6,2024-01-01 13:06:00,1.720229317229171,0.6903828391143704,0.23447549452711486,2.8068453996492937,1.2782875405796736,0.38955743109847585,0.1632074592665928,2.078670163532781,1.0604865933105652,0.17832986635117135,0.14807376680941559,0.8245440286806586,0.7980255117169284,-0.007112281133733522,0.15497189827725125,6,3,180,0,0.0,False
session_0003,7,2024-01-01 13:07:00,1.720229317229171,0.6903828391143704,0.23447549452711486,2.8068453996492937,1.2782875405796736,0.38955743109847585,0.1632074592665928,2.078670163532781,1.0604865933105652,0.18737884451395875,0.14807376680941559,0.8245440286806586,0.8455914055318269,0.04756589381489851,0.19324638242863634,7,3,210,0,0.09513178762979702,False
session_0003,8,2024-01-01 13:08:00,1.720229317229171,0.6903828391143704,0.23447549452711486,2.8068453996492937,1.2782875405796736,0.38955743109847585,0.1632074592665928,2.078670163532781,1.0604865933105652,0.18737884451395875,0.14807376680941559,0.8245440286806586,0.8198108209474229,-0.02578058458440402,0.24347632031105831,8,4,240,3,-0.1,False
session_0003,9,2024-01-01 13:09:00,1.751789817588205,0.6903828391143704,0.23447549452711486,2.8068453996492937,1.2782875405796736,0.38955743109847585,0.1632074592665928,2.078670163532781,1.0604865933105652,0.18737884451395875,0.14807376680941559,0.8245440286806586,0.89131662003339,0.0715057990859671,0.16588572297654727,9,5,270,3,0.0430115981719342,True
session_0004,0,2024-01-01 14:00:00,1.8016084306640168,0.5618642944032355,-0.05245705843579179,1.1755338418585295,1.1388231295602649,0.5911586153479846,0.22049437905139496,1.4259591102182159,0.8717593444270372,0.34199741779854875,0.14760856814606782,2.5653264283234587,0.7956652490981607,0.6746096331273357,0.11888673275129036,0,0,0,0,1.3492192662546714,False
session_0004,1,2024-01-01 14:01:00,1.8016084306640168,0.5618642944032355,-0.05245705843579179,1.1755338418585295,1.1388231295602649,0.5911586153479846,0.22049437905139496,1.4259591102182159,0.8717593444270372,0.34199741779854875,0.14760856814606782,2.5653264283234587,0.8049007266180159,0.009235477519855206,0.17877438659422853,1,1,30,5,-0.08152904496028959,False
session_0004,2,2024-01-01 14:02:00,1.8016084306640168,0.5618642944032355,-0.05245705843579179,1.1755338418585295,1.1388231295602649,0.6128969190713156,0.22049437905139496,1.4259591102182159,0.8717593444270372,0.34199741779854875,0.14760856814606782,2.5653264283234587,0.8442916867551261,0.03939096013711019,0.023098012733070994,2,1,60,0,0.07878192027422037,False
session_0004,3,2024-01-01 14:03:00,1.8016084306640168,0.5966897778471739,-0.05245705843579179,1.1755338418585295,1.1388231295602649,0.6128969190713156,0.22049437905139496,1.4259591102182159,0.8717593444270372,0.34199741779854875,0.14760856814606782,2.5653264283234587,0.8693359385915944,0.0250442518364683,0.13614290535990128,3,1,90,0,0.0500885036729366,False
session_0004,4,2024-01-01 14:04:00,1.809581732800697,0.5966897778471739,-0.05245705843579179,1.1755338418585295,1.1388231295602649,0.6128969190713156,0.22049437905139496,1.4259591102182159,0.8717593444270372,0.34199741779854875,0.14760856814606782,2.5653264283234587,0.8088837805735271,-0.06045215801806736,0.15869501240255837,4,1,120,0,0.0,False
session_0004,5,2024-01-01 14:05:00,1.809581732800697,0.5966897778471739,-0.05245705843579179,1.1755338418585295,1.1388231295602649,0.6128969190713156,0.22049437905139496,1.4259591102182159,0.8717593444270372,0.5513142486916083,0.14760856814606782,2.5653264283234587,0.9396326774009081,0.130748896827381,0.08325248514063846,5,1,150,0,0.261497793654762,False
session_0004,6,2024-01-01 14:06:00,1.809581732800697,0.5966897778471739,-0.05245705843579179,1.1755338418585295,1.1388231295602649,0.6128969190713156,0.22049437905139496,1.4259591102182159,0.8717593444270372,0.38445252789409556,0.14760856814606782,2.5653264283234587,0.9108870964194447,-0.028745580981463403,0.16039237329302083,6,2,180,5,-0.1,False
session_0004,7,2024-01-01 14:07:00,1.809581732800697,0.5966897778471739,-0.05245705843579179,1.1755338418585295,1.1388231295602649,0.6128969190713156,0.22049437905139496,1.4259591102182159,0.9645031925828552,0.38445252789409556,0.14760856814606782,2.5653264283234587,0.8833253504913013,-0.02756174592814331,0.49591413611731855,7,3,210,3,-0.1,False
session_0004,8,2024-01-01 14:08:00,1.8359534532363488,0.5966897778471739,-0.05245705843579179,1.1755338418585295,1.1388231295602649,0.6128969190713156,0.22049437905139496,1.4259591102182159,0.9645031925828552,0.38445252789409556,0.14760856814606782,2.5653264283234587,0.8605905014548302,-0.02273484903647116,0.6057992709156258,8,3,240,0,0.0,False
session_0004,9,2024-01-01 14:09:00,1.8359534532363488,0.7438389751464897,-0.05245705843579179,1.1755338418585295,1.1388231295602649,0.6128969190713156,0.22049437905139496,1.4259591102182159,0.9645031925828552,0.38445252789409556,0.14760856814606782,2.5653264283234587,0.7075618598955558,-0.15302864155927443,0.6770178992200707,9,4,270,3,-0.1,False
session_0004,10,2024-01-01 14:10:00,1.8359534532363488,0.7438389751464897,-0.05245705843579179,1.1755338418585295,1.1388231295602649,0.6424963180400256,0.22049437905139496,1.4259591102182159,0.9645031925828552,0.38445252789409556,0.14760856814606782,2.5653264283234587,0.8128591430307497,0.10529728313519393,0.09557545480474916,10,4,300,0,0.21059456627038786,False
session_0004,11,2024-01-01 14:11:00,1.8359534532363488,0.7438389751464897,-0.05245705843579179,1.1755338418585295,1.1820145302451743,0.6424963180400256,0.22049437905139496,1.4259591102182159,0.9645031925828552,0.38445252789409556,0.14760856814606782,2.5653264283234587,0.8193477510091605,0.006488607978410776,0.2258928159453858,11,5,330,2,-0.08702278404317845,False
session_0004,12,2024-01-01 14:12:00,1.8359534532363488,0.8088412048814376,-0.05245705843579179,1.1755338418585295,1.1820145302451743,0.6424963180400256,0.22049437905139496,1.4259591102182159,0.9645031925828552,0.38445252789409556,0.14760856814606782,2.5653264283234587,0.8551564398044482,0.03580868879528776,0.09618208566001572,12,5,360,0,0.07161737759057552,False
session_0004,13,2024-01-01 14:13:00,1.8359534532363488,0.8088412048814376,-0.05245705843579179,1.1755338418585295,1.1820145302451743,0.6424963180400256,0.22049437905139496,1.4259591102182159,0.9645031925828552,0.4503015017048404,0.14760856814606782,2.5653264283234587,0.8773004326165276,0.02214399281207935,0.10654445521314804,13,6,390,1,-0.05571201437584131,False
session_0004,14,2024-01-01 14:14:00,1.8854326499660914,0.8088412048814376,-0.05245705843579179,1.1755338418585295,1.1820145302451743,0.6424963180400256,0.22049437905139496,1.4259591102182159,0.9645031925828552,0.4503015017048404,0.14760856814606782,2.5653264283234587,0.7720379229479571,-0.10526250966857043,0.28895962576369966,14,7,420,4,-0.1,False
session_0004,15,2024-01-01 14:15:00,1.8854326499660914,0.8088412048814376,-0.05245705843579179,1.1755338418585295,1.1820145302451743,0.6424963180400256,0.22049437905139496,1.4259591102182159,0.9645031925828552,0.5674262110515723,0.14760856814606782,2.5653264283234587,0.8658373966268015,0.09379947367884434,0.1451431256542854,15,7,450,0,0.18759894735768867,False
session_0004,16,2024-01-01 14:16:00,1.8854326499660914,0.8088412048814376,-0.05245705843579179,1.1755338418585295,1.1820145302451743,0.6424963180400256,0.22049437905139496,1.4259591102182159,0.9645031925828552,0.5674262110515723,0.14760856814606782,2.5653264283234587,0.8249462885453285,-0.040891108081473004,0.3417760491818161,16,8,480,3,-0.1,True
session_0005,0,2024-01-01 15:00:00,1.6926722584746288,0.7676162376903983,-0.14796998769648767,1.8537780979180836,0.6425737963466018,0.5696994200144728,-0.1972252175443267,1.7748446906428847,1.3586457710507744,0.47959109178873643,0.013579065307873672,2.399936109950107,0.90627737587726,0.6464284325748466,0.11991868830452246,0,1,0,5,1.1928568651496931,False
session_0005,1,2024-01-01 15:01:00,1.6926722584746288,0.7676162376903983,-0.14796998769648767,1.8537780979180836,0.6425737963466018,0.5696994200144728,-0.1972252175443267,1.7748446906428847,1.4472817194697776,0.47959109178873643,0.013579065307873672,2.399936109950107,0.8904007493554748,-0.01587662652178523,0.2815726570081056,1,1,30,0,0.0,False
session_0005,2,2024-01-01 15:02:00,1.6926722584746288,0.7676162376903983,-0.14796998769648767,1.8537780979180836,0.6425737963466018,0.5696994200144728,-0.1972252175443267,1.7748446906428847,1.4472817194697776,0.47959109178873643,0.013579065307873672,2.399936109950107,0.8572914814511099,-0.03310926790436486,0.36672755166564763,2,2,60,4,-0.1,False
session_0005,3,2024-01-01 15:03:00,1.7161123477444984,0.7676162376903983,-0.14796998769648767,1.8537780979180836,0.6425737963466018,0.5696994200144728,-0.1972252175443267,1.7748446906428847,1.4472817194697776,0.47959109178873643,0.013579065307873672,2.399936109950107,0.8277764499898986,-0.02951503146121126,0.5228384035544108,3,2,90,0,0.0,False
session_0005,4,2024-01-01 15:04:00,1.7161123477444984,0.7676162376903983,-0.14796998769648767,1.8537780979180836,0.6425737963466018,0.5696994200144728,-0.1972252175443267,1.7748446906428847,1.4472817194697776,0.579573516479766,0.013579065307873672,2.399936109950107,0.7524577926866165,-0.07531865730328213,0.676663964555482,4,3,120,4,-0.1,False
session_0005,5,2024-01-01 15:05:00,1.641753524863242,0.7676162376903983,-0.14796998769648767,1.8537780979180836,0.6425737963466018,0.5696994200144728,-0.1972252175443267,1.7748446906428847,1.4472817194697776,0.579573516479766,0.013579065307873672,2.399936109950107,0.7717079782091466,0.019250185522530106,0.15606029878187844,5,3,150,0,0.03850037104506021,False
session_0005,6,2024-01-01 15:06:00,1.641753524863242,0.7676162376903983,-0.14796998769648767,1.8537780979180836,0.6425737963466018,0.6982185173994518,-0.1972252175443267,1.7748446906428847,1.4472817194697776,0.579573516479766,0.013579065307873672,2.399936109950107,0.8356336178104189,0.06392563960127229,0.023695715443408275,6,4,180,4,0.02785127920254457,False
session_0005,7,2024-01-01 15:07:00,1.641753524863242,0.7676162376903983,-0.14796998769648767,1.8537780979180836,0.6425737963466018,0.6982185173994518,-0.1972252175443267,1.7748446906428847,1.4472817194697776,0.27904517266978884,0.013579065307873672,2.399936109950107,0.8525481359142061,0.01691451810378719,0.13721927302108977,7,4,210,0,0.03382903620757438,False
session_0005,8,2024-01-01 15:08:00,1.641753524863242,0.7676162376903983,-0.14796998769648767,1.8537780979180836,0.6425737963466018,0.6982185173994518,-0.1972252175443267,1.7748446906428847,1.2595346373538567,0.27904517266978884,0.013579065307873672,2.399936109950107,0.7110462291939984,-0.14150190672020768,0.23846282541357863,8,4,240,0,0.0,False
session_0005,9,2024-01-01 15:09:00,1.641753524863242,0.7676162376903983,-0.14796998769648767,1.8537780979180836,0.6425737963466018,0.6982185173994518,-0.1972252175443267,1.7748446906428847,1.2595346373538567,0.27904517266978884,0.013579065307873672,2.399936109950107,0.8049238350163688,0.09387760582237037,0.0221176821992221,9,5,270,7,0.08775521164474073,False
session_0005,10,2024-01-01 15:10:00,1.5709871198174916,0.7676162376903983,-0.14796998769648767,1.8537780979180836,0.6425737963466018,0.6982185173994518,-0.1972252175443267,1.7748446906428847,1.2595346373538567,0.27904517266978884,0.013579065307873672,2.399936109950107,0.8211560551403467,0.01623222012397796,0.021283906374276573,10,6,300,7,-0.06753555975204409,False
session_0005,11,2024-01-01 15:11:00,1.591723334626294,0.7676162376903983,-0.14796998769648767,1.8537780979180836,0.6425737963466018,0.6982185173994518,-0.1972252175443267,1.7748446906428847,1.2595346373538567,0.27904517266978884,0.013579065307873672,2.399936109950107,0.8341197993424285,0.012963744202081795,0.17940667977932506,11,6,330,0,0.02592748840416359,True
session_0006,0,2024-01-01 16:00:00,1.865957340696328,0.5937614235964941,-0.2783023737031823,0.017058327008936506,0.5774868755215984,0.5635551065886366,0.18088908651564917,0.7494357887761273,1.7741132643846094,0.23433916409195626,0.1805783121850057,2.914755307463418,0.8047558969656295,0.5503342171447534,0.16759604373107662,0,0,0,0,1.1006684342895068,False
session_0006,1,2024-01-01 16:01:00,1.865957340696328,0.7967993070319037,-0.2783023737031823,0.017058327008936506,0.5774868755215984,0.5635551065886366,0.18088908651564917,0.7494357887761273,1.7741132643846094,0.23433916409195626,0.1805783121850057,2.914755307463418,0.6779694284234054,-0.1267864685422242,0.1810425984882182,1,1,30,2,-0.1,False
session_0006,2,2024-01-01 16:02:00,1.865957340696328,0.7967993070319037,-0.2783023737031823,0.017058327008936506,0.5774868755215984,0.47474172121527136,0.18088908651564917,0.7494357887761273,1.7741132643846094,0.23433916409195626,0.1805783121850057,2.914755307463418,0.7076830293816432,0.02971360095823783,0.14198093945626078,2,2,60,7,-0.04057279808352435,False
session_0006,3,2024-01-01 16:03:00,1.865957340696328,0.7967993070319037,-0.2783023737031823,0.017058327008936506,0.5774868755215984,0.47474172121527136,0.18088908651564917,0.7494357887761273,1.8330373846235972,0.23433916409195626,0.1805783121850057,2.914755307463418,0.6676642548035892,-0.04001877457805403,0.15847011031603342,3,3,90,4,-0.1,False
session_0006,4,2024-01-01 16:04:00,1.865957340696328,0.7967993070319037,-0.2783023737031823,0.017058327008936506,0.6703165746784469,0.47474172121527136,0.18088908651564917,0.7494357887761273,1.8330373846235972,0.23433916409195626,0.1805783121850057,2.914755307463418,0.6987243860367142,0.03106013123312501,0.0367066457760638,4,4,120,7,-0.037879737533749985,False
session_0006,5,2024-01-01 16:05:00,1.865957340696328,0.7967993070319037,-0.2783023737031823,0.017058327008936506,0.6703165746784469,0.47474172121527136,0.18088908651564917,0.7494357887761273,1.734894893120464,0.23433916409195626,0.1805783121850057,2.914755307463418,0.7293264537806438,0.030602067743929595,0.11448262999172748,5,4,150,0,0.06120413548785919,False
session_0006,6,2024-01-01 16:06:00,1.865957340696328,0.7967993070319037,-0.2783023737031823,0.017058327008936506,0.6703165746784469,0.47474172121527136,0.18088908651564917,0.7494357887761273,1.734894893120464,0.23433916409195626,0.1805783121850057,2.914755307463418,0.721649363284245,-0.007677090496398753,0.2656034431615084,6,5,180,2,-0.1,False
session_0006,7,2024-01-01 16:07:00,1.865957340696328,0.7967993070319037,-0.2783023737031823,0.017058327008936506,0.6703165746784469,0.47474172121527136,0.18088908651564917,0.7494357887761273,1.7017460759107386,0.23433916409195626,0.1805783121850057,2.914755307463418,0.7978331747773055,0.07618381149306053,0.0296877979840116,7,5,210,0,0.15236762298612105,False
session_0006,8,2024-01-01 16:08:00,1.865957340696328,0.7967993070319037,-0.2783023737031823,0.017058327008936506,0.6703165746784469,0.47474172121527136,0.18088908651564917,0.7494357887761273,1.7017460759107386,0.33818819054464394,0.1805783121850057,2.914755307463418,0.7611499632729787,-0.03668321150432685,0.20561510915625147,8,5,240,0,0.0,False
session_0006,9,2024-01-01 16:09:00,1.865957340696328,0.7967993070319037,-0.2783023737031823,0.017058327008936506,0.6703165746784469,0.47474172121527136,0.18088908651564917,0.7494357887761273,1.6991597911153529,0.33818819054464394,0.1805783121850057,2.914755307463418,0.7736349455687561,0.012484982295777436,0.08175662188573943,9,5,270,0,0.024969964591554872,False
session_0006,10,2024-01-01 16:10:00,1.865957340696328,0.7967993070319037,-0.2783023737031823,0.017058327008936506,0.6703165746784469,0.3071341042668302,0.18088908651564917,0.7494357887761273,1.6991597911153529,0.33818819054464394,0.1805783121850057,2.914755307463418,0.7181388131211741,-0.055496132447582,0.24482653501803406,10,5,300,0,0.0,False
session_0006,11,2024-01-01 16:11:00,1.9007281859414236,0.7967993070319037,-0.2783023737031823,0.017058327008936506,0.6703165746784469,0.3071341042668302,0.18088908651564917,0.7494357887761273,1.6991597911153529,0.33818819054464394,0.1805783121850057,2.914755307463418,0.7089673961115864,-0.009171417009587679,0.42958969644024203,11,6,330,1,-0.1,False
session_0006,12,2024-01-01 16:12:00,1.9007281859414236,0.7967993070319037,-0.2783023737031823,0.017058327008936506,0.6703165746784469,0.2732082558784287,0.18088908651564917,0.7494357887761273,1.6991597911153529,0.33818819054464394,0.1805783121850057,2.914755307463418,0.7774250073075604,0.06845761119597393,0.08628363903597802,12,7,360,1,0.03691522239194786,False
session_0006,13,2024-01-01 16:13:00,1.9007281859414236,1.0,-0.2783023737031823,0.017058327008936506,0.6703165746784469,0.2732082558784287,0.18088908651564917,0.7494357887761273,1.6991597911153529,0.33818819054464394,0.1805783121850057,2.914755307463418,0.7654130520559366,-0.012011955251623796,0.3272805773447416,13,8,390,5,-0.1,False
session_0006,14,2024-01-01 16:14:00,1.9007281859414236,1.0,-0.2783023737031823,0.017058327008936506,0.6703165746784469,0.2675299364391595,0.18088908651564917,0.7494357887761273,1.6991597911153529,0.33818819054464394,0.1805783121850057,2.914755307463418,0.6843801997515273,-0.08103285230440926,0.4599740821527673,14,8,420,0,0.0,False
session_0006,15,2024-01-01 16:15:00,1.9007281859414236,1.0,-0.2783023737031823,0.017058327008936506,0.6703165746784469,0.2675299364391595,0.18088908651564917,0.7494357887761273,1.6991597911153529,0.33818819054464394,0.1805783121850057,2.914755307463418,0.726179840625409,0.04179964087388166,0.16839864220789263,15,8,450,0,0.08359928174776332,False
session_0006,16,2024-01-01 16:16:00,1.9007281859414236,1.0,-0.2783023737031823,0.017058327008936506,0.6703165746784469,0.2520962836618389,0.18088908651564917,0.7494357887761273,1.6991597911153529,0.33818819054464394,0.1805783121850057,2.914755307463418,0.7373628871663969,0.011183046540987895,0.14853851334501714,16,8,480,0,0.02236609308197579,True
session_0007,0,2024-01-01 17:00:00,1.0583923597873222,0.2921677394363809,0.06050424476704852,0.37596242234146615,1.0473790416173787,0.7750575085405835,0.2972786835501822,2.4256390544803117,0.9664422648811493,0.6125990294996555,0.12324381929040762,1.218440620281934,0.8535930142469539,0.6254152873297221,0.0418115317204483,0,0,0,0,1.2508305746594441,False
session_0007,1,2024-01-01 17:01:00,1.0583923597873222,0.2921677394363809,0.06050424476704852,0.37596242234146615,1.0473790416173787,0.7750575085405835,0.2972786835501822,2.4256390544803117,0.9664422648811493,0.5781804153881175,0.12324381929040762,1.218440620281934,0.9445076863359366,0.09091467208898274,0.11119388560568969,1,1,30,3,0.08182934417796547,False
session_0007,2,2024-01-01 17:02:00,1.0583923597873222,0.2921677394363809,0.06050424476704852,0.37596242234146615,1.0473790416173787,0.7750575085405835,0.2972786835501822,2.4256390544803117,0.9664422648811493,0.7785480658361524,0.12324381929040762,1.218440620281934,0.9031967609908597,-0.041310925345076965,0.228514543168384,2,1,60,0,0.0,False
session_0007,3,2024-01-01 17:03:00,1.0583923597873222,0.2921677394363809,0.06050424476704852,0.37596242234146615,1.0473790416173787,0.7750575085405835,0.2972786835501822,2.4256390544803117,0.9664422648811493,0.7785480658361524,0.12324381929040762,1.218440620281934,0.8459171325536665,-0.05727962843719314,0.39386538683808026,3,1,90,0,0.0,False
session_0007,4,2024-01-01 17:04:00,1.0135359389844867,0.2921677394363809,0.06050424476704852,0.37596242234146615,1.0473790416173787,0.7750575085405835,0.2972786835501822,2.4256390544803117,0.9664422648811493,0.7785480658361524,0.12324381929040762,1.218440620281934,0.8511367468394051,0.005219614285738583,0.4965704569887412,4,1,120,0,0.010439228571477166,False
session_0007,5,2024-01-01 17:05:00,1.0135359389844867,0.2921677394363809,0.06050424476704852,0.37596242234146615,1.0473790416173787,0.7750575085405835,0.2972786835501822,2.4256390544803117,0.9664422648811493,0.41940902010108166,0.12324381929040762,1.218440620281934,0.8188853234426249,-0.03225142339678022,0.6487334908111427,5,2,150,5,-0.1,False
session_0007,6,2024-01-01 17:06:00,1.0135359389844867,0.2921677394363809,0.06050424476704852,0.37596242234146615,1.0473790416173787,0.7750575085405835,0.2972786835501822,2.4256390544803117,0.9664422648811493,0.4014863575561062,0.12324381929040762,1.218440620281934,0.8428563343686862,0.023971010926061354,0.15258060380790583,6,2,180,0,0.04794202185212271,False
session_0007,7,2024-01-01 17:07:00,1.0135359389844867,0.2921677394363809,0.06050424476704852,0.37596242234146615,1.0473790416173787,0.8810849546754411,0.2972786835501822,2.4256390544803117,0.9664422648811493,0.4014863575561062,0.12324381929040762,1.218440620281934,0.8588729927786634,0.016016658409977125,0.09651450171745879,7,3,210,3,-0.06796668318004576,False
session_0007,8,2024-01-01 17:08:00,1.0135359389844867,0.2921677394363809,0.06050424476704852,0.37596242234146615,1.149132706753932,0.8810849546754411,0.2972786835501822,2.4256390544803117,0.9664422648811493,0.4014863575561062,0.12324381929040762,1.218440620281934,0.8344423014927849,-0.024430691285878492,0.2674247881073961,8,4,240,4,-0.1,False
session_0007,9,2024-01-01 17:09:00,1.0135359389844867,0.2921677394363809,0.06050424476704852,0.37596242234146615,1.149132706753932,0.7566377759153335,0.2972786835501822,2.4256390544803117,0.9664422648811493,0.4014863575561062,0.12324381929040762,1.218440620281934,0.8240236735619839,-0.01041862793080095,0.37971050134030815,9,5,270,4,-0.1,False
session_0007,10,2024-01-01 17:10:00,1.0135359389844867,0.2921677394363809,0.06050424476704852,0.37596242234146615,1.149132706753932,0.6800842481723622,0.2972786835501822,2.4256390544803117,0.9664422648811493,0.4014863575561062,0.12324381929040762,1.218440620281934,0.9249557965859737,0.1009321230239898,0.03832060193253997,10,5,300,0,0.2018642460479796,False
session_0007,11,2024-01-01 17:11:00,1.0135359389844867,0.2921677394363809,0.06050424476704852,0.37596242234146615,1.149132706753932,0.6800842481723622,0.2972786835501822,2.4256390544803117,0.9664422648811493,0.4014863575561062,0.12324381929040762,1.218440620281934,0.9073679644264655,-0.01758783215950821,0.21150701448415724,11,5,330,0,0.0,False
session_0007,12,2024-01-01 17:12:00,1.0135359389844867,0.2921677394363809,0.06050424476704852,0.37596242234146615,1.149132706753932,0.7062878293798004,0.2972786835501822,2.4256390544803117,0.9664422648811493,0.4014863575561062,0.12324381929040762,1.218440620281934,0.8310312918794721,-0.07633667254699339,0.42675395461385257,12,6,360,7,-0.1,False
session_0007,13,2024-01-01 17:13:00,1.0135359389844867,0.2921677394363809,0.06050424476704852,0.37596242234146615,1.149132706753932,0.7062878293798004,0.2972786835501822,2.4256390544803117,1.0912372633870924,0.4014863575561062,0.12324381929040762,1.218440620281934,0.8758696643393059,0.0448383724598338,0.1806655743928106,13,7,390,2,-0.01032325508033241,False
session_0007,14,2024-01-01 17:14:00,1.0135359389844867,0.2921677394363809,0.06050424476704852,0.37596242234146615,1.149132706753932,0.5328356803400005,0.2972786835501822,2.4256390544803117,1.0912372633870924,0.4014863575561062,0.12324381929040762,1.218440620281934,0.8609067023390811,-0.014962962000224844,0.17282081423672743,14,8,420,2,-0.1,False
session_0007,15,2024-01-01 17:15:00,1.0135359389844867,0.2921677394363809,0.06050424476704852,0.37596242234146615,1.149132706753932,0.5328356803400005,0.2972786835501822,2.4256390544803117,0.9735757914441622,0.4014863575561062,0.12324381929040762,1.218440620281934,0.8608740360118715,-3.266632720955176e-05,0.4308204818964714,15,9,450,6,-0.1,True
session_0008,0,2024-01-01 18:00:00,1.6006302461568742,0.6499901227611613,-0.0921042832121707,0.38914837471525837,0.5614204404285796,0.6664058765175072,-0.006180154909856461,3.0961657563028995,1.1974601842904795,0.7867501874443041,-0.05305439868356407,2.493426013484558,0.7739737330259266,0.6570098785635602,0.16041195739714487,0,1,0,5,1.2140197571271203,False
session_0008,1,2024-01-01 18:01:00,1.6006302461568742,0.6499901227611613,-0.0921042832121707,0.38914837471525837,0.6286353450190102,0.6664058765175072,-0.006180154909856461,3.0961657563028995,1.1974601842904795,0.7867501874443041,-0.05305439868356407,2.493426013484558,0.7277947344375754,-0.04617899858835128,0.15973969446277025,1,1,30,0,0.0,False
session_0008,2,2024-01-01 18:02:00,1.6006302461568742,0.6499901227611613,-0.0921042832121707,0.38914837471525837,0.6286353450190102,0.6664058765175072,-0.006180154909856461,3.0961657563028995,1.2420923990447859,0.7867501874443041,-0.05305439868356407,2.493426013484558,0.7677893967579205,0.0399946623203451,0.14788629369530198,2,2,60,3,-0.02001067535930981,False
session_0008,3,2024-01-01 18:03:00,1.6006302461568742,0.6499901227611613,-0.0921042832121707,0.38914837471525837,0.6286353450190102,0.6664058765175072,-0.006180154909856461,3.0961657563028995,1.2783390772962986,0.7867501874443041,-0.05305439868356407,2.493426013484558,0.877053616599191,0.10926421984127055,0.17162506092496466,3,2,90,0,0.2185284396825411,False
session_0008,4,2024-01-01 18:04:00,1.6006302461568742,0.5570402326418693,-0.0921042832121707,0.38914837471525837,0.6286353450190102,0.6664058765175072,-0.006180154909856461,3.0961657563028995,1.2783390772962986,0.7867501874443041,-0.05305439868356407,2.493426013484558,0.7917645403077954,-0.0852890762913956,0.32912697627673937,4,3,120,1,-0.1,False
session_0008,5,2024-01-01 18:05:00,1.4965716409056309,0.5570402326418693,-0.0921042832121707,0.38914837471525837,0.6286353450190102,0.6664058765175072,-0.006180154909856461,3.0961657563028995,1.2783390772962986,0.7867501874443041,-0.05305439868356407,2.493426013484558,0.7082040016446816,-0.08356053866311386,0.3696062846819029,5,4,150,4,-0.1,False
session_0008,6,2024-01-01 18:06:00,1.4965716409056309,0.5570402326418693,-0.0921042832121707,0.38914837471525837,0.6286353450190102,0.6664058765175072,-0.006180154909856461,3.0961657563028995,1.2783390772962986,0.5930663833822856,-0.05305439868356407,2.493426013484558,0.8423713899906616,0.13416738834598008,0.054965010151013405,6,5,180,4,0.16833477669196015,False
session_0008,7,2024-01-01 18:07:00,1.4965716409056309,0.390032026353592,-0.0921042832121707,0.38914837471525837,0.6286353450190102,0.6664058765175072,-0.006180154909856461,3.0961657563028995,1.2783390772962986,0.5930663833822856,-0.05305439868356407,2.493426013484558,0.8761817964140822,0.03381040642342059,0.14352782952831353,7,6,210,3,-0.03237918715315882,False
session_0008,8,2024-01-01 18:08:00,1.8044743881975145,0.390032026353592,-0.0921042832121707,0.38914837471525837,0.6286353450190102,0.6664058765175072,-0.006180154909856461,3.0961657563028995,1.2783390772962986,0.5930663833822856,-0.05305439868356407,2.493426013484558,0.8022998948171642,-0.07388190159691799,0.17736425560592525,8,6,240,0,0.0,False
session_0008,9,2024-01-01 18:09:00,1.8044743881975145,0.390032026353592,-0.0921042832121707,0.38914837471525837,0.6286353450190102,0.6664058765175072,-0.006180154909856461,3.0961657563028995,1.2783390772962986,0.5930663833822856,-0.05305439868356407,2.493426013484558,0.7556270485298603,-0.04667284628730395,0.41904256808267437,9,6,270,0,0.0,False
session_0008,10,2024-01-01 18:10:00,1.8044743881975145,0.390032026353592,-0.0921042832121707,0.38914837471525837,0.6286353450190102,0.6664058765175072,-0.006180154909856461,3.0961657563028995,1.2783390772962986,0.5930663833822856,-0.05305439868356407,2.493426013484558,0.9115574035683919,0.1559303550385316,0.0268733826626123,10,6,300,0,0.3118607100770632,False
session_0008,11,2024-01-01 18:11:00,1.8044743881975145,0.47812090137401086,-0.0921042832121707,0.38914837471525837,0.6286353450190102,0.6664058765175072,-0.006180154909856461,3.0961657563028995,1.2783390772962986,0.5930663833822856,-0.05305439868356407,2.493426013484558,0.7889271217804134,-0.12263028178797852,0.2769080529903594,11,6,330,0,0.0,False
session_0008,12,2024-01-01 18:12:00,1.6352781232805382,0.47812090137401086,-0.0921042832121707,0.38914837471525837,0.6286353450190102,0.6664058765175072,-0.006180154909856461,3.0961657563028995,1.2783390772962986,0.5930663833822856,-0.05305439868356407,2.493426013484558,0.8484209693414777,0.05949384756106435,0.10817132738899025,12,6,360,0,0.1189876951221287,False
session_0008,13,2024-01-01 18:13:00,1.6352781232805382,0.47812090137401086,-0.0921042832121707,0.38914837471525837,0.6286353450190102,0.6664058765175072,-0.006180154909856461,3.0961657563028995,1.2783390772962986,0.5930663833822856,-0.05305439868356407,2.493426013484558,0.7640164998645742,-0.0844044694769035,0.21506854610333542,13,7,390,4,-0.1,False
session_0008,14,2024-01-01 18:14:00,1.6352781232805382,0.22164646719195413,-0.0921042832121707,0.38914837471525837,0.6286353450190102,0.6664058765175072,-0.006180154909856461,3.0961657563028995,1.2783390772962986,0.5930663833822856,-0.05305439868356407,2.493426013484558,0.8500701473684482,0.08605364750387401,0.13068784180189905,14,7,420,0,0.17210729500774802,False
session_0008,15,2024-01-01 18:15:00,1.6352781232805382,0.22164646719195413,-0.0921042832121707,0.38914837471525837,0.6286353450190102,0.708196271333224,-0.006180154909856461,3.0961657563028995,1.2783390772962986,0.5930663833822856,-0.05305439868356407,2.493426013484558,0.9236895004498876,0.07361935308143941,0.11229787888287693,15,8,450,3,0.04723870616287881,False
session_0008,16,2024-01-01 18:16:00,1.6102389337642535,0.22164646719195413,-0.0921042832121707,0.38914837471525837,0.6286353450190102,0.708196271333224,-0.006180154909856461,3.0961657563028995,1.2783390772962986,0.5930663833822856,-0.05305439868356407,2.493426013484558,0.8383175653297201,-0.0853719351201675,0.34894034978700494,16,9,480,1,-0.1,False
session_0008,17,2024-01-01 18:17:00,1.6102389337642535,0.22164646719195413,-0.0921042832121707,0.38914837471525837,0.5850945977246139,0.708196271333224,-0.006180154909856461,3.0961657563028995,1.2783390772962986,0.5930663833822856,-0.05305439868356407,2.493426013484558,0.7787540719922738,-0.05956349333744637,0.41243414674751444,17,9,510,0,0.0,False
session_0008,18,2024-01-01 18:18:00,1.6102389337642535,0.25305418957893405,-0.0921042832121707,0.38914837471525837,0.5850945977246139,0.708196271333224,-0.006180154909856461,3.0961657563028995,1.2783390772962986,0.5930663833822856,-0.05305439868356407,2.493426013484558,0.7951323138952747,0.016378241903000967,0.007168550283632636,18,10,540,5,-0.06724351619399807,False
session_0008,19,2024-01-01 18:19:00,1.6102389337642535,0.25305418957893405,-0.0921042832121707,0.38914837471525837,0.5850945977246139,0.708196271333224,-0.006180154909856461,3.0961657563028995,1.2783390772962986,0.5517311310364408,-0.05305439868356407,2.493426013484558,0.6976028761284894,-0.09752943776678535,0.16310608678367647,19,10,570,0,0.0,True
session_0009,0,2024-01-01 19:00:00,0.66740055237384,0.4307026267939569,-0.2636829295040783,2.1934277127879773,0.8105308122872179,0.3812429412701831,-0.06352453369314151,1.3088177626647743,0.5024910615122008,0.26724222259921854,0.2176587382445268,0.0038737801288275704,0.7141258650116231,0.5124923938490481,0.06661883220212757,0,0,0,0,1.0249847876980962,False
session_0009,1,2024-01-01 19:01:00,0.66740055237384,0.4307026267939569,-0.2636829295040783,2.1934277127879773,0.8105308122872179,0.3812429412701831,-0.06352453369314151,1.3088177626647743,0.5024910615122008,0.26724222259921854,0.2176587382445268,0.0038737801288275704,0.7238063971344632,0.009680532122840035,0.20206970868305002,1,0,30,0,0.01936106424568007,False
session_0009,2,2024-01-01 19:02:00,0.442904748888341,0.4307026267939569,-0.2636829295040783,2.1934277127879773,0.8105308122872179,0.3812429412701831,-0.06352453369314151,1.3088177626647743,0.5024910615122008,0.26724222259921854,0.2176587382445268,0.0038737801288275704,0.8255297742042963,0.10172337706983314,0.06614714841097334,2,1,60,5,0.10344675413966628,False
session_0009,3,2024-01-01 19:03:00,0.442904748888341,0.4307026267939569,-0.2636829295040783,2.1934277127879773,0.8105308122872179,0.3812429412701831,-0.06352453369314151,1.3088177626647743,0.44548301555588926,0.26724222259921854,0.2176587382445268,0.0038737801288275704,0.7691607121087842,-0.05636906209551207,0.18009080231149482,3,1,90,0,0.0,False
session_0009,4,2024-01-01 19:04:00,0.442904748888341,0.4307026267939569,-0.2636829295040783,2.1934277127879773,0.8383451849326806,0.3812429412701831,-0.06352453369314151,1.3088177626647743,0.44548301555588926,0.26724222259921854,0.2176587382445268,0.0038737801288275704,0.7574574177824503,-0.01170329432633388,0.33766439496227035,4,1,120,0,0.0,True
session_0010,0,2024-01-01 10:00:00,1.3538180756460152,0.5541172296596757,0.20966119985386739,0.014895525139725826,1.7800541890135502,0.5714714518561845,-0.20235390833702543,2.4282544202506906,1.7832373126858787,0.3525580902524944,0.25127620854160854,1.4277201243955588,0.9165928736795572,0.6959079828128929,0.07230721572783987,0,1,0,3,1.2918159656257857,False
session_0010,1,2024-01-01 10:01:00,1.3857993961209103,0.5541172296596757,0.20966119985386739,0.014895525139725826,1.7800541890135502,0.5714714518561845,-0.20235390833702543,2.4282544202506906,1.7832373126858787,0.3525580902524944,0.25127620854160854,1.4277201243955588,0.8462636027386639,-0.07032927094089336,0.19327113904508028,1,1,30,0,0.0,False
session_0010,2,2024-01-01 10:02:00,1.3857993961209103,0.5541172296596757,0.20966119985386739,0.014895525139725826,1.7800541890135502,0.5714714518561845,-0.20235390833702543,2.4282544202506906,1.8173164534860893,0.3525580902524944,0.25127620854160854,1.4277201243955588,0.7315478509627309,-0.11471575177593296,0.3038068295634973,2,1,60,0,0.0,False
session_0010,3,2024-01-01 10:03:00,1.3857993961209103,0.5541172296596757,0.20966119985386739,0.014895525139725826,1.7800541890135502,0.5714714518561845,-0.20235390833702543,2.4282544202506906,1.8173164534860893,0.3525580902524944,0.25127620854160854,1.4277201243955588,0.9048192384134813,0.17327138745075044,0.14771607729147654,3,1,90,0,0.34654277490150087,False
session_0010,4,2024-01-01 10:04:00,1.3857993961209103,0.5541172296596757,0.20966119985386739,0.014895525139725826,1.7800541890135502,0.5714714518561845,-0.20235390833702543,2.4282544202506906,1.8173164534860893,0.3525580902524944,0.25127620854160854,1.4277201243955588,0.888259663496073,-0.016559574917408337,0.17520526834932532,4,1,120,0,0.0,False
session_0010,5,2024-01-01 10:05:00,1.4254985265707942,0.5541172296596757,0.20966119985386739,0.014895525139725826,1.7800541890135502,0.5714714518561845,-0.20235390833702543,2.4282544202506906,1.8173164534860893,0.3525580902524944,0.25127620854160854,1.4277201243955588,0.8197777908246726,-0.06848187267140038,0.49835489518574216,5,1,150,0,0.0,False
session_0010,6,2024-01-01 10:06:00,1.4254985265707942,0.5541172296596757,0.20966119985386739,0.014895525139725826,1.7800541890135502,0.6608927847075254,-0.20235390833702543,2.4282544202506906,1.8173164534860893,0.3525580902524944,0.25127620854160854,1.4277201243955588,0.8039175664303239,-0.015860224394348754,0.6294604399508187,6,2,180,5,-0.1,False
session_0010,7,2024-01-01 10:07:00,1.4254985265707942,0.5541172296596757,0.20966119985386739,0.014895525139725826,1.7800541890135502,0.6608927847075254,-0.20235390833702543,2.4282544202506906,1.8173164534860893,0.33226669177293966,0.25127620854160854,1.4277201243955588,0.746180224834403,-0.05773734159592081,0.6546374383001753,7,2,210,0,0.0,False
session_0010,8,2024-01-01 10:08:00,1.4646249925641177,0.5541172296596757,0.20966119985386739,0.014895525139725826,1.7800541890135502,0.6608927847075254,-0.20235390833702543,2.4282544202506906,1.8173164534860893,0.33226669177293966,0.25127620854160854,1.4277201243955588,0.7070535625360812,-0.039126662298321846,0.7536321087828728,8,3,240,3,-0.1,False
session_0010,9,2024-01-01 10:09:00,1.4646249925641177,0.6600396035493078,0.20966119985386739,0.014895525139725826,1.7800541890135502,0.6608927847075254,-0.20235390833702543,2.4282544202506906,1.8173164534860893,0.33226669177293966,0.25127620854160854,1.4277201243955588,0.8317924241653022,0.12473886162922099,0.0507329013123657,9,4,270,1,0.14947772325844197,False
session_0010,10,2024-01-01 10:10:00,1.4646249925641177,0.7117303392618615,0.20966119985386739,0.014895525139725826,1.7800541890135502,0.6608927847075254,-0.20235390833702543,2.4282544202506906,1.8173164534860893,0.33226669177293966,0.25127620854160854,1.4277201243955588,0.7917109733824154,-0.04008145078288683,0.2951539269430868,10,4,300,0,0.0,False
session_0010,11,2024-01-01 10:11:00,1.4646249925641177,0.7117303392618615,0.20966119985386739,0.014895525139725826,1.7800541890135502,0.6608927847075254,-0.20235390833702543,2.4282544202506906,1.8173164534860893,0.33226669177293966,0.25127620854160854,1.4277201243955588,0.7105366777211137,-0.08117429566130163,0.383854477580161,11,4,330,0,0.0,False
session_0010,12,2024-01-01 10:12:00,1.4899134740611075,0.7117303392618615,0.20966119985386739,0.014895525139725826,1.7800541890135502,0.6608927847075254,-0.20235390833702543,2.4282544202506906,1.8173164534860893,0.33226669177293966,0.25127620854160854,1.4277201243955588,0.7450202364439277,0.034483558722813945,0.018814392617879164,12,5,360,4,-0.031032882554372115,False
session_0010,13,2024-01-01 10:13:00,1.4899134740611075,0.7117303392618615,0.20966119985386739,0.014895525139725826,1.7800541890135502,0.6608927847075254,-0.20235390833702543,2.4282544202506906,1.797216824479629,0.33226669177293966,0.25127620854160854,1.4277201243955588,0.7858882875577103,0.040868051113782666,0.1923099259082065,13,5,390,0,0.08173610222756533,True
session_0011,0,2024-01-01 11:00:00,1.6002423568442448,0.7270194402864811,-0.07256838297761686,1.6242646216489316,1.6125746157796024,0.6386815859916772,0.16977607801565092,1.7904998976765967,0.6569226452071628,0.7423839745268241,0.21934352359261694,2.5072970412157263,0.8445720813218094,0.7245995858896634,0.1487200730215304,0,0,0,0,1.449199171779327,False
session_0011,1,2024-01-01 11:01:00,1.6002423568442448,0.7270194402864811,-0.07256838297761686,1.6242646216489316,1.6125746157796024,0.6386815859916772,0.16977607801565092,1.7904998976765967,0.6569226452071628,0.7423839745268241,0.21934352359261694,2.5072970412157263,0.7749766409868154,-0.06959544033499399,0.2938625067381647,1,1,30,4,-0.1,False
session_0011,2,2024-01-01 11:02:00,1.6002423568442448,0.7270194402864811,-0.07256838297761686,1.6242646216489316,1.6125746157796024,0.6752290332559607,0.16977607801565092,1.7904998976765967,0.6569226452071628,0.7423839745268241,0.21934352359261694,2.5072970412157263,0.9266583840163184,0.151681743029503,0.11619787474961014,2,1,60,0,0.303363486059006,False
session_0011,3,2024-01-01 11:03:00,1.6002423568442448,0.7270194402864811,-0.07256838297761686,1.6242646216489316,1.5582997352169512,0.6752290332559607,0.16977607801565092,1.7904998976765967,0.6569226452071628,0.7423839745268241,0.21934352359261694,2.5072970412157263,0.8185732560988124,-0.10808512791750602,0.22544119657660078,3,1,90,0,0.0,False
session_0011,4,2024-01-01 11:04:00,1.6002423568442448,0.7270194402864811,-0.07256838297761686,1.6242646216489316,1.5919580478774946,0.6752290332559607,0.16977607801565092,1.7904998976765967,0.6569226452071628,0.7423839745268241,0.21934352359261694,2.5072970412157263,0.7910256517099599,-0.02754760438885251,0.36789555084178055,4,2,120,5,-0.1,False
session_0011,5,2024-01-01 11:05:00,1.6002423568442448,0.7270194402864811,-0.07256838297761686,1.6242646216489316,1.5919580478774946,0.6752290332559607,0.16977607801565092,1.7904998976765967,0.5126927316512216,0.7423839745268241,0.21934352359261694,2.5072970412157263,0.7524338032896242,-0.038591848420335695,0.626207210383574,5,3,150,1,-0.1,False
session_0011,6,2024-01-01 11:06:00,1.6002423568442448,0.8101226260532786,-0.07256838297761686,1.6242646216489316,1.5919580478774946,0.6752290332559607,0.16977607801565092,1.7904998976765967,0.5126927316512216,0.7423839745268241,0.21934352359261694,2.5072970412157263,0.6757801292989933,-0.07665367399063083,0.7044024602733024,6,4,180,2,-0.1,False
session_0011,7,2024-01-01 11:07:00,1.6002423568442448,0.8101226260532786,-0.07256838297761686,1.6242646216489316,1.6198444763422184,0.6752290332559607,0.16977607801565092,1.7904998976765967,0.5126927316512216,0.7423839745268241,0.21934352359261694,2.5072970412157263,0.689705597289889,0.013925467990895668,0.1918664695271217,7,5,210,1,-0.07214906401820867,False
session_0011,8,2024-01-01 11:08:00,1.6002423568442448,0.526330688056492,-0.07256838297761686,1.6242646216489316,1.6198444763422184,0.6752290332559607,0.16977607801565092,1.7904998976765967,0.5126927316512216,0.7423839745268241,0.21934352359261694,2.5072970412157263,0.7820530708241188,0.09234747353422978,0.058954789914908545,8,6,240,3,0.08469494706845956,False
session_0011,9,2024-01-01 11:09:00,1.596044988364712,0.526330688056492,-0.07256838297761686,1.6242646216489316,1.6198444763422184,0.6752290332559607,0.16977607801565092,1.7904998976765967,0.5126927316512216,0.7423839745268241,0.21934352359261694,2.5072970412157263,0.8304712528109526,0.048418181986833786,0.1964733366209065,9,7,270,5,-0.0031636360263324337,False
session_0011,10,2024-01-01 11:10:00,1.596044988364712,0.526330688056492,-0.07256838297761686,1.6242646216489316,1.6198444763422184,0.6752290332559607,0.16977607801565092,1.7904998976765967,0.5126927316512216,0.687717781632455,0.21934352359261694,2.5072970412157263,0.8535360701850152,0.02306481737406263,0.1105796508128923,10,7,300,0,0.04612963474812526,False
session_0011,11,2024-01-01 11:11:00,1.596044988364712,0.526330688056492,-0.07256838297761686,1.6242646216489316,1.6198444763422184,0.6752290332559607,0.16977607801565092,1.7904998976765967,0.5126927316512216,0.687717781632455,0.21934352359261694,2.5072970412157263,0.7496368651128923,-0.10389920507212291,0.258472880460441,11,7,330,0,0.0,True
session_0012,0,2024-01-01 12:00:00,1.3763417900918273,0.6410776565117802,-0.12238028225398456,1.166324557302369,1.1072824466398008,0.6560089830464211,0.1634117926047408,0.6497238587010725,1.9123082851071485,0.27239320246621185,0.23767324945417817,0.31540222282584496,0.7693469615643457,0.6164389993340835,0.03589841446921749,0,0,0,0,1.232877998668167,False
session_0012,1,2024-01-01 12:01:00,1.3763417900918273,0.6410776565117802,-0.12238028225398456,1.166324557302369,1.1072824466398008,0.6560089830464211,0.1634117926047408,0.6497238587010725,1.9123082851071485,0.1790680474280731,0.23767324945417817,0.31540222282584496,0.86703583622562,0.0976888746612743,0.17491502797111436,1,0,30,0,0.1953777493225486,False
session_0012,2,2024-01-01 12:02:00,1.3763417900918273,0.6410776565117802,-0.12238028225398456,1.166324557302369,1.1072824466398008,0.6560089830464211,0.1634117926047408,0.6497238587010725,1.9804797207114333,0.1790680474280731,0.23767324945417817,0.31540222282584496,0.7864479773327117,-0.08058785889290832,0.33800380216150294,2,1,60,4,-0.1,False
session_0012,3,2024-01-01 12:03:00,1.3763417900918273,0.5839327345921065,-0.12238028225398456,1.166324557302369,1.1072824466398008,0.6560089830464211,0.1634117926047408,0.6497238587010725,1.9804797207114333,0.1790680474280731,0.23767324945417817,0.31540222282584496,0.8026071509545991,0.016159173621887457,0.09812158310237439,3,1,90,0,0.032318347243774914,False
session_0012,4,2024-01-01 12:04:00,1.3763417900918273,0.5839327345921065,-0.12238028225398456,1.166324557302369,1.1072824466398008,0.6560089830464211,0.1634117926047408,0.6497238587010725,1.984265385109275,0.1790680474280731,0.23767324945417817,0.31540222282584496,0.8108373106341051,0.008230159679506022,0.3404499431691367,4,1,120,0,0.016460319359012043,False
session_0012,5,2024-01-01 12:05:00,1.3763417900918273,0.5839327345921065,-0.12238028225398456,1.166324557302369,1.1072824466398008,0.6560089830464211,0.1634117926047408,0.6497238587010725,1.984265385109275,0.1790680474280731,0.23767324945417817,0.31540222282584496,0.8260174807077599,0.015180170073654797,0.11088331040798671,5,1,150,0,0.030360340147309595,True
session_0013,0,2024-01-01 13:00:00,0.9822994872234976,0.5648775271487549,-0.02099152080643618,1.2580546901834508,1.2978291370191022,0.31234336676920493,0.2931623391117459,2.5707899886947767,1.6124219490972729,0.48125557820837156,-0.20827372672419842,2.8923570967631824,0.8509079506910885,0.682630537214743,0.06848073536212573,0,1,0,3,1.2652610744294859,False
session_0013,1,2024-01-01 13:01:00,0.9822994872234976,0.5648775271487549,-0.02099152080643618,1.2580546901834508,1.2978291370191022,0.31234336676920493,0.2931623391117459,2.5707899886947767,1.6124219490972729,0.5934015938285209,-0.20827372672419842,2.8923570967631824,0.895716285823565,0.04480833513247651,0.04239092221610852,1,2,30,5,-0.010383329735046992,False
session_0013,2,2024-01-01 13:02:00,0.9822994872234976,0.5648775271487549,-0.02099152080643618,1.2580546901834508,1.2978291370191022,0.31234336676920493,0.2931623391117459,2.5707899886947767,1.5623047500627327,0.5934015938285209,-0.20827372672419842,2.8923570967631824,0.8785456600734511,-0.017170625750113855,0.3486736996822356,2,2,60,0,0.0,False
session_0013,3,2024-01-01 13:03:00,0.9822994872234976,0.5648775271487549,-0.02099152080643618,1.2580546901834508,1.2978291370191022,0.40477914248794833,0.2931623391117459,2.5707899886947767,1.5623047500627327,0.5934015938285209,-0.20827372672419842,2.8923570967631824,0.89592215695003,0.01737649687657883,0.030465342031515144,3,3,90,1,-0.06524700624684235,False
session_0013,4,2024-01-01 13:04:00,0.9822994872234976,0.5648775271487549,-0.02099152080643618,1.2580546901834508,1.3286698470035911,0.40477914248794833,0.2931623391117459,2.5707899886947767,1.5623047500627327,0.5934015938285209,-0.20827372672419842,2.8923570967631824,0.8411218808088492,-0.05480027614118077,0.2952360256767802,4,3,120,0,0.0,False
session_0013,5,2024-01-01 13:05:00,0.9822994872234976,0.5648775271487549,-0.02099152080643618,1.2580546901834508,1.3286698470035911,0.4491604134262588,0.2931623391117459,2.5707899886947767,1.5623047500627327,0.5934015938285209,-0.20827372672419842,2.8923570967631824,0.9209331731846991,0.07981129237584994,0.06854272855099118,5,3,150,0,0.15962258475169988,False
session_0013,6,2024-01-01 13:06:00,0.9822994872234976,0.5648775271487549,-0.02099152080643618,1.2580546901834508,1.3286698470035911,0.5053183811821982,0.2931623391117459,2.5707899886947767,1.5623047500627327,0.5934015938285209,-0.20827372672419842,2.8923570967631824,0.8343794087872588,-0.08655376439744034,0.3284975379374653,6,4,180,2,-0.1,True
session_0014,0,2024-01-01 14:00:00,1.4899935782017268,0.3814881686827569,0.2685213597995954,1.150876879598442,1.607766069029943,0.4418841224714492,0.037091358037799615,2.2612635242059276,1.2634012276270314,0.7442517961457051,-0.04841940724331384,2.032836007392208,0.840028333473612,0.6715558468136013,0.08801002164671048,0,0,0,0,1.3431116936272025,False
session_0014,1,2024-01-01 14:01:00,1.4899935782017268,0.3814881686827569,0.2685213597995954,1.150876879598442,1.607766069029943,0.4753880845815587,0.037091358037799615,2.2612635242059276,1.2634012276270314,0.7442517961457051,-0.04841940724331384,2.032836007392208,0.9035899892634117,0.06356165578979966,0.003953289068538335,1,0,30,0,0.12712331157959933,False
session_0014,2,2024-01-01 14:02:00,1.4899935782017268,0.3814881686827569,0.2685213597995954,1.150876879598442,1.607766069029943,0.40027637301802127,0.037091358037799615,2.2612635242059276,1.2634012276270314,0.7442517961457051,-0.04841940724331384,2.032836007392208,0.8022586388680757,-0.10133135039533603,0.28356983176959727,2,0,60,0,0.0,False
session_0014,3,2024-01-01 14:03:00,1.4899935782017268,0.3814881686827569,0.2685213597995954,1.150876879598442,1.607766069029943,0.40027637301802127,0.037091358037799615,2.2612635242059276,1.2634012276270314,0.7105685993816458,-0.04841940724331384,2.032836007392208,0.8905484021361236,0.08828976326804794,0.1349473094698556,3,1,90,4,0.07657952653609587,False
session_0014,4,2024-01-01 14:04:00,1.4899935782017268,0.3814881686827569,0.2685213597995954,1.150876879598442,1.607766069029943,0.40027637301802127,0.037091358037799615,2.2612635242059276,1.2942079610271433,0.7105685993816458,-0.04841940724331384,2.032836007392208,0.7510849634331163,-0.13946343870300737,0.3405844936971132,4,2,120,1,-0.1,False
session_0014,5,2024-01-01 14:05:00,1.4899935782017268,0.3814881686827569,0.2685213597995954,1.150876879598442,1.607766069029943,0.40027637301802127,0.037091358037799615,2.2612635242059276,1.2937446638047088,0.7105685993816458,-0.04841940724331384,2.032836007392208,0.908805573983716,0.15772061055059972,0.19522567813834157,5,2,150,0,0.31544122110119943,False
session_0014,6,2024-01-01 14:06:00,1.4899935782017268,0.4542623355646176,0.2685213597995954,1.150876879598442,1.607766069029943,0.40027637301802127,0.037091358037799615,2.2612635242059276,1.2937446638047088,0.7105685993816458,-0.04841940724331384,2.032836007392208,0.8673754527043437,-0.04143012127937229,0.27204548888664914,6,2,180,0,0.0,False
session_0014,7,2024-01-01 14:07:00,1.4899935782017268,0.4542623355646176,0.2685213597995954,1.150876879598442,1.607766069029943,0.40027637301802127,0.037091358037799615,2.2612635242059276,1.2937446638047088,0.7105685993816458,-0.04841940724331384,2.032836007392208,0.9013151537111262,0.03393970100678256,0.06444313476458766,7,2,210,0,0.06787940201356513,False
session_0014,8,2024-01-01 14:08:00,1.4899935782017268,0.4542623355646176,0.2685213597995954,1.150876879598442,1.6230549521358415,0.40027637301802127,0.037091358037799615,2.2612635242059276,1.2937446638047088,0.7105685993816458,-0.04841940724331384,2.032836007392208,0.8229558960371428,-0.07835925767398344,0.3325343670511072,8,3,240,5,-0.1,False
session_0014,9,2024-01-01 14:09:00,1.4899935782017268,0.4542623355646176,0.2685213597995954,1.150876879598442,1.5274924353957018,0.40027637301802127,0.037091358037799615,2.2612635242059276,1.2937446638047088,0.7105685993816458,-0.04841940724331384,2.032836007392208,0.8973480610709287,0.07439216503378587,0.1489983051559377,9,4,270,3,0.04878433006757174,False
session_0014,10,2024-01-01 14:10:00,1.4899935782017268,0.8210318573234552,0.2685213597995954,1.150876879598442,1.5274924353957018,0.40027637301802127,0.037091358037799615,2.2612635242059276,1.2937446638047088,0.7105685993816458,-0.04841940724331384,2.032836007392208,0.7653125369307059,-0.1320355241402228,0.19804525522980063,10,5,300,1,-0.1,False
session_0014,11,2024-01-01 14:11:00,1.4899935782017268,0.8210318573234552,0.2685213597995954,1.150876879598442,1.5274924353957018,0.4121111643568417,0.037091358037799615,2.2612635242059276,1.2937446638047088,0.7105685993816458,-0.04841940724331384,2.032836007392208,0.8581898793173091,0.09287734238660317,0.08199647764500864,11,5,330,0,0.18575468477320634,True
session_0015,0,2024-01-01 15:00:00,1.790854878941564,0.3006197118066686,-0.29549578032000007,1.0559834397832488,1.6962662535211288,0.7035043197405948,-0.21700255793037046,2.4326479785675055,0.6735562509641442,0.4340375540939176,0.2991657090071495,0.6050419154110367,0.8342671136612138,0.7034743971456885,0.12393370519397229,0,1,0,5,1.306948794291377,False
session_0015,1,2024-01-01 15:01:00,1.790854878941564,0.33718258386691574,-0.29549578032000007,1.0559834397832488,1.6962662535211288,0.7035043197405948,-0.21700255793037046,2.4326479785675055,0.6735562509641442,0.4340375540939176,0.2991657090071495,0.6050419154110367,0.7662385022458622,-0.06802861141535155,0.3081475947791988,1,1,30,0,0.0,False
session_0015,2,2024-01-01 15:02:00,1.790854878941564,0.33718258386691574,-0.29549578032000007,1.0559834397832488,1.6962662535211288,0.7035043197405948,-0.21700255793037046,2.4326479785675055,0.6735562509641442,0.4340375540939176,0.2991657090071495,0.6050419154110367,0.7533842264418475,-0.012854275804014659,0.32236896047613545,2,2,60,3,-0.1,False
session_0015,3,2024-01-01 15:03:00,1.790854878941564,0.33718258386691574,-0.29549578032000007,1.0559834397832488,1.6962662535211288,0.6758343107320235,-0.21700255793037046,2.4326479785675055,0.6735562509641442,0.4340375540939176,0.2991657090071495,0.6050419154110367,0.7481469409516583,-0.005237285490189203,0.5501532298160556,3,3,90,2,-0.1,False
session_0015,4,2024-01-01 15:04:00,1.790854878941564,0.35521897816955555,-0.29549578032000007,1.0559834397832488,1.6962662535211288,0.6758343107320235,-0.21700255793037046,2.4326479785675055,0.6735562509641442,0.4340375540939176,0.2991657090071495,0.6050419154110367,0.7478540982478143,-0.00029284270384399846,0.7998843818448376,4,4,120,3,-0.1,False
session_0015,5,2024-01-01 15:05:00,1.8403105444738492,0.35521897816955555,-0.29549578032000007,1.0559834397832488,1.6962662535211288,0.6758343107320235,-0.21700255793037046,2.4326479785675055,0.6735562509641442,0.4340375540939176,0.2991657090071495,0.6050419154110367,0.8243944540938386,0.07654035584602426,0.06366527752580407,5,4,150,0,0.1530807116920485,False
session_0015,6,2024-01-01 15:06:00,1.8702278968275934,0.35521897816955555,-0.29549578032000007,1.0559834397832488,1.6962662535211288,0.6758343107320235,-0.21700255793037046,2.4326479785675055,0.6735562509641442,0.4340375540939176,0.2991657090071495,0.6050419154110367,0.7178526595639075,-0.10654179452993107,0.30749277492630045,6,5,180,3,-0.1,False
session_0015,7,2024-01-01 15:07:00,1.8702278968275934,0.35521897816955555,-0.29549578032000007,1.0559834397832488,1.6962662535211288,0.6758343107320235,-0.21700255793037046,2.4326479785675055,0.5940963054516387,0.4340375540939176,0.2991657090071495,0.6050419154110367,0.8299518021304135,0.112099142566506,0.06430913644817991,7,6,210,2,0.12419828513301198,False
session_0015,8,2024-01-01 15:08:00,1.8702278968275934,0.35521897816955555,-0.29549578032000007,1.0559834397832488,1.6962662535211288,0.6758343107320235,-0.21700255793037046,2.4326479785675055,0.42125897926012357,0.4340375540939176,0.2991657090071495,0.6050419154110367,0.7354679562673405,-0.09448384586307301,0.17878173921571167,8,7,240,4,-0.1,True
session_0016,0,2024-01-01 16:00:00,1.3007600199109406,0.24051108811244903,-0.2683157391599338,0.0016296828600730288,1.1544749895413946,0.664774328775338,-0.2790969898320506,2.0491277047211938,1.7346909761242797,0.3008005091467227,-0.21188175910715745,2.7042860149292176,0.825229318400375,0.560604396410356,0.16383997585879606,0,0,0,0,1.121208792820712,False
session_0016,1,2024-01-01 16:01:00,1.3007600199109406,0.24051108811244903,-0.2683157391599338,0.0016296828600730288,1.1544749895413946,0.6740300238828932,-0.2790969898320506,2.0491277047211938,1.7346909761242797,0.3008005091467227,-0.21188175910715745,2.7042860149292176,0.838856027178138,0.013626708777763064,0.10083572087816278,1,1,30,2,-0.07274658244447388,False
session_0016,2,2024-01-01 16:02:00,1.3007600199109406,0.24051108811244903,-0.2683157391599338,0.0016296828600730288,1.1544749895413946,0.6740300238828932,-0.2790969898320506,2.0491277047211938,1.6187104397867187,0.3008005091467227,-0.21188175910715745,2.7042860149292176,0.7485154017688813,-0.09034062540925669,0.191675868287003,2,2,60,2,-0.1,False
session_0016,3,2024-01-01 16:03:00,1.3007600199109406,0.24051108811244903,-0.2683157391599338,0.0016296828600730288,1.1544749895413946,0.6740300238828932,-0.2790969898320506,2.0491277047211938,1.6187104397867187,0.3481092289494702,-0.21188175910715745,2.7042860149292176,0.836476701317199,0.08796129954831766,0.03506930229078438,3,3,90,3,0.07592259909663532,False
session_0016,4,2024-01-01 16:04:00,1.3283686946016755,0.24051108811244903,-0.2683157391599338,0.0016296828600730288,1.1544749895413946,0.6740300238828932,-0.2790969898320506,2.0491277047211938,1.6187104397867187,0.3481092289494702,-0.21188175910715745,2.7042860149292176,0.8665603926637604,0.030083691346561414,0.13070796513872868,4,3,120,0,0.06016738269312283,False
session_0016,5,2024-01-01 16:05:00,1.3283686946016755,0.24051108811244903,-0.2683157391599338,0.0016296828600730288,1.1544749895413946,0.6740300238828932,-0.2790969898320506,2.0491277047211938,1.6187104397867187,0.3483102059626433,-0.21188175910715745,2.7042860149292176,0.7304146696171255,-0.13614572304663486,0.1884601358070266,5,3,150,0,0.0,True
session_0017,0,2024-01-01 17:00:00,1.349630976214467,0.5305452610942418,0.19712815490327146,2.23220453584159,0.5398666474959375,0.22967548228760942,0.06093507147360944,1.5274174530085138,0.8902769830144871,0.45119365238888104,0.15474619123971628,2.596876567574305,0.8430312012320746,0.6307865876540658,0.05413935229902141,0,0,0,0,1.2615731753081316,False
session_0017,1,2024-01-01 17:01:00,1.349630976214467,0.5305452610942418,0.19712815490327146,2.23220453584159,0.5398666474959375,0.22967548228760942,0.06093507147360944,1.5274174530085138,1.0184798425348214,0.45119365238888104,0.15474619123971628,2.596876567574305,0.8800630281493318,0.03703182691725715,0.00021349300454944766,1,0,30,0,0.0740636538345143,False
session_0017,2,2024-01-01 17:02:00,1.349630976214467,0.5305452610942418,0.19712815490327146,2.23220453584159,0.5398666474959375,0.22967548228760942,0.06093507147360944,1.5274174530085138,1.0184798425348214,0.45119365238888104,0.15474619123971628,2.596876567574305,0.8666883195221549,-0.013374708627176934,0.18439207038740457,2,1,60,4,-0.1,False
session_0017,3,2024-01-01 17:03:00,1.349630976214467,0.5305452610942418,0.19712815490327146,2.23220453584159,0.5398666474959375,0.22967548228760942,0.06093507147360944,1.5274174530085138,1.1716577315949266,0.45119365238888104,0.15474619123971628,2.596876567574305,0.914113459874305,0.047425140352150175,0.18710838876853103,3,1,90,0,0.09485028070430035,False
session_0017,4,2024-01-01 17:04:00,1.349630976214467,0.5305452610942418,0.19712815490327146,2.23220453584159,0.35566666537256286,0.22967548228760942,0.06093507147360944,1.5274174530085138,1.1716577315949266,0.45119365238888104,0.15474619123971628,2.596876567574305,0.798991267554782,-0.11512219231952303,0.19281845786734403,4,1,120,0,0.0,False
session_0017,5,2024-01-01 17:05:00,1.3916536471619254,0.5305452610942418,0.19712815490327146,2.23220453584159,0.35566666537256286,0.22967548228760942,0.06093507147360944,1.5274174530085138,1.1716577315949266,0.45119365238888104,0.15474619123971628,2.596876567574305,0.8359958206873389,0.037004553132556905,0.1720563772437882,5,1,150,0,0.07400910626511381,False
session_0017,6,2024-01-01 17:06:00,1.3916536471619254,0.5305452610942418,0.19712815490327146,2.23220453584159,0.22374022107372146,0.22967548228760942,0.06093507147360944,1.5274174530085138,1.1716577315949266,0.45119365238888104,0.15474619123971628,2.596876567574305,0.8427985651472872,0.006802744459948329,0.2720970134683577,6,1,180,0,0.013605488919896658,False
session_0017,7,2024-01-01 17:07:00,1.3916536471619254,0.5305452610942418,0.19712815490327146,2.23220453584159,0.22374022107372146,0.22967548228760942,0.06093507147360944,1.5274174530085138,1.1716577315949266,0.45119365238888104,0.15474619123971628,2.596876567574305,0.7922453125194918,-0.05055325262779542,0.31996621143535803,7,1,210,0,0.0,False
session_0017,8,2024-01-01 17:08:00,1.3916536471619254,0.5305452610942418,0.19712815490327146,2.23220453584159,0.1,0.22967548228760942,0.06093507147360944,1.5274174530085138,1.1716577315949266,0.45119365238888104,0.15474619123971628,2.596876567574305,0.7557810407657324,-0.036464271753759436,0.6204764635860532,8,2,240,4,-0.1,True
session_0018,0,2024-01-01 18:00:00,1.9950158172787302,0.22650506176649676,-0.05924102148833199,1.0176770593628268,1.9229682480689616,0.5461165750985558,0.18371457926683515,0.535142642601319,1.9679512158506585,0.49918372812578915,-0.0037967542376124985,3.05012433068181,0.7396927975386902,0.5635463252952613,0.11695054056098733,0,0,0,0,1.1270926505905225,False
session_0018,1,2024-01-01 18:01:00,1.9950158172787302,0.3040990677726212,-0.05924102148833199,1.0176770593628268,1.9229682480689616,0.5461165750985558,0.18371457926683515,0.535142642601319,1.9679512158506585,0.49918372812578915,-0.0037967542376124985,3.05012433068181,0.7988304466100453,0.0591376490713551,0.11786623322549522,1,0,30,0,0.1182752981427102,False
session_0018,2,2024-01-01 18:02:00,1.9950158172787302,0.3040990677726212,-0.05924102148833199,1.0176770593628268,1.926367579371516,0.5461165750985558,0.18371457926683515,0.535142642601319,1.9679512158506585,0.49918372812578915,-0.0037967542376124985,3.05012433068181,0.7140340029470393,-0.08479644366300598,0.33655592393139655,2,0,60,0,0.0,False
session_0018,3,2024-01-01 18:03:00,1.9950158172787302,0.455778333486546,-0.05924102148833199,1.0176770593628268,1.926367579371516,0.5461165750985558,0.18371457926683515,0.535142642601319,1.9679512158506585,0.49918372812578915,-0.0037967542376124985,3.05012433068181,0.7175478122621418,0.0035138093151024785,0.4317506819633402,3,0,90,0,0.007027618630204957,False
session_0018,4,2024-01-01 18:04:00,1.9950158172787302,0.455778333486546,-0.05924102148833199,1.0176770593628268,1.9650923145647845,0.5461165750985558,0.18371457926683515,0.535142642601319,1.9679512158506585,0.49918372812578915,-0.0037967542376124985,3.05012433068181,0.8405032903042001,0.12295547804205831,0.03321252648279462,4,1,120,2,0.1459109560841166,False
session_0018,5,2024-01-01 18:05:00,1.9950158172787302,0.455778333486546,-0.05924102148833199,1.0176770593628268,1.9797043265084517,0.5461165750985558,0.18371457926683515,0.535142642601319,1.9679512158506585,0.49918372812578915,-0.0037967542376124985,3.05012433068181,0.7297018041467855,-0.11080148615741459,0.3011079084946855,5,1,150,0,0.0,False
session_0018,6,2024-01-01 18:06:00,1.9950158172787302,0.455778333486546,-0.05924102148833199,1.0176770593628268,1.9797043265084517,0.5461165750985558,0.18371457926683515,0.535142642601319,1.9679512158506585,0.49918372812578915,-0.0037967542376124985,3.05012433068181,0.7851637637423705,0.055461959595584975,0.11947890581476815,6,2,180,1,0.010923919191169945,False
session_0018,7,2024-01-01 18:07:00,1.9950158172787302,0.6863231815741927,-0.05924102148833199,1.0176770593628268,1.9797043265084517,0.5461165750985558,0.18371457926683515,0.535142642601319,1.9679512158506585,0.49918372812578915,-0.0037967542376124985,3.05012433068181,0.7119972252617154,-0.07316653848065513,0.334780080109086,7,2,210,0,0.0,False
session_0018,8,2024-01-01 18:08:00,1.9950158172787302,0.6863231815741927,-0.05924102148833199,1.0176770593628268,1.9797043265084517,0.5461165750985558,0.18371457926683515,0.535142642601319,1.9679512158506585,0.43920878321390266,-0.0037967542376124985,3.05012433068181,0.8027517334741916,0.09075450821247621,0.11253360276638663,8,2,240,0,0.18150901642495243,False
session_0018,9,2024-01-01 18:09:00,1.9950158172787302,0.6863231815741927,-0.05924102148833199,1.0176770593628268,1.9797043265084517,0.5461165750985558,0.18371457926683515,0.535142642601319,1.9679512158506585,0.43920878321390266,-0.0037967542376124985,3.05012433068181,0.6132174475276185,-0.18953428594657307,0.24928349648786166,9,2,270,0,0.0,False
session_0018,10,2024-01-01 18:10:00,1.9950158172787302,0.6863231815741927,-0.05924102148833199,1.0176770593628268,1.9797043265084517,0.4134769647667009,0.18371457926683515,0.535142642601319,1.9679512158506585,0.43920878321390266,-0.0037967542376124985,3.05012433068181,0.7145255634546593,0.10130811592704081,0.0746121175116106,10,2,300,0,0.20261623185408162,False
session_0018,11,2024-01-01 18:11:00,1.9950158172787302,0.6863231815741927,-0.05924102148833199,1.0176770593628268,1.9797043265084517,0.4134769647667009,0.18371457926683515,0.535142642601319,1.9459985203454115,0.43920878321390266,-0.0037967542376124985,3.05012433068181,0.6114226240877013,-0.10310293936695802,0.25729758475045017,11,3,330,6,-0.1,False
session_0018,12,2024-01-01 18:12:00,1.9950158172787302,0.6863231815741927,-0.05924102148833199,1.0176770593628268,1.9797043265084517,0.4134769647667009,0.18371457926683515,0.535142642601319,1.78843658762835,0.43920878321390266,-0.0037967542376124985,3.05012433068181,0.7005678672040676,0.08914524311636629,0.037521858553006715,12,3,360,0,0.17829048623273258,False
session_0018,13,2024-01-01 18:13:00,1.9950158172787302,0.6863231815741927,-0.05924102148833199,1.0176770593628268,1.9797043265084517,0.4134769647667009,0.18371457926683515,0.535142642601319,1.78843658762835,0.43920878321390266,-0.0037967542376124985,3.05012433068181,0.6294186040699847,-0.07114926313408287,0.31219258044798437,13,3,390,0,0.0,False
session_0018,14,2024-01-01 18:14:00,1.9950158172787302,0.6863231815741927,-0.05924102148833199,1.0176770593628268,1.9797043265084517,0.31383510216646193,0.18371457926683515,0.535142642601319,1.78843658762835,0.43920878321390266,-0.0037967542376124985,3.05012433068181,0.7803375291345075,0.15091892506452276,0.07399687356943956,14,3,420,0,0.3018378501290455,False
session_0018,15,2024-01-01 18:15:00,1.9950158172787302,0.6863231815741927,-0.05924102148833199,1.0176770593628268,1.9797043265084517,0.31383510216646193,0.18371457926683515,0.535142642601319,1.78843658762835,0.4794372982931445,-0.0037967542376124985,3.05012433068181,0.7449244107280394,-0.0354131184064681,0.21075932368198882,15,4,450,4,-0.1,False
session_0018,16,2024-01-01 18:16:00,1.9950158172787302,0.6863231815741927,-0.05924102148833199,1.0176770593628268,1.9797043265084517,0.31383510216646193,0.18371457926683515,0.535142642601319,1.78843658762835,0.4591431039256075,-0.0037967542376124985,3.05012433068181,0.7404847990172589,-0.0044396117107804445,0.3927351429363002,16,5,480,2,-0.1,False
session_0018,17,2024-01-01 18:17:00,1.9950158172787302,0.6863231815741927,-0.05924102148833199,1.0176770593628268,1.9797043265084517,0.2577596857576874,0.18371457926683515,0.535142642601319,1.78843658762835,0.4591431039256075,-0.0037967542376124985,3.05012433068181,0.7121588783323516,-0.028325920684907357,0.5737429556339284,17,5,510,0,0.0,True
session_0019,0,2024-01-01 19:00:00,0.7094354812686811,0.31308458180738086,-0.09351535316199117,0.3041380538494293,1.9209796935944068,0.4429964368974904,0.1853817615040494,3.0612216754908537,0.6211029200041087,0.5910016807609965,0.22284545204472833,1.9925062384035543,0.7921075913717761,0.6063023671002936,0.007179777201471782,0,0,0,0,1.2126047342005872,False
session_0019,1,2024-01-01 19:01:00,0.7094354812686811,0.31308458180738086,-0.09351535316199117,0.3041380538494293,1.9209796935944068,0.4429964368974904,0.1853817615040494,3.0612216754908537,0.6211029200041087,0.5910016807609965,0.22284545204472833,1.9925062384035543,0.8862099925639233,0.09410240119214719,0.008079845768432637,1,1,30,2,0.08820480238429437,False
session_0019,2,2024-01-01 19:02:00,0.7094354812686811,0.45047412714932067,-0.09351535316199117,0.3041380538494293,1.9209796935944068,0.4429964368974904,0.1853817615040494,3.0612216754908537,0.6211029200041087,0.5910016807609965,0.22284545204472833,1.9925062384035543,0.7786821309448189,-0.10752786161910444,0.33717482040221614,2,2,60,3,-0.1,False
session_0019,3,2024-01-01 19:03:00,0.7094354812686811,0.45047412714932067,-0.09351535316199117,0.3041380538494293,1.9209796935944068,0.4429964368974904,0.1853817615040494,3.0612216754908537,0.6211029200041087,0.6262644011527136,0.22284545204472833,1.9925062384035543,0.8816845355885405,0.10300240464372168,0.031151534194915877,3,2,90,0,0.20600480928744336,False
session_0019,4,2024-01-01 19:04:00,0.7094354812686811,0.45047412714932067,-0.09351535316199117,0.3041380538494293,1.9209796935944068,0.4429964368974904,0.1853817615040494,3.0612216754908537,0.6211029200041087,0.6262644011527136,0.22284545204472833,1.9925062384035543,0.7655197965346975,-0.11616473905384306,0.2294466602945648,4,2,120,0,0.0,False
session_0019,5,2024-01-01 19:05:00,0.7094354812686811,0.5366741321905341,-0.09351535316199117,0.3041380538494293,1.9209796935944068,0.4429964368974904,0.1853817615040494,3.0612216754908537,0.6211029200041087,0.6262644011527136,0.22284545204472833,1.9925062384035543,0.7689802300438466,0.0034604335091491523,0.35720946036807905,5,3,150,6,-0.0930791329817017,False
session_0019,6,2024-01-01 19:06:00,0.7094354812686811,0.5366741321905341,-0.09351535316199117,0.3041380538494293,1.9209796935944068,0.4429964368974904,0.1853817615040494,3.0612216754908537,0.6211029200041087,0.8255590611801291,0.22284545204472833,1.9925062384035543,0.806049883584366,0.03706965354051939,0.16600383583180564,6,4,180,6,-0.02586069291896123,False
session_0019,7,2024-01-01 19:07:00,0.7094354812686811,0.5366741321905341,-0.09351535316199117,0.3041380538494293,1.9209796935944068,0.4429964368974904,0.1853817615040494,3.0612216754908537,0.6211029200041087,0.8458018155619146,0.22284545204472833,1.9925062384035543,0.7538190749510538,-0.0522308086333122,0.309157713033394,7,4,210,0,0.0,False
session_0019,8,2024-01-01 19:08:00,0.7094354812686811,0.5366741321905341,-0.09351535316199117,0.3041380538494293,1.9209796935944068,0.4429964368974904,0.1853817615040494,3.0612216754908537,0.6211029200041087,0.8749249572466525,0.22284545204472833,1.9925062384035543,0.8243460424995386,0.07052696754848475,0.1409676646086362,8,4,240,0,0.1410539350969695,False
session_0019,9,2024-01-01 19:09:00,0.7094354812686811,0.5366741321905341,-0.09351535316199117,0.3041380538494293,1.9209796935944068,0.4429964368974904,0.1853817615040494,3.0612216754908537,0.6211029200041087,0.7873200286103039,0.22284545204472833,1.9925062384035543,0.7685153650939517,-0.05583067740558689,0.16795064705023904,9,4,270,0,0.0,False
session_0019,10,2024-01-01 19:10:00,0.7094354812686811,0.5366741321905341,-0.09351535316199117,0.3041380538494293,1.9209796935944068,0.4429964368974904,0.1853817615040494,3.0612216754908537,0.6211029200041087,0.7873200286103039,0.22284545204472833,1.9925062384035543,0.7180150383175142,-0.050500326776437454,0.4861368977089241,10,5,300,1,-0.1,False
session_0019,11,2024-01-01 19:11:00,0.7556567301697436,0.5366741321905341,-0.09351535316199117,0.3041380538494293,1.9209796935944068,0.4429964368974904,0.1853817615040494,3.0612216754908537,0.6211029200041087,0.7873200286103039,0.22284545204472833,1.9925062384035543,0.6748674312693931,-0.04314760704812115,0.6451472048779321,11,6,330,1,-0.1,False
session_0019,12,2024-01-01 19:12:00,0.7374067459047173,0.5366741321905341,-0.09351535316199117,0.3041380538494293,1.9209796935944068,0.4429964368974904,0.1853817615040494,3.0612216754908537,0.6211029200041087,0.7873200286103039,0.22284545204472833,1.9925062384035543,0.7953806641459346,0.12051323287654148,0.19543854598287147,12,6,360,0,0.24102646575308295,False
session_0019,13,2024-01-01 19:13:00,0.7374067459047173,0.5366741321905341,-0.09351535316199117,0.3041380538494293,1.8963969128461327,0.4429964368974904,0.1853817615040494,3.0612216754908537,0.6211029200041087,0.7873200286103039,0.22284545204472833,1.9925062384035543,0.740029046583488,-0.05535161756244655,0.26371394294074707,13,7,390,4,-0.1,False
session_0019,14,2024-01-01 19:14:00,0.7374067459047173,0.5357946632419769,-0.09351535316199117,0.3041380538494293,1.8963969128461327,0.4429964368974904,0.1853817615040494,3.0612216754908537,0.6211029200041087,0.7873200286103039,0.22284545204472833,1.9925062384035543,0.7948535276169099,0.05482448103342186,0.16011672413477004,14,8,420,1,0.009648962066843708,False
session_0019,15,2024-01-01 19:15:00,0.7374067459047173,0.5357946632419769,-0.09351535316199117,0.3041380538494293,1.8963969128461327,0.20780687443291562,0.1853817615040494,3.0612216754908537,0.6211029200041087,0.7873200286103039,0.22284545204472833,1.9925062384035543,0.8023104752294131,0.007456947612503262,0.16811581170708786,15,8,450,0,0.014913895225006524,False
session_0019,16,2024-01-01 19:16:00,0.7374067459047173,0.5357946632419769,-0.09351535316199117,0.3041380538494293,1.8963969128461327,0.20780687443291562,0.1853817615040494,3.0612216754908537,0.6211029200041087,0.9329908796337407,0.22284545204472833,1.9925062384035543,0.7012031671289152,-0.10110730810049795,0.408095338434151,16,8,480,0,0.0,False
session_0019,17,2024-01-01 19:17:00,0.7374067459047173,0.5357946632419769,-0.09351535316199117,0.3041380538494293,1.9145283346322746,0.20780687443291562,0.1853817615040494,3.0612216754908537,0.6211029200041087,0.9329908796337407,0.22284545204472833,1.9925062384035543,0.6646791517043702,-0.036524015424544976,0.5369519493618092,17,8,510,0,0.0,False
session_0019,18,2024-01-01 19:18:00,0.7374067459047173,0.5357946632419769,-0.09351535316199117,0.3041380538494293,1.9145283346322746,0.20780687443291562,0.1853817615040494,3.0612216754908537,0.6211029200041087,0.9329908796337407,0.22284545204472833,1.9925062384035543,0.7475262781874839,0.08284712648311365,0.18733393837302534,18,8,540,0,0.1656942529662273,True
session_0020,0,2024-01-01 10:00:00,1.1550012340082592,0.7968889356977651,-0.008231632397650901,1.5015134668606138,1.1326490940718419,0.24009545282087774,0.05577397868976963,0.7161818784715812,1.4564134703435747,0.2305000771690863,0.28883226075180096,1.4734229107225114,0.8095186656739645,0.5301675913558248,0.012066163714844348,0,1,0,3,0.9603351827116496,False
session_0020,1,2024-01-01 10:01:00,1.1550012340082592,0.7968889356977651,-0.008231632397650901,1.5015134668606138,1.1326490940718419,0.22431183268324706,0.05577397868976963,0.7161818784715812,1.4564134703435747,0.2305000771690863,0.28883226075180096,1.4734229107225114,0.9101711944322899,0.10065252875832542,0.12758734884932899,1,2,30,4,0.10130505751665084,False
session_0020,2,2024-01-01 10:02:00,1.1550012340082592,0.7968889356977651,-0.008231632397650901,1.5015134668606138,1.1326490940718419,0.22431183268324706,0.05577397868976963,0.7161818784715812,1.4609505985311833,0.2305000771690863,0.28883226075180096,1.4734229107225114,0.8542243902136084,-0.05594680421868148,0.28437083772281346,2,3,60,6,-0.1,False
session_0020,3,2024-01-01 10:03:00,1.1550012340082592,0.7968889356977651,-0.008231632397650901,1.5015134668606138,1.0472731718131008,0.22431183268324706,0.05577397868976963,0.7161818784715812,1.4609505985311833,0.2305000771690863,0.28883226075180096,1.4734229107225114,0.8508061246029524,-0.003418265610656057,0.46242459223741184,3,3,90,0,0.0,False
session_0020,4,2024-01-01 10:04:00,1.1550012340082592,0.7968889356977651,-0.008231632397650901,1.5015134668606138,1.0472731718131008,0.22431183268324706,0.05577397868976963,0.7161818784715812,1.4609505985311833,0.2305000771690863,0.28883226075180096,1.4734229107225114,0.7598079085377366,-0.09099821606521574,0.49309902836254005,4,4,120,2,-0.1,True
session_0021,0,2024-01-01 11:00:00,1.4402374741763129,0.648361880115242,0.23681273212068893,0.8563557377495384,0.6660863879008315,0.7736279957135777,-0.2073461471867145,0.6209891393084396,0.9369941803376987,0.5176348124157726,0.2296953396204468,2.389325797725086,0.7898662902248945,0.5482347794563676,0.07153652630519484,0,0,0,0,1.0964695589127351,False
session_0021,1,2024-01-01 11:01:00,1.4402374741763129,0.648361880115242,0.23681273212068893,0.8563557377495384,0.6352717334912261,0.7736279957135777,-0.2073461471867145,0.6209891393084396,0.9369941803376987,0.5176348124157726,0.2296953396204468,2.389325797725086,0.82612487696229,0.03625858673739546,0.11004793838165153,1,1,30,2,-0.027482826525209086,False
session_0021,2,2024-01-01 11:02:00,1.3850380424077298,0.648361880115242,0.23681273212068893,0.8563557377495384,0.6352717334912261,0.7736279957135777,-0.2073461471867145,0.6209891393084396,0.9369941803376987,0.5176348124157726,0.2296953396204468,2.389325797725086,0.848918957110093,0.022794080147803042,0.1495980257904894,2,2,60,3,-0.05441183970439392,False
session_0021,3,2024-01-01 11:03:00,1.3850380424077298,0.6200471343361916,0.23681273212068893,0.8563557377495384,0.6352717334912261,0.7736279957135777,-0.2073461471867145,0.6209891393084396,0.9369941803376987,0.5176348124157726,0.2296953396204468,2.389325797725086,0.8057961253615293,-0.043122831748563684,0.22216211228350308,3,2,90,0,0.0,False
session_0021,4,2024-01-01 11:04:00,1.3850380424077298,0.6200471343361916,0.23681273212068893,0.8563557377495384,0.4245524987582573,0.7736279957135777,-0.2073461471867145,0.6209891393084396,0.9369941803376987,0.5176348124157726,0.2296953396204468,2.389325797725086,0.813797692816946,0.008001567455416692,0.3627693544223293,4,2,120,0,0.016003134910833383,False
session_0021,5,2024-01-01 11:05:00,1.3850380424077298,0.6200471343361916,0.23681273212068893,0.8563557377495384,0.5067717557045868,0.7736279957135777,-0.2073461471867145,0.6209891393084396,0.9369941803376987,0.5176348124157726,0.2296953396204468,2.389325797725086,0.7243029633491314,-0.08949472946781467,0.49719945252411046,5,3,150,3,-0.1,False
session_0021,6,2024-01-01 11:06:00,1.3850380424077298,0.5485594781464407,0.23681273212068893,0.8563557377495384,0.5067717557045868,0.7736279957135777,-0.2073461471867145,0.6209891393084396,0.9369941803376987,0.5176348124157726,0.2296953396204468,2.389325797725086,0.9005007095330826,0.17619774618395123,0.12859968466816651,6,4,180,4,0.2523954923679025,True
session_0022,0,2024-01-01 12:00:00,1.862912369833463,0.6748708926845735,-0.023441165356133886,0.254952811541145,0.5237083331602008,0.4863203799697548,-0.0034112798792293453,1.2797666850591096,1.3522510269370467,0.5312976219826563,0.20196782461961577,0.34135635736907116,0.8553384197943905,0.7103028865732814,0.16956737344473094,0,1,0,7,1.3206057731465628,False
session_0022,1,2024-01-01 12:01:00,1.862912369833463,0.6748708926845735,-0.023441165356133886,0.254952811541145,0.5237083331602008,0.4863203799697548,-0.0034112798792293453,1.2797666850591096,1.3522510269370467,0.6071160543189231,0.20196782461961577,0.34135635736907116,0.8485006388405476,-0.006837780953842909,0.23033232680187526,1,1,30,0,0.0,False
session_0022,2,2024-01-01 12:02:00,1.862912369833463,0.6748708926845735,-0.023441165356133886,0.254952811541145,0.5237083331602008,0.4863203799697548,-0.0034112798792293453,1.2797666850591096,1.3522510269370467,0.583450171853733,0.20196782461961577,0.34135635736907116,0.7210174855755127,-0.1274831532650349,0.41140035637629,2,1,60,0,0.0,False
session_0022,3,2024-01-01 12:03:00,1.862912369833463,0.6024366407437534,-0.023441165356133886,0.254952811541145,0.5237083331602008,0.4863203799697548,-0.0034112798792293453,1.2797666850591096,1.3522510269370467,0.583450171853733,0.20196782461961577,0.34135635736907116,0.791833461284697,0.0708159757091843,0.08057592170152593,3,2,90,3,0.04163195141836859,False
session_0022,4,2024-01-01 12:04:00,1.862912369833463,0.5081809745258316,-0.023441165356133886,0.254952811541145,0.5237083331602008,0.4863203799697548,-0.0034112798792293453,1.2797666850591096,1.3522510269370467,0.583450171853733,0.20196782461961577,0.34135635736907116,0.8736345416655935,0.08180108038089651,0.162397640302109,4,2,120,0,0.16360216076179301,False
session_0022,5,2024-01-01 12:05:00,1.862912369833463,0.5081809745258316,-0.023441165356133886,0.254952811541145,0.5237083331602008,0.4863203799697548,-0.0034112798792293453,1.2797666850591096,1.3522510269370467,0.583450171853733,0.20196782461961577,0.34135635736907116,0.8420540942794532,-0.0315804473861403,0.2855417228908939,5,3,150,3,-0.1,False
session_0022,6,2024-01-01 12:06:00,1.862912369833463,0.4141588536332599,-0.023441165356133886,0.254952811541145,0.5237083331602008,0.4863203799697548,-0.0034112798792293453,1.2797666850591096,1.3522510269370467,0.583450171853733,0.20196782461961577,0.34135635736907116,0.7916681947027884,-0.05038589957666484,0.49290377722784035,6,3,180,0,0.0,False
session_0022,7,2024-01-01 12:07:00,1.862912369833463,0.4141588536332599,-0.023441165356133886,0.254952811541145,0.5237083331602008,0.4863203799697548,-0.0034112798792293453,1.2797666850591096,1.3522510269370467,0.5859630429753364,0.20196782461961577,0.34135635736907116,0.8120351324698041,0.020366937767015703,0.15436986864583105,7,3,210,0,0.040733875534031405,False
session_0022,8,2024-01-01 12:08:00,1.862912369833463,0.4141588536332599,-0.023441165356133886,0.254952811541145,0.5237083331602008,0.4863203799697548,-0.0034112798792293453,1.2797666850591096,1.3522510269370467,0.5859630429753364,0.20196782461961577,0.34135635736907116,0.7599124572902626,-0.0521226751795415,0.15086115513353573,8,3,240,0,0.0,False
session_0022,9,2024-01-01 12:09:00,1.862912369833463,0.4141588536332599,-0.023441165356133886,0.254952811541145,0.5237083331602008,0.4863203799697548,-0.0034112798792293453,1.2797666850591096,1.3522510269370467,0.5859630429753364,0.20196782461961577,0.34135635736907116,0.8403182512231998,0.08040579393293723,0.04159961474169212,9,3,270,0,0.16081158786587446,False
session_0022,10,2024-01-01 12:10:00,1.862912369833463,0.4141588536332599,-0.023441165356133886,0.254952811541145,0.5237083331602008,0.4863203799697548,-0.0034112798792293453,1.2797666850591096,1.3522510269370467,0.5859630429753364,0.20196782461961577,0.34135635736907116,0.7878784681882307,-0.0524397830349691,0.22904693075177887,10,4,300,2,-0.1,False
session_0022,11,2024-01-01 12:11:00,1.862912369833463,0.4141588536332599,-0.023441165356133886,0.254952811541145,0.28927400231831346,0.4863203799697548,-0.0034112798792293453,1.2797666850591096,1.3522510269370467,0.5859630429753364,0.20196782461961577,0.34135635736907116,0.8467267792101959,0.058848311021965194,0.039099165479317466,11,4,330,0,0.11769662204393039,True
session_0023,0,2024-01-01 13:00:00,1.9744807573038605,0.4471060641805843,-0.05798735805052302,2.9007800505218237,0.8688133805075879,0.6378891477817201,0.15274388293088076,0.30721005438386145,1.202347108540376,0.32033748279293245,-0.1887748363185086,1.457158984358607,0.8433948629190933,0.6855089214174803,0.1815209782780965,0,1,0,3,1.2710178428349606,False
session_0023,1,2024-01-01 13:01:00,1.9744807573038605,0.4471060641805843,-0.05798735805052302,2.9007800505218237,0.8688133805075879,0.6378891477817201,0.15274388293088076,0.30721005438386145,1.2455799680039248,0.32033748279293245,-0.1887748363185086,1.457158984358607,0.8271794943465276,-0.01621536857256567,0.17700761921124722,1,2,30,5,-0.1,False
session_0023,2,2024-01-01 13:02:00,1.9744807573038605,0.5003190015687281,-0.05798735805052302,2.9007800505218237,0.8688133805075879,0.6378891477817201,0.15274388293088076,0.30721005438386145,1.2455799680039248,0.32033748279293245,-0.1887748363185086,1.457158984358607,0.9829068979571239,0.15572740361059634,0.16933421010164873,2,2,60,0,0.3114548072211927,False
session_0023,3,2024-01-01 13:03:00,1.9768086309702535,0.5003190015687281,-0.05798735805052302,2.9007800505218237,0.8688133805075879,0.6378891477817201,0.15274388293088076,0.30721005438386145,1.2455799680039248,0.32033748279293245,-0.1887748363185086,1.457158984358607,0.8750546168718367,-0.10785228108528722,0.1921868776977426,3,3,90,4,-0.1,False
session_0023,4,2024-01-01 13:04:00,1.9768086309702535,0.5003190015687281,-0.05798735805052302,2.9007800505218237,0.8688133805075879,0.4034593584028524,0.15274388293088076,0.30721005438386145,1.2455799680039248,0.32033748279293245,-0.1887748363185086,1.457158984358607,0.9226867689932007,0.04763215212136396,0.010107197730011543,4,4,120,4,-0.00473569575727209,False
session_0023,5,2024-01-01 13:05:00,1.9768086309702535,0.5003190015687281,-0.05798735805052302,2.9007800505218237,0.8688133805075879,0.4034593584028524,0.15274388293088076,0.30721005438386145,1.2455799680039248,0.25934369555085635,-0.1887748363185086,1.457158984358607,0.8413120007183268,-0.08137476827487389,0.17565865170222403,5,5,150,3,-0.1,False
session_0023,6,2024-01-01 13:06:00,1.9768086309702535,0.5003190015687281,-0.05798735805052302,2.9007800505218237,0.8688133805075879,0.511910874495849,0.15274388293088076,0.30721005438386145,1.2455799680039248,0.25934369555085635,-0.1887748363185086,1.457158984358607,0.7584485353111404,-0.08286346540718637,0.3882445496961116,6,6,180,4,-0.1,False
session_0023,7,2024-01-01 13:07:00,1.9768086309702535,0.35320747813023906,-0.05798735805052302,2.9007800505218237,0.8688133805075879,0.511910874495849,0.15274388293088076,0.30721005438386145,1.2455799680039248,0.25934369555085635,-0.1887748363185086,1.457158984358607,0.8498909564499711,0.09144242113883072,0.1498705723398012,7,6,210,0,0.18288484227766144,False
session_0023,8,2024-01-01 13:08:00,1.9768086309702535,0.35320747813023906,-0.05798735805052302,2.9007800505218237,0.8688133805075879,0.43730558272219944,0.15274388293088076,0.30721005438386145,1.2455799680039248,0.25934369555085635,-0.1887748363185086,1.457158984358607,0.8111625497474392,-0.03872840670253197,0.2665288698629075,8,6,240,0,0.0,False
session_0023,9,2024-01-01 13:09:00,1.9768086309702535,0.35320747813023906,-0.05798735805052302,2.9007800505218237,0.8688133805075879,0.43730558272219944,0.15274388293088076,0.30721005438386145,1.2455799680039248,0.25934369555085635,-0.1887748363185086,1.457158984358607,0.7917908568152751,-0.01937169293216412,0.34934501069589424,9,7,270,2,-0.1,False
session_0023,10,2024-01-01 13:10:00,1.9768086309702535,0.35320747813023906,-0.05798735805052302,2.9007800505218237,0.8688133805075879,0.3987425845698833,0.15274388293088076,0.30721005438386145,1.2455799680039248,0.25934369555085635,-0.1887748363185086,1.457158984358607,0.7995142208927621,0.007723364077487083,0.487706046774832,10,8,300,3,-0.08455327184502584,False
session_0023,11,2024-01-01 13:11:00,1.9768086309702535,0.35320747813023906,-0.05798735805052302,2.9007800505218237,0.9815828503829064,0.3987425845698833,0.15274388293088076,0.30721005438386145,1.2455799680039248,0.25934369555085635,-0.1887748363185086,1.457158984358607,0.829044568503083,0.029530347610320806,0.19683705298959997,11,8,330,0,0.05906069522064161,False
session_0023,12,2024-01-01 13:12:00,1.9768086309702535,0.35320747813023906,-0.05798735805052302,2.9007800505218237,0.9815828503829064,0.45831206658445406,0.15274388293088076,0.30721005438386145,1.2455799680039248,0.25934369555085635,-0.1887748363185086,1.457158984358607,0.7967383086017104,-0.03230625990137259,0.23247498285944493,12,9,360,4,-0.1,False
session_0023,13,2024-01-01 13:13:00,1.9069405873717704,0.35320747813023906,-0.05798735805052302,2.9007800505218237,0.9815828503829064,0.45831206658445406,0.15274388293088076,0.30721005438386145,1.2455799680039248,0.25934369555085635,-0.1887748363185086,1.457158984358607,0.8340696954055168,0.03733138680380643,0.19599570797803167,13,10,390,4,-0.02533722639238714,False
session_0023,14,2024-01-01 13:14:00,1.9069405873717704,0.3757085118013307,-0.05798735805052302,2.9007800505218237,0.9815828503829064,0.45831206658445406,0.15274388293088076,0.30721005438386145,1.2455799680039248,0.25934369555085635,-0.1887748363185086,1.457158984358607,0.7611583260619779,-0.07291136934353892,0.271272568043107,14,11,420,1,-0.1,False
session_0023,15,2024-01-01 13:15:00,1.9069405873717704,0.3757085118013307,-0.05798735805052302,2.9007800505218237,0.9815828503829064,0.45831206658445406,0.15274388293088076,0.30721005438386145,1.1729784582338272,0.25934369555085635,-0.1887748363185086,1.457158984358607,0.8297366908730893,0.06857836481111146,0.04403157823045994,15,12,450,2,0.03715672962222291,True
session_0024,0,2024-01-01 14:00:00,1.0224138251921844,0.7190601391463891,-0.28146429777838067,1.2454411646388879,1.917722431506159,0.2305284407270088,0.14982345062678204,0.8093139024695328,1.7999132482305087,0.6476407873756191,0.2314231025150177,0.678347735346781,0.7317635334333977,0.5255049824696767,0.0491399485989962,0,0,0,0,1.0510099649393534,False
session_0024,1,2024-01-01 14:01:00,0.9660161740169009,0.7190601391463891,-0.28146429777838067,1.2454411646388879,1.917722431506159,0.2305284407270088,0.14982345062678204,0.8093139024695328,1.7999132482305087,0.6476407873756191,0.2314231025150177,0.678347735346781,0.7564831502258006,0.024719616792402865,0.1487989445389982,1,0,30,0,0.04943923358480573,False
session_0024,2,2024-01-01 14:02:00,0.9660161740169009,0.7190601391463891,-0.28146429777838067,1.2454411646388879,1.917722431506159,0.2305284407270088,0.14982345062678204,0.8093139024695328,1.7772413333120791,0.6476407873756191,0.2314231025150177,0.678347735346781,0.8029254527068863,0.04644230248108572,0.17761173900297395,2,1,60,3,-0.00711539503782857,False
session_0024,3,2024-01-01 14:03:00,0.9660161740169009,0.7190601391463891,-0.28146429777838067,1.2454411646388879,1.917722431506159,0.1,0.14982345062678204,0.8093139024695328,1.7772413333120791,0.6476407873756191,0.2314231025150177,0.678347735346781,0.7264416814551202,-0.07648377125176609,0.34446924958671965,3,2,90,4,-0.1,False
session_0024,4,2024-01-01 14:04:00,0.9660161740169009,0.7190601391463891,-0.28146429777838067,1.2454411646388879,1.917722431506159,0.1,0.14982345062678204,0.8093139024695328,1.7772413333120791,0.6476407873756191,0.2314231025150177,0.678347735346781,0.7056787953857888,-0.02076288606933141,0.33382694147657116,4,2,120,0,0.0,False
session_0024,5,2024-01-01 14:05:00,0.9660161740169009,0.6527899983108627,-0.28146429777838067,1.2454411646388879,1.917722431506159,0.1,0.14982345062678204,0.8093139024695328,1.7772413333120791,0.6476407873756191,0.2314231025150177,0.678347735346781,0.8381879327702229,0.13250913738443404,0.01481153667381472,5,2,150,0,0.2650182747688681,False
session_0024,6,2024-01-01 14:06:00,0.9660161740169009,0.6527899983108627,-0.28146429777838067,1.2454411646388879,1.917722431506159,0.1,0.14982345062678204,0.8093139024695328,1.7772413333120791,0.6476407873756191,0.2314231025150177,0.678347735346781,0.7155770077318994,-0.12261092503832349,0.3048834409138665,6,3,180,1,-0.1,False
session_0024,7,2024-01-01 14:07:00,0.9569290810543046,0.6527899983108627,-0.28146429777838067,1.2454411646388879,1.917722431506159,0.1,0.14982345062678204,0.8093139024695328,1.7772413333120791,0.6476407873756191,0.2314231025150177,0.678347735346781,0.7395902880664251,0.024013280334525766,0.10442501858063019,7,4,210,2,-0.05197343933094847,False
session_0024,8,2024-01-01 14:08:00,0.9569290810543046,0.6527899983108627,-0.28146429777838067,1.2454411646388879,1.9634536342055013,0.1,0.14982345062678204,0.8093139024695328,1.7772413333120791,0.6476407873756191,0.2314231025150177,0.678347735346781,0.6681420786231443,-0.07144820944328079,0.18394282101971213,8,5,240,3,-0.1,False
session_0024,9,2024-01-01 14:09:00,0.9569290810543046,0.6527899983108627,-0.28146429777838067,1.2454411646388879,1.9634536342055013,0.1,0.14982345062678204,0.8093139024695328,1.7383780152053974,0.6476407873756191,0.2314231025150177,0.678347735346781,0.8143148085601017,0.1461727299369574,0.16841403035444796,9,5,270,0,0.2923454598739148,False
session_0024,10,2024-01-01 14:10:00,0.9569290810543046,0.5365922198715533,-0.28146429777838067,1.2454411646388879,1.9634536342055013,0.1,0.14982345062678204,0.8093139024695328,1.7383780152053974,0.6476407873756191,0.2314231025150177,0.678347735346781,0.7735657430826208,-0.04074906547748092,0.211533093275806,10,5,300,0,0.0,False
session_0024,11,2024-01-01 14:11:00,0.8950344257951683,0.5365922198715533,-0.28146429777838067,1.2454411646388879,1.9634536342055013,0.1,0.14982345062678204,0.8093139024695328,1.7383780152053974,0.6476407873756191,0.2314231025150177,0.678347735346781,0.7188667818739457,-0.05469896120867512,0.41376676107686383,11,5,330,0,0.0,True
session_0025,0,2024-01-01 15:00:00,1.4353195544641189,0.28104787533051445,0.11612428175203171,2.1197907626112045,1.5238821833253247,0.24444233164322382,-0.03189669455150845,1.2850217658949954,0.6300672254647988,0.33342075673808647,-0.03542242092117798,2.333909005355654,0.7753737483280954,0.6279613329311627,0.10915965714789269,0,1,0,3,1.1559226658623254,False
session_0025,1,2024-01-01 15:01:00,1.4353195544641189,0.28104787533051445,0.11612428175203171,2.1197907626112045,1.5238821833253247,0.24444233164322382,-0.03189669455150845,1.2850217658949954,0.6300672254647988,0.4187253446444684,-0.03542242092117798,2.333909005355654,0.8596939155504123,0.08432016722231694,0.18559412163316485,1,1,30,0,0.1686403344446339,False
session_0025,2,2024-01-01 15:02:00,1.4353195544641189,0.28104787533051445,0.11612428175203171,2.1197907626112045,1.5238821833253247,0.46379562116422796,-0.03189669455150845,1.2850217658949954,0.6300672254647988,0.4187253446444684,-0.03542242092117798,2.333909005355654,0.8770816115310758,0.017387695980663476,0.10313748770439442,2,1,60,0,0.03477539196132695,False
session_0025,3,2024-01-01 15:03:00,1.4353195544641189,0.28104787533051445,0.11612428175203171,2.1197907626112045,1.5238821833253247,0.46379562116422796,-0.03189669455150845,1.2850217658949954,0.6300672254647988,0.4187253446444684,-0.03542242092117798,2.333909005355654,0.8710099315184108,-0.006071680012665004,0.2436641069388662,3,2,90,6,-0.1,False
session_0025,4,2024-01-01 15:04:00,1.4353195544641189,0.28104787533051445,0.11612428175203171,2.1197907626112045,1.5238821833253247,0.49395085184551835,-0.03189669455150845,1.2850217658949954,0.6300672254647988,0.4187253446444684,-0.03542242092117798,2.333909005355654,0.8919209203647571,0.020910988846346346,0.01903750766739483,4,2,120,0,0.04182197769269269,False
session_0025,5,2024-01-01 15:05:00,1.4353195544641189,0.28104787533051445,0.11612428175203171,2.1197907626112045,1.4787674955983143,0.49395085184551835,-0.03189669455150845,1.2850217658949954,0.6300672254647988,0.4187253446444684,-0.03542242092117798,2.333909005355654,0.8293717228096252,-0.06254919755513189,0.2639965807188066,5,2,150,0,0.0,False
session_0025,6,2024-01-01 15:06:00,1.4353195544641189,0.28104787533051445,0.11612428175203171,2.1197907626112045,1.4787674955983143,0.49395085184551835,-0.03189669455150845,1.2850217658949954,0.6300672254647988,0.4187253446444684,-0.03542242092117798,2.333909005355654,0.8235060206512383,-0.005865702158386887,0.42532784353949626,6,2,180,0,0.0,False
session_0025,7,2024-01-01 15:07:00,1.4353195544641189,0.28104787533051445,0.11612428175203171,2.1197907626112045,1.4787674955983143,0.49395085184551835,-0.03189669455150845,1.2850217658949954,0.5891023326279986,0.4187253446444684,-0.03542242092117798,2.333909005355654,0.8461778409423547,0.022671820291116362,0.04613582506557157,7,3,210,4,-0.05465635941776728,False
session_0025,8,2024-01-01 15:08:00,1.4353195544641189,0.28104787533051445,0.11612428175203171,2.1197907626112045,1.4787674955983143,0.49395085184551835,-0.03189669455150845,1.2850217658949954,0.5891023326279986,0.4246793736341027,-0.03542242092117798,2.333909005355654,0.8904899587578001,0.04431211781544542,0.199765722190961,8,3,240,0,0.08862423563089084,False
session_0025,9,2024-01-01 15:09:00,1.4353195544641189,0.28104787533051445,0.11612428175203171,2.1197907626112045,1.487276342757911,0.49395085184551835,-0.03189669455150845,1.2850217658949954,0.5891023326279986,0.4246793736341027,-0.03542242092117798,2.333909005355654,0.818496004903495,-0.07199395385430518,0.3487045046291686,9,4,270,7,-0.1,False
session_0025,10,2024-01-01 15:10:00,1.4092367086236606,0.28104787533051445,0.11612428175203171,2.1197907626112045,1.487276342757911,0.49395085184551835,-0.03189669455150845,1.2850217658949954,0.5891023326279986,0.4246793736341027,-0.03542242092117798,2.333909005355654,0.7388261738654429,-0.07966983103805203,0.486586691690701,10,4,300,0,0.0,False
session_0025,11,2024-01-01 15:11:00,1.4092367086236606,0.28104787533051445,0.11612428175203171,2.1197907626112045,1.487276342757911,0.4059866091087677,-0.03189669455150845,1.2850217658949954,0.5891023326279986,0.4246793736341027,-0.03542242092117798,2.333909005355654,0.8647057265190383,0.1258795526535954,0.08796180849609335,11,5,330,7,0.1517591053071908,False
session_0025,12,2024-01-01 15:12:00,1.4092367086236606,0.28104787533051445,0.11612428175203171,2.1197907626112045,1.4533081550762903,0.4059866091087677,-0.03189669455150845,1.2850217658949954,0.5891023326279986,0.4246793736341027,-0.03542242092117798,2.333909005355654,0.8717764281609853,0.007070701641947008,0.20382610014456115,12,5,360,0,0.014141403283894016,False
session_0025,13,2024-01-01 15:13:00,1.422431143073311,0.28104787533051445,0.11612428175203171,2.1197907626112045,1.4533081550762903,0.4059866091087677,-0.03189669455150845,1.2850217658949954,0.5891023326279986,0.4246793736341027,-0.03542242092117798,2.333909005355654,0.8440726285178447,-0.027703799643140625,0.3816646045265978,13,6,390,2,-0.1,True
session_0026,0,2024-01-01 16:00:00,0.6908389428377419,0.3132273260173516,0.21031252735281453,1.4020373163111879,0.8418016798292507,0.6556046600134325,0.03238867549011565,0.06646357006668056,0.9745421860050727,0.30620084667280467,0.09352371658970438,0.8640354967531583,0.8340482111361156,0.7210588552941268,0.11634545959174299,0,0,0,0,1.4421177105882537,False
session_0026,1,2024-01-01 16:01:00,0.6908389428377419,0.3132273260173516,0.21031252735281453,1.4020373163111879,0.8418016798292507,0.6556046600134325,0.03238867549011565,0.06646357006668056,0.9745421860050727,0.30620084667280467,0.09352371658970438,0.8640354967531583,0.8299606512814199,-0.004087559854695666,0.271313267039086,1,0,30,0,0.0,False
session_0026,2,2024-01-01 16:02:00,0.6908389428377419,0.3132273260173516,0.21031252735281453,1.4020373163111879,0.9442115638133532,0.6556046600134325,0.03238867549011565,0.06646357006668056,0.9745421860050727,0.30620084667280467,0.09352371658970438,0.8640354967531583,0.8350270699630454,0.005066418681625495,0.3022033334768457,2,0,60,0,0.01013283736325099,False
session_0026,3,2024-01-01 16:03:00,0.6908389428377419,0.3132273260173516,0.21031252735281453,1.4020373163111879,0.9442115638133532,0.6556046600134325,0.03238867549011565,0.06646357006668056,0.9745421860050727,0.30620084667280467,0.09352371658970438,0.8640354967531583,0.8019938876940222,-0.03303318226902319,0.48000791564964196,3,0,90,0,0.0,False
session_0026,4,2024-01-01 16:04:00,0.6292196688386725,0.3132273260173516,0.21031252735281453,1.4020373163111879,0.9442115638133532,0.6556046600134325,0.03238867549011565,0.06646357006668056,0.9745421860050727,0.30620084667280467,0.09352371658970438,0.8640354967531583,0.7546525947309954,-0.047341292963026804,0.7906296759825051,4,1,120,2,-0.1,False
session_0026,5,2024-01-01 16:05:00,0.6292196688386725,0.3132273260173516,0.21031252735281453,1.4020373163111879,0.9442115638133532,0.8364961142217097,0.03238867549011565,0.06646357006668056,0.9745421860050727,0.30620084667280467,0.09352371658970438,0.8640354967531583,0.858503597809492,0.1038510030784966,0.044883178534937264,5,1,150,0,0.2077020061569932,False
session_0026,6,2024-01-01 16:06:00,0.6292196688386725,0.2903868269804184,0.21031252735281453,1.4020373163111879,0.9442115638133532,0.8364961142217097,0.03238867549011565,0.06646357006668056,0.9745421860050727,0.30620084667280467,0.09352371658970438,0.8640354967531583,0.6834164232402034,-0.17508717456928868,0.27880188028997366,6,2,180,1,-0.1,False
session_0026,7,2024-01-01 16:07:00,0.649183170629824,0.2903868269804184,0.21031252735281453,1.4020373163111879,0.9442115638133532,0.8364961142217097,0.03238867549011565,0.06646357006668056,0.9745421860050727,0.30620084667280467,0.09352371658970438,0.8640354967531583,0.707747279850108,0.02433085660990464,0.14234116418387757,7,2,210,0,0.04866171321980928,False
session_0026,8,2024-01-01 16:08:00,0.649183170629824,0.2903868269804184,0.21031252735281453,1.4020373163111879,0.9442115638133532,0.5130926578392125,0.03238867549011565,0.06646357006668056,0.9745421860050727,0.30620084667280467,0.09352371658970438,0.8640354967531583,0.8209972677131677,0.11324998786305973,0.044718064175209384,8,2,240,0,0.22649997572611946,False
session_0026,9,2024-01-01 16:09:00,0.5953963726975624,0.2903868269804184,0.21031252735281453,1.4020373163111879,0.9442115638133532,0.5130926578392125,0.03238867549011565,0.06646357006668056,0.9745421860050727,0.30620084667280467,0.09352371658970438,0.8640354967531583,0.801210644341678,-0.01978662337148973,0.19026966381054305,9,3,270,5,-0.1,True
session_0027,0,2024-01-01 17:00:00,1.9278931851213619,0.20723111780955514,0.15781157806604884,3.0479781328866844,1.8588533282266675,0.7824260967177279,0.030194103418583584,0.24553475489687202,1.7746837967075542,0.568296953485407,0.06884204651297343,1.3108408754158702,0.6914688428727825,0.47710044756856074,0.14795400531323008,0,0,0,0,0.9542008951371215,False
session_0027,1,2024-01-01 17:01:00,1.9278931851213619,0.20723111780955514,0.15781157806604884,3.0479781328866844,1.8588533282266675,0.7824260967177279,0.030194103418583584,0.24553475489687202,1.7746837967075542,0.568296953485407,0.06884204651297343,1.3108408754158702,0.6112579526079727,-0.08021089026480988,0.24449373551289763,1,0,30,0,0.0,False
session_0027,2,2024-01-01 17:02:00,1.9278931851213619,0.20723111780955514,0.15781157806604884,3.0479781328866844,1.8588533282266675,0.7824260967177279,0.030194103418583584,0.24553475489687202,1.7746837967075542,0.46657451937524286,0.06884204651297343,1.3108408754158702,0.7558751601074285,0.14461720749945584,0.034961477246601015,2,0,60,0,0.28923441499891167,False
session_0027,3,2024-01-01 17:03:00,1.9278931851213619,0.20723111780955514,0.15781157806604884,3.0479781328866844,1.8588533282266675,0.7824260967177279,0.030194103418583584,0.24553475489687202,1.7746837967075542,0.3370966700236013,0.06884204651297343,1.3108408754158702,0.6256372667554349,-0.13023789335199365,0.3219122266837796,3,0,90,0,0.0,False
session_0027,4,2024-01-01 17:04:00,1.9278931851213619,0.20723111780955514,0.15781157806604884,3.0479781328866844,1.8588533282266675,0.7824260967177279,0.030194103418583584,0.24553475489687202,1.7746837967075542,0.3370966700236013,0.06884204651297343,1.3108408754158702,0.659278513461292,0.03364124670585711,0.12373212238726353,4,1,120,5,-0.03271750658828579,True
session_0028,0,2024-01-01 18:00:00,1.9809689299357158,0.2903589723458021,-0.24695862557959536,2.1180466636701913,1.0096039216235455,0.2427466864199547,-0.014816629269837511,2.368040429660837,0.9276836006227831,0.40102812650308084,0.20741964038818322,1.6338540988990864,0.8361550691972861,0.5676086754359917,0.19059503231202068,0,1,0,1,1.0352173508719833,False
session_0028,1,2024-01-01 18:01:00,1.9809689299357158,0.2985750053148979,-0.24695862557959536,2.1180466636701913,1.0096039216235455,0.2427466864199547,-0.014816629269837511,2.368040429660837,0.9276836006227831,0.40102812650308084,0.20741964038818322,1.6338540988990864,0.7599598283739799,-0.0761952408233062,0.178327793594581,1,1,30,0,0.0,False
session_0028,2,2024-01-01 18:02:00,2.004807767419458,0.2985750053148979,-0.24695862557959536,2.1180466636701913,1.0096039216235455,0.2427466864199547,-0.014816629269837511,2.368040429660837,0.9276836006227831,0.40102812650308084,0.20741964038818322,1.6338540988990864,0.7851697509557187,0.02520992258173882,0.08821548592345685,2,1,60,0,0.05041984516347764,False
session_0028,3,2024-01-01 18:03:00,1.9894729030281613,0.2985750053148979,-0.24695862557959536,2.1180466636701913,1.0096039216235455,0.2427466864199547,-0.014816629269837511,2.368040429660837,0.9276836006227831,0.40102812650308084,0.20741964038818322,1.6338540988990864,0.8759632688060492,0.09079351785033052,0.07474360057647027,3,2,90,1,0.08158703570066103,False
session_0028,4,2024-01-01 18:04:00,1.894814344966256,0.2985750053148979,-0.24695862557959536,2.1180466636701913,1.0096039216235455,0.2427466864199547,-0.014816629269837511,2.368040429660837,0.9276836006227831,0.40102812650308084,0.20741964038818322,1.6338540988990864,0.8793539318441338,0.0033906630380845515,0.24130946459881045,4,2,120,0,0.006781326076169103,False
session_0028,5,2024-01-01 18:05:00,1.894814344966256,0.2985750053148979,-0.24695862557959536,2.1180466636701913,1.0096039216235455,0.2427466864199547,-0.014816629269837511,2.368040429660837,0.9276836006227831,0.40102812650308084,0.20741964038818322,1.6338540988990864,0.8021521504881249,-0.07720178135600886,0.40608823592061577,5,2,150,0,0.0,False
session_0028,6,2024-01-01 18:06:00,1.9146524610289,0.2985750053148979,-0.24695862557959536,2.1180466636701913,1.0096039216235455,0.2427466864199547,-0.014816629269837511,2.368040429660837,0.9276836006227831,0.40102812650308084,0.20741964038818322,1.6338540988990864,0.7602551254309008,-0.041897025057224146,0.5342560255366509,6,2,180,0,0.0,False
session_0028,7,2024-01-01 18:07:00,1.9146524610289,0.2985750053148979,-0.24695862557959536,2.1180466636701913,1.0096039216235455,0.2427466864199547,-0.014816629269837511,2.368040429660837,0.9276836006227831,0.40102812650308084,0.20741964038818322,1.6338540988990864,0.8258821419557859,0.06562701652488512,0.004453764125920002,7,3,210,1,0.03125403304977023,False
session_0028,8,2024-01-01 18:08:00,1.9146524610289,0.35737664591976137,-0.24695862557959536,2.1180466636701913,1.0096039216235455,0.2427466864199547,-0.014816629269837511,2.368040429660837,0.9276836006227831,0.40102812650308084,0.20741964038818322,1.6338540988990864,0.8226280962300405,-0.0032540457257453914,0.27647101015326025,8,4,240,5,-0.1,False
session_0028,9,2024-01-01 18:09:00,1.9146524610289,0.35737664591976137,-0.24695862557959536,2.1180466636701913,1.0096039216235455,0.2427466864199547,-0.014816629269837511,2.368040429660837,0.9276836006227831,0.35583302851772997,0.20741964038818322,1.6338540988990864,0.7673630746943378,-0.055265021535702674,0.40939755751564366,9,4,270,0,0.0,False
session_0028,10,2024-01-01 18:10:00,1.9146524610289,0.35737664591976137,-0.24695862557959536,2.1180466636701913,1.0096039216235455,0.2427466864199547,-0.014816629269837511,2.368040429660837,0.9276836006227831,0.46810085397410384,0.20741964038818322,1.6338540988990864,0.8127874053012742,0.0454243306069364,0.09050158630487681,10,5,300,4,-0.0091513387861272,False
session_0028,11,2024-01-01 18:11:00,1.9146524610289,0.35737664591976137,-0.24695862557959536,2.1180466636701913,1.0096039216235455,0.17951958682255897,-0.014816629269837511,2.368040429660837,0.9276836006227831,0.46810085397410384,0.20741964038818322,1.6338540988990864,0.8968722111420927,0.08408480584081846,0.09497536729514078,11,5,330,0,0.1681696116816369,False
session_0028,12,2024-01-01 18:12:00,1.9146524610289,0.35737664591976137,-0.24695862557959536,2.1180466636701913,1.0096039216235455,0.17951958682255897,-0.014816629269837511,2.368040429660837,0.9515782681972292,0.46810085397410384,0.20741964038818322,1.6338540988990864,0.8089983821314494,-0.08787382901064333,0.16814035321799373,12,5,360,0,0.0,False
session_0028,13,2024-01-01 18:13:00,1.9146524610289,0.35737664591976137,-0.24695862557959536,2.1180466636701913,1.0096039216235455,0.17951958682255897,-0.014816629269837511,2.368040429660837,0.9515782681972292,0.46810085397410384,0.20741964038818322,1.6338540988990864,0.8111365428811366,0.0021381607496872013,0.49422703036046556,13,5,390,0,0.0042763214993744025,False
session_0028,14,2024-01-01 18:14:00,1.9146524610289,0.35737664591976137,-0.24695862557959536,2.1180466636701913,1.0096039216235455,0.17951958682255897,-0.014816629269837511,2.368040429660837,0.7308064154986014,0.46810085397410384,0.20741964038818322,1.6338540988990864,0.8165830195572767,0.005446476676140177,0.6210950726835763,14,6,420,2,-0.08910704664771965,False
session_0028,15,2024-01-01 18:15:00,1.9146524610289,0.5536136369517479,-0.24695862557959536,2.1180466636701913,1.0096039216235455,0.17951958682255897,-0.014816629269837511,2.368040429660837,0.7308064154986014,0.46810085397410384,0.20741964038818322,1.6338540988990864,0.7770033977283682,-0.03957962182890851,0.6602801273440371,15,6,450,0,0.0,True
session_0029,0,2024-01-01 19:00:00,0.7719821881487785,0.6048876514435219,-0.1419147430864094,1.115949738099239,1.0232909780695962,0.6300510500981658,-0.020094442116994182,1.135053966385671,1.7789340785591747,0.5431703753847217,-0.17170150723320132,2.8277201469764406,0.8782609118934116,0.7097308526866835,0.09892004479489058,0,0,0,0,1.419461705373367,False
session_0029,1,2024-01-01 19:01:00,0.7719821881487785,0.6048876514435219,-0.1419147430864094,1.115949738099239,1.0232909780695962,0.6300510500981658,-0.020094442116994182,1.135053966385671,1.7870018932515228,0.5431703753847217,-0.17170150723320132,2.8277201469764406,0.868266172540611,-0.009994739352800597,0.33738145762619076,1,1,30,1,-0.1,False
session_0029,2,2024-01-01 19:02:00,0.6626926640389036,0.6048876514435219,-0.1419147430864094,1.115949738099239,1.0232909780695962,0.6300510500981658,-0.020094442116994182,1.135053966385671,1.7870018932515228,0.5431703753847217,-0.17170150723320132,2.8277201469764406,0.7558315845259855,-0.11243458801462547,0.3683076524403246,2,1,60,0,0.0,False
session_0029,3,2024-01-01 19:03:00,0.6626926640389036,0.6048876514435219,-0.1419147430864094,1.115949738099239,1.0232909780695962,0.6300510500981658,-0.020094442116994182,1.135053966385671,1.7560996567318978,0.5431703753847217,-0.17170150723320132,2.8277201469764406,0.822628482876527,0.06679689835054148,0.12262188379882791,3,1,90,0,0.13359379670108296,False
session_0029,4,2024-01-01 19:04:00,0.6626926640389036,0.6048876514435219,-0.1419147430864094,1.115949738099239,1.0232909780695962,0.6300510500981658,-0.020094442116994182,1.135053966385671,1.7560996567318978,0.5431703753847217,-0.17170150723320132,2.8277201469764406,0.821471822106448,-0.0011566607700790321,0.15791204167803835,4,1,120,0,0.0,False
session_0029,5,2024-01-01 19:05:00,0.6626926640389036,0.6048876514435219,-0.1419147430864094,1.115949738099239,1.0289406472689195,0.6300510500981658,-0.020094442116994182,1.135053966385671,1.7560996567318978,0.5431703753847217,-0.17170150723320132,2.8277201469764406,0.7675305020831916,-0.053941320023256356,0.37572418548690373,5,1,150,0,0.0,False
session_0029,6,2024-01-01 19:06:00,0.6626926640389036,0.5133751854955717,-0.1419147430864094,1.115949738099239,1.0289406472689195,0.6300510500981658,-0.020094442116994182,1.135053966385671,1.7560996567318978,0.5431703753847217,-0.17170150723320132,2.8277201469764406,0.865927068497597,0.09839656641440542,0.005040989425232434,6,1,180,0,0.19679313282881084,False
session_0029,7,2024-01-01 19:07:00,0.6626926640389036,0.5133751854955717,-0.1419147430864094,1.115949738099239,1.0289406472689195,0.6300510500981658,-0.020094442116994182,1.135053966385671,1.7560996567318978,0.5431703753847217,-0.17170150723320132,2.8277201469764406,0.8966842350788473,0.030757166581250273,0.18570523501146582,7,1,210,0,0.061514333162500545,True
session_0030,0,2024-01-01 10:00:00,1.7664085363736668,0.7373027463181308,-0.03939045106482253,2.409210650983071,1.709598093193818,0.38507577349865013,0.2575453464036899,0.29638257162136367,1.9914037687449242,0.6620544308953218,-0.24403745680540365,2.061606241554485,0.722132908054894,0.6152970258692421,0.15984458433181106,0,1,0,1,1.130594051738484,False
session_0030,1,2024-01-01 10:01:00,1.7664085363736668,0.7373027463181308,-0.03939045106482253,2.409210650983071,1.709598093193818,0.38507577349865013,0.2575453464036899,0.29638257162136367,1.9390394114257337,0.6620544308953218,-0.24403745680540365,2.061606241554485,0.7519225090958711,0.029789601040977054,0.0828355043185341,1,1,30,0,0.05957920208195411,False
session_0030,2,2024-01-01 10:02:00,1.7961953294758943,0.7373027463181308,-0.03939045106482253,2.409210650983071,1.709598093193818,0.38507577349865013,0.2575453464036899,0.29638257162136367,1.9390394114257337,0.6620544308953218,-0.24403745680540365,2.061606241554485,0.7254140430674808,-0.0265084660283903,0.325882346697537,2,1,60,0,0.0,False
session_0030,3,2024-01-01 10:03:00,1.7961953294758943,0.7373027463181308,-0.03939045106482253,2.409210650983071,1.709598093193818,0.38507577349865013,0.2575453464036899,0.29638257162136367,1.9390394114257337,0.6620544308953218,-0.24403745680540365,2.061606241554485,0.777001496412373,0.05158745334489223,0.06556154413879721,3,1,90,0,0.10317490668978446,False
session_0030,4,2024-01-01 10:04:00,1.7961953294758943,0.7373027463181308,-0.03939045106482253,2.409210650983071,1.7129816560969535,0.38507577349865013,0.2575453464036899,0.29638257162136367,1.9390394114257337,0.6620544308953218,-0.24403745680540365,2.061606241554485,0.7476952287335813,-0.029306267678791742,0.2203859886045932,4,1,120,0,0.0,False
session_0030,5,2024-01-01 10:05:00,1.7961953294758943,0.7373027463181308,-0.03939045106482253,2.409210650983071,1.7129816560969535,0.49192198022308,0.2575453464036899,0.29638257162136367,1.9390394114257337,0.6620544308953218,-0.24403745680540365,2.061606241554485,0.7589631764565551,0.011267947722973792,0.19395431576620203,5,2,150,3,-0.07746410455405242,True
session_0031,0,2024-01-01 11:00:00,1.2896901359525206,0.3019871127174715,0.19093641157635438,1.8351995163794672,0.8951739715353586,0.7577593832043028,-0.23088836801144358,1.7714259843809639,1.5815608320000882,0.2353091223994591,0.05871361992372215,2.5632292645538395,0.8206909519279935,0.7071854890443827,0.051711435629748004,0,1,0,1,1.3143709780887654,False
session_0031,1,2024-01-01 11:01:00,1.2473529313083196,0.3019871127174715,0.19093641157635438,1.8351995163794672,0.8951739715353586,0.7577593832043028,-0.23088836801144358,1.7714259843809639,1.5815608320000882,0.2353091223994591,0.05871361992372215,2.5632292645538395,0.8297714139686689,0.009080462040675474,0.18719488397514183,1,1,30,0,0.01816092408135095,False
session_0031,2,2024-01-01 11:02:00,1.2473529313083196,0.3019871127174715,0.19093641157635438,1.8351995163794672,0.8951739715353586,0.7577593832043028,-0.23088836801144358,1.7714259843809639,1.5815608320000882,0.2691833645040288,0.05871361992372215,2.5632292645538395,0.7975607526859555,-0.03221066128271344,0.3208302987605743,2,2,60,7,-0.1,False
session_0031,3,2024-01-01 11:03:00,1.2473529313083196,0.3019871127174715,0.19093641157635438,1.8351995163794672,0.9530901880581436,0.7577593832043028,-0.23088836801144358,1.7714259843809639,1.5815608320000882,0.2691833645040288,0.05871361992372215,2.5632292645538395,0.8944872240101548,0.09692647132419929,0.0964752009258229,3,3,90,5,0.09385294264839858,False
session_0031,4,2024-01-01 11:04:00,1.2473529313083196,0.3019871127174715,0.19093641157635438,1.8351995163794672,0.9530901880581436,0.7577593832043028,-0.23088836801144358,1.7714259843809639,1.5815608320000882,0.40981582691596496,0.05871361992372215,2.5632292645538395,0.7650628707438358,-0.12942435326631896,0.339498609008957,4,3,120,0,0.0,False
session_0031,5,2024-01-01 11:05:00,1.2473529313083196,0.3019871127174715,0.19093641157635438,1.8351995163794672,0.9530901880581436,0.7577593832043028,-0.23088836801144358,1.7714259843809639,1.5515955255945517,0.40981582691596496,0.05871361992372215,2.5632292645538395,0.7926905208154271,0.027627650071591292,0.17967507678787492,5,3,150,0,0.055255300143182584,False
session_0031,6,2024-01-01 11:06:00,1.2473529313083196,0.3019871127174715,0.19093641157635438,1.8351995163794672,0.9530901880581436,0.7577593832043028,-0.23088836801144358,1.7714259843809639,1.5515955255945517,0.40981582691596496,0.05871361992372215,2.5632292645538395,0.8789071291618099,0.08621660834638278,0.007750266305685894,6,4,180,1,0.07243321669276556,True
session_0032,0,2024-01-01 12:00:00,0.6410318032532456,0.7699108279495182,0.14910868013585726,2.752874701855306,0.7047058310667664,0.3920965813357217,-0.07899350147619355,1.6875776456929066,0.9453027282611215,0.2363784453136431,-0.07867297155751757,0.7996902568093864,0.6800730877073675,0.5028888294147246,0.052379274912947096,0,1,0,1,0.9057776588294492,False
session_0032,1,2024-01-01 12:01:00,0.6410318032532456,0.7292413073321843,0.14910868013585726,2.752874701855306,0.7047058310667664,0.3920965813357217,-0.07899350147619355,1.6875776456929066,0.9453027282611215,0.2363784453136431,-0.07867297155751757,0.7996902568093864,0.7520123350596335,0.07193924735226598,0.15437210816878516,1,1,30,0,0.14387849470453196,False
session_0032,2,2024-01-01 12:02:00,0.6410318032532456,0.6850891488030968,0.14910868013585726,2.752874701855306,0.7047058310667664,0.3920965813357217,-0.07899350147619355,1.6875776456929066,0.9453027282611215,0.2363784453136431,-0.07867297155751757,0.7996902568093864,0.7628041081292857,0.010791773069652177,0.1587345248512854,2,1,60,0,0.021583546139304355,False
session_0032,3,2024-01-01 12:03:00,0.6410318032532456,0.6850891488030968,0.14910868013585726,2.752874701855306,0.7047058310667664,0.3920965813357217,-0.07899350147619355,1.6875776456929066,0.9453027282611215,0.3833162464870391,-0.07867297155751757,0.7996902568093864,0.8722369113939966,0.10943280326471094,0.01855709082534789,3,1,90,0,0.21886560652942189,False
session_0032,4,2024-01-01 12:04:00,0.6410318032532456,0.6850891488030968,0.14910868013585726,2.752874701855306,0.7047058310667664,0.3920965813357217,-0.07899350147619355,1.6875776456929066,0.9305916929812453,0.3833162464870391,-0.07867297155751757,0.7996902568093864,0.7737183386025686,-0.09851857279142806,0.32387236537570474,4,2,120,1,-0.1,False
session_0032,5,2024-01-01 12:05:00,0.6410318032532456,0.6850891488030968,0.14910868013585726,2.752874701855306,0.7047058310667664,0.3920965813357217,-0.07899350147619355,1.6875776456929066,0.9305916929812453,0.3919155945618016,-0.07867297155751757,0.7996902568093864,0.7677692097093471,-0.0059491288932214115,0.47381075725540056,5,2,150,0,0.0,False
session_0032,6,2024-01-01 12:06:00,0.6410318032532456,0.6850891488030968,0.14910868013585726,2.752874701855306,0.7047058310667664,0.45002477846781497,-0.07899350147619355,1.6875776456929066,0.9305916929812453,0.3919155945618016,-0.07867297155751757,0.7996902568093864,0.9254538046849851,0.15768459497563792,0.12967953704067223,6,2,180,0,0.31536918995127583,False
session_0032,7,2024-01-01 12:07:00,0.6410318032532456,0.6850891488030968,0.14910868013585726,2.752874701855306,0.7047058310667664,0.45002477846781497,-0.07899350147619355,1.6875776456929066,0.9305916929812453,0.4710570669004683,-0.07867297155751757,0.7996902568093864,0.7818578482182386,-0.1435959564667465,0.16871658906767453,7,3,210,4,-0.1,False
session_0032,8,2024-01-01 12:08:00,0.6410318032532456,0.6850891488030968,0.14910868013585726,2.752874701855306,0.7047058310667664,0.45002477846781497,-0.07899350147619355,1.6875776456929066,0.8403410423369162,0.4710570669004683,-0.07867297155751757,0.7996902568093864,0.8037581112148158,0.021900262996577213,0.19441403542617716,8,4,240,2,-0.05619947400684558,False
session_0032,9,2024-01-01 12:09:00,0.6410318032532456,0.6850891488030968,0.14910868013585726,2.752874701855306,0.7047058310667664,0.45002477846781497,-0.07899350147619355,1.6875776456929066,0.7706574181186077,0.4710570669004683,-0.07867297155751757,0.7996902568093864,0.8366532553255418,0.03289514411072603,0.007904723738046094,9,5,270,2,-0.03420971177854795,False
session_0032,10,2024-01-01 12:10:00,0.6410318032532456,0.5733956453373124,0.14910868013585726,2.752874701855306,0.7047058310667664,0.45002477846781497,-0.07899350147619355,1.6875776456929066,0.7706574181186077,0.4710570669004683,-0.07867297155751757,0.7996902568093864,0.8870760397426987,0.05042278441715686,0.18977475142982508,10,6,300,2,0.0008455688343137202,False
session_0032,11,2024-01-01 12:11:00,0.6747890362479905,0.5733956453373124,0.14910868013585726,2.752874701855306,0.7047058310667664,0.45002477846781497,-0.07899350147619355,1.6875776456929066,0.7706574181186077,0.4710570669004683,-0.07867297155751757,0.7996902568093864,0.8838574669449271,-0.0032185727977716017,0.21492873342206673,11,6,330,0,0.0,False
session_0032,12,2024-01-01 12:12:00,0.6747890362479905,0.5733956453373124,0.14910868013585726,2.752874701855306,0.813164470213151,0.45002477846781497,-0.07899350147619355,1.6875776456929066,0.7706574181186077,0.4710570669004683,-0.07867297155751757,0.7996902568093864,0.8705602415072976,-0.013297225437629456,0.49900188346476204,12,6,360,0,0.0,False
session_0032,13,2024-01-01 12:13:00,0.7225501092236675,0.5733956453373124,0.14910868013585726,2.752874701855306,0.813164470213151,0.45002477846781497,-0.07899350147619355,1.6875776456929066,0.7706574181186077,0.4710570669004683,-0.07867297155751757,0.7996902568093864,0.8872584575436736,0.016698216036376,0.03490742632535766,13,7,390,3,-0.066603567927248,False
session_0032,14,2024-01-01 12:14:00,0.7225501092236675,0.29644509366924027,0.14910868013585726,2.752874701855306,0.813164470213151,0.45002477846781497,-0.07899350147619355,1.6875776456929066,0.7706574181186077,0.4710570669004683,-0.07867297155751757,0.7996902568093864,0.8490846480181189,-0.038173809525554714,0.163395602626398,14,7,420,0,0.0,True
session_0033,0,2024-01-01 13:00:00,0.8134394112269211,0.31887064484725447,0.044184401277425456,1.5645077718560547,1.3706574458042673,0.42604116692512806,0.19605741593696824,0.43536364234206365,1.1425889687621984,0.6138571090664523,0.22094186416973977,1.1610434435057688,0.804178332932098,0.5906292131133474,0.03406381762236579,0,0,0,0,1.1812584262266947,False
session_0033,1,2024-01-01 13:01:00,0.8134394112269211,0.31887064484725447,0.044184401277425456,1.5645077718560547,1.3706574458042673,0.42604116692512806,0.19605741593696824,0.43536364234206365,1.1425889687621984,0.6138571090664523,0.22094186416973977,1.1610434435057688,0.8618650496714197,0.0576867167393218,0.14474905803836755,1,0,30,0,0.1153734334786436,False
session_0033,2,2024-01-01 13:02:00,0.8134394112269211,0.31887064484725447,0.044184401277425456,1.5645077718560547,1.3706574458042673,0.42604116692512806,0.19605741593696824,0.43536364234206365,1.1425889687621984,0.6138571090664523,0.22094186416973977,1.1610434435057688,0.8456952120119492,-0.016169837659470554,0.16778574861005652,2,0,60,0,0.0,False
session_0033,3,2024-01-01 13:03:00,0.8134394112269211,0.31887064484725447,0.044184401277425456,1.5645077718560547,1.3706574458042673,0.42604116692512806,0.19605741593696824,0.43536364234206365,1.1425889687621984,0.5248550340900919,0.22094186416973977,1.1610434435057688,0.7584118347871416,-0.08728337722480761,0.4096546635716377,3,0,90,0,0.0,False
session_0033,4,2024-01-01 13:04:00,0.8134394112269211,0.31887064484725447,0.044184401277425456,1.5645077718560547,1.3706574458042673,0.42604116692512806,0.19605741593696824,0.43536364234206365,1.1425889687621984,0.5248550340900919,0.22094186416973977,1.1610434435057688,0.9933146692472843,0.2349028344601427,0.10013216813225395,4,1,120,7,0.36980566892028544,False
session_0033,5,2024-01-01 13:05:00,0.8134394112269211,0.31887064484725447,0.044184401277425456,1.5645077718560547,1.4119778112989303,0.42604116692512806,0.19605741593696824,0.43536364234206365,1.1425889687621984,0.5248550340900919,0.22094186416973977,1.1610434435057688,0.9063756512180406,-0.08693901802924364,0.24552975391459414,5,2,150,4,-0.1,False
session_0033,6,2024-01-01 13:06:00,0.8500727045919254,0.31887064484725447,0.044184401277425456,1.5645077718560547,1.4119778112989303,0.42604116692512806,0.19605741593696824,0.43536364234206365,1.1425889687621984,0.5248550340900919,0.22094186416973977,1.1610434435057688,0.8816626299514969,-0.024713021266543733,0.38371495827229085,6,2,180,0,0.0,False
session_0033,7,2024-01-01 13:07:00,0.8500727045919254,0.31887064484725447,0.044184401277425456,1.5645077718560547,1.4119778112989303,0.4679876562104529,0.19605741593696824,0.43536364234206365,1.1425889687621984,0.5248550340900919,0.22094186416973977,1.1610434435057688,0.9652578237941338,0.08359519384263692,0.061096122474234016,7,2,210,0,0.16719038768527383,False
session_0033,8,2024-01-01 13:08:00,0.7390989916607728,0.31887064484725447,0.044184401277425456,1.5645077718560547,1.4119778112989303,0.4679876562104529,0.19605741593696824,0.43536364234206365,1.1425889687621984,0.5248550340900919,0.22094186416973977,1.1610434435057688,0.964768366504608,-0.0004894572895258742,0.1767572851187711,8,3,240,2,-0.1,False
session_0033,9,2024-01-01 13:09:00,0.7390989916607728,0.31887064484725447,0.044184401277425456,1.5645077718560547,1.4119778112989303,0.4679876562104529,0.19605741593696824,0.43536364234206365,1.1425889687621984,0.3696042867600865,0.22094186416973977,1.1610434435057688,0.8884781222921315,-0.07629024421247643,0.3017234514267504,9,3,270,0,0.0,False
session_0033,10,2024-01-01 13:10:00,0.7390989916607728,0.31887064484725447,0.044184401277425456,1.5645077718560547,1.4119778112989303,0.4679876562104529,0.19605741593696824,0.43536364234206365,1.1425889687621984,0.3696042867600865,0.22094186416973977,1.1610434435057688,1.0,0.11152187770786848,0.00897606449525532,10,4,300,2,0.12304375541573695,True
session_0034,0,2024-01-01 14:00:00,1.6341129236423568,0.4155226383606426,-0.29343916733360176,1.8698424961321065,1.9868669422100416,0.3545704537030975,-0.1863052336876705,0.38932467426399914,1.3328834298500842,0.5578670596161641,0.17536250230224143,2.3658494640210095,0.7621883462702722,0.4836800473112548,0.049453416615888895,0,0,0,0,0.9673600946225096,False
session_0034,1,2024-01-01 14:01:00,1.6341129236423568,0.4155226383606426,-0.29343916733360176,1.8698424961321065,1.9868669422100416,0.3545704537030975,-0.1863052336876705,0.38932467426399914,1.3328834298500842,0.6364338504202824,0.17536250230224143,2.3658494640210095,0.8881624809262176,0.12597413465594542,0.19491808265022117,1,0,30,0,0.25194826931189085,False
session_0034,2,2024-01-01 14:02:00,1.6341129236423568,0.4155226383606426,-0.29343916733360176,1.8698424961321065,1.9868669422100416,0.3545704537030975,-0.1863052336876705,0.38932467426399914,1.3328834298500842,0.7104388106059782,0.17536250230224143,2.3658494640210095,0.854531670748335,-0.03363081017788261,0.25552727212089643,2,0,60,0,0.0,False
session_0034,3,2024-01-01 14:03:00,1.6341129236423568,0.4155226383606426,-0.29343916733360176,1.8698424961321065,1.9868669422100416,0.3545704537030975,-0.1863052336876705,0.38932467426399914,1.3328834298500842,0.7104388106059782,0.17536250230224143,2.3658494640210095,0.743528749436698,-0.11100292131163703,0.33959614928338144,3,1,90,3,-0.1,False
session_0034,4,2024-01-01 14:04:00,1.6341129236423568,0.4155226383606426,-0.29343916733360176,1.8698424961321065,1.9868669422100416,0.3545704537030975,-0.1863052336876705,0.38932467426399914,1.3328834298500842,0.6749690803100105,0.17536250230224143,2.3658494640210095,0.6819197902641804,-0.06160895917251763,0.46372417142177175,4,2,120,2,-0.1,False
session_0034,5,2024-01-01 14:05:00,1.6383760260861315,0.4155226383606426,-0.29343916733360176,1.8698424961321065,1.9868669422100416,0.3545704537030975,-0.1863052336876705,0.38932467426399914,1.3328834298500842,0.6749690803100105,0.17536250230224143,2.3658494640210095,0.7991207269063275,0.11720093664214715,0.16563957049786718,5,3,150,2,0.1344018732842943,False
session_0034,6,2024-01-01 14:06:00,1.6383760260861315,0.4155226383606426,-0.29343916733360176,1.8698424961321065,1.9868669422100416,0.3545704537030975,-0.1863052336876705,0.38932467426399914,1.3328834298500842,0.5974169465668564,0.17536250230224143,2.3658494640210095,0.8492906776657758,0.0501699507594483,0.1913943169261559,6,3,180,0,0.1003399015188966,False
session_0034,7,2024-01-01 14:07:00,1.6383760260861315,0.4155226383606426,-0.29343916733360176,1.8698424961321065,1.9846171818278913,0.3545704537030975,-0.1863052336876705,0.38932467426399914,1.3328834298500842,0.5974169465668564,0.17536250230224143,2.3658494640210095,0.7172714781246452,-0.13201919954113062,0.1820778648135472,7,3,210,0,0.0,False
session_0034,8,2024-01-01 14:08:00,1.6383760260861315,0.4155226383606426,-0.29343916733360176,1.8698424961321065,1.8686332532511947,0.3545704537030975,-0.1863052336876705,0.38932467426399914,1.3328834298500842,0.5974169465668564,0.17536250230224143,2.3658494640210095,0.8048166500518069,0.08754517192716171,0.0808552912660898,8,3,240,0,0.17509034385432343,False
session_0034,9,2024-01-01 14:09:00,1.6383760260861315,0.4155226383606426,-0.29343916733360176,1.8698424961321065,1.8017228464823696,0.3545704537030975,-0.1863052336876705,0.38932467426399914,1.3328834298500842,0.5974169465668564,0.17536250230224143,2.3658494640210095,0.8476618498648479,0.042845199813041024,0.15804863107788703,9,4,270,1,-0.014309600373917958,False
session_0034,10,2024-01-01 14:10:00,1.6383760260861315,0.4155226383606426,-0.29343916733360176,1.8698424961321065,1.8017228464823696,0.3545704537030975,-0.1863052336876705,0.38932467426399914,1.3616826733707852,0.5974169465668564,0.17536250230224143,2.3658494640210095,0.7483484522782319,-0.09931339758661606,0.204631308145104,10,4,300,0,0.0,False
session_0034,11,2024-01-01 14:11:00,1.6383760260861315,0.4155226383606426,-0.29343916733360176,1.8698424961321065,1.8017228464823696,0.3545704537030975,-0.1863052336876705,0.38932467426399914,1.3616826733707852,0.5974169465668564,0.17536250230224143,2.3658494640210095,0.8039375235921339,0.055589071313902005,0.018081615694379518,11,4,330,0,0.11117814262780401,False
session_0034,12,2024-01-01 14:12:00,1.6383760260861315,0.4155226383606426,-0.29343916733360176,1.8698424961321065,1.8017228464823696,0.1383678337429894,-0.1863052336876705,0.38932467426399914,1.3616826733707852,0.5974169465668564,0.17536250230224143,2.3658494640210095,0.8661310321097858,0.06219350851765193,0.11827252195034195,12,4,360,0,0.12438701703530386,False
session_0034,13,2024-01-01 14:13:00,1.6383760260861315,0.4155226383606426,-0.29343916733360176,1.8698424961321065,1.8017228464823696,0.1383678337429894,-0.1863052336876705,0.38932467426399914,1.2453276835235196,0.5974169465668564,0.17536250230224143,2.3658494640210095,0.7958917031787787,-0.07023932893100715,0.22364647724967418,13,4,390,0,0.0,True
session_0035,0,2024-01-01 15:00:00,1.9162154706144119,0.5030920369152492,-0.15909590204446136,0.3322238549652034,1.0074582869044462,0.6894383813306342,-0.06999432395369526,2.4268985650554757,1.7040574641903183,0.2664924618192225,0.06519585157607022,3.0130891467735723,0.8445898081541066,0.6641621931733958,0.18466053805157573,0,1,0,4,1.2283243863467914,False
session_0035,1,2024-01-01 15:01:00,1.9162154706144119,0.5030920369152492,-0.15909590204446136,0.3322238549652034,1.0931343968481033,0.6894383813306342,-0.06999432395369526,2.4268985650554757,1.7040574641903183,0.2664924618192225,0.06519585157607022,3.0130891467735723,0.8403650781609844,-0.004224729993122178,0.3138901511089275,1,1,30,0,0.0,False
session_0035,2,2024-01-01 15:02:00,1.9162154706144119,0.5030920369152492,-0.15909590204446136,0.3322238549652034,1.0931343968481033,0.6436302011638214,-0.06999432395369526,2.4268985650554757,1.7040574641903183,0.2664924618192225,0.06519585157607022,3.0130891467735723,0.8486999733440473,0.008334895183062963,0.46583009806915004,2,1,60,0,0.016669790366125925,False
session_0035,3,2024-01-01 15:03:00,1.9162154706144119,0.5030920369152492,-0.15909590204446136,0.3322238549652034,1.0931343968481033,0.5194925650536222,-0.06999432395369526,2.4268985650554757,1.7040574641903183,0.2664924618192225,0.06519585157607022,3.0130891467735723,0.8083456257811392,-0.04035434756290812,0.578463482334307,3,1,90,0,0.0,False
session_0035,4,2024-01-01 15:04:00,1.9162154706144119,0.5030920369152492,-0.15909590204446136,0.3322238549652034,1.0931343968481033,0.5194925650536222,-0.06999432395369526,2.4268985650554757,1.7040574641903183,0.1,0.06519585157607022,3.0130891467735723,0.7409278025736998,-0.06741782320743939,0.7673281492813089,4,1,120,0,0.0,False
session_0035,5,2024-01-01 15:05:00,1.8459399746322915,0.5030920369152492,-0.15909590204446136,0.3322238549652034,1.0931343968481033,0.5194925650536222,-0.06999432395369526,2.4268985650554757,1.7040574641903183,0.1,0.06519585157607022,3.0130891467735723,0.7722217112581162,0.031293908684416394,0.03264133694355742,5,1,150,0,0.06258781736883279,False
session_0035,6,2024-01-01 15:06:00,1.8459399746322915,0.5030920369152492,-0.15909590204446136,0.3322238549652034,1.0931343968481033,0.5194925650536222,-0.06999432395369526,2.4268985650554757,1.6349035221031927,0.1,0.06519585157607022,3.0130891467735723,0.7961797668847802,0.023958055626663977,0.1826867319626128,6,2,180,4,-0.05208388874667205,True
session_0036,0,2024-01-01 16:00:00,1.4588189899047523,0.614297330730688,-0.2901106796423058,3.0099366081499945,1.3784056421983697,0.668879503641453,-0.07363089656318211,0.03894699616284573,1.2646019898146659,0.5043140715895574,-0.03780642701312892,1.0672526016547461,0.918183708204229,0.7682184906422846,0.07505562793869883,0,1,0,6,1.4364369812845692,False
session_0036,1,2024-01-01 16:01:00,1.4588189899047523,0.614297330730688,-0.2901106796423058,3.0099366081499945,1.3784056421983697,0.5636144617014356,-0.07363089656318211,0.03894699616284573,1.2646019898146659,0.5043140715895574,-0.03780642701312892,1.0672526016547461,0.8843838820136195,-0.033799826190609505,0.2586618352471914,1,1,30,0,0.0,False
session_0036,2,2024-01-01 16:02:00,1.4588189899047523,0.39504298164994717,-0.2901106796423058,3.0099366081499945,1.3784056421983697,0.5636144617014356,-0.07363089656318211,0.03894699616284573,1.2646019898146659,0.5043140715895574,-0.03780642701312892,1.0672526016547461,0.8964808583998232,0.012096976386203662,0.1385543138509993,2,1,60,0,0.024193952772407323,False
session_0036,3,2024-01-01 16:03:00,1.4588189899047523,0.4192656536123683,-0.2901106796423058,3.0099366081499945,1.3784056421983697,0.5636144617014356,-0.07363089656318211,0.03894699616284573,1.2646019898146659,0.5043140715895574,-0.03780642701312892,1.0672526016547461,0.9884041652289843,0.09192330682916117,0.13566212168034164,3,2,90,2,0.08384661365832233,False
session_0036,4,2024-01-01 16:04:00,1.4588189899047523,0.5550545638364615,-0.2901106796423058,3.0099366081499945,1.3784056421983697,0.5636144617014356,-0.07363089656318211,0.03894699616284573,1.2646019898146659,0.5043140715895574,-0.03780642701312892,1.0672526016547461,0.9160135195848138,-0.07239064564417053,0.1582506065013125,4,2,120,0,0.0,False
session_0036,5,2024-01-01 16:05:00,1.4711929913458914,0.5550545638364615,-0.2901106796423058,3.0099366081499945,1.3784056421983697,0.5636144617014356,-0.07363089656318211,0.03894699616284573,1.2646019898146659,0.5043140715895574,-0.03780642701312892,1.0672526016547461,0.9008066905489909,-0.015206829035822933,0.4502017505765116,5,3,150,3,-0.1,False
session_0036,6,2024-01-01 16:06:00,1.4711929913458914,0.5550545638364615,-0.2901106796423058,3.0099366081499945,1.3784056421983697,0.5636144617014356,-0.07363089656318211,0.03894699616284573,1.2646019898146659,0.5598380790174998,-0.03780642701312892,1.0672526016547461,0.8362302139942749,-0.06457647655471599,0.5893449890549106,6,4,180,4,-0.1,False
session_0036,7,2024-01-01 16:07:00,1.4711929913458914,0.5550545638364615,-0.2901106796423058,3.0099366081499945,1.3784056421983697,0.5636144617014356,-0.07363089656318211,0.03894699616284573,1.2646019898146659,0.6141881902728908,-0.03780642701312892,1.0672526016547461,0.9029615121999913,0.06673129820571644,0.16723995019155508,7,4,210,0,0.13346259641143288,False
session_0036,8,2024-01-01 16:08:00,1.4606910625239713,0.5550545638364615,-0.2901106796423058,3.0099366081499945,1.3784056421983697,0.5636144617014356,-0.07363089656318211,0.03894699616284573,1.2646019898146659,0.6141881902728908,-0.03780642701312892,1.0672526016547461,0.9688191446642679,0.06585763246427656,0.033198582297405466,8,4,240,0,0.13171526492855312,False
session_0036,9,2024-01-01 16:09:00,1.4606910625239713,0.5550545638364615,-0.2901106796423058,3.0099366081499945,1.4151079310214723,0.5636144617014356,-0.07363089656318211,0.03894699616284573,1.2646019898146659,0.6141881902728908,-0.03780642701312892,1.0672526016547461,0.9022829174566619,-0.06653622720760599,0.1748820777453048,9,4,270,0,0.0,False
session_0036,10,2024-01-01 16:10:00,1.4606910625239713,0.5550545638364615,-0.2901106796423058,3.0099366081499945,1.4151079310214723,0.5636144617014356,-0.07363089656318211,0.03894699616284573,1.2646019898146659,0.6141881902728908,-0.03780642701312892,1.0672526016547461,0.8299350629508604,-0.0723478545058015,0.3813711678781653,10,5,300,5,-0.1,False
session_0036,11,2024-01-01 16:11:00,1.4606910625239713,0.5550545638364615,-0.2901106796423058,3.0099366081499945,1.4151079310214723,0.5636144617014356,-0.07363089656318211,0.03894699616284573,1.2646019898146659,0.6622123055240675,-0.03780642701312892,1.0672526016547461,0.9242141204855963,0.09427905753473587,0.13347937761975948,11,5,330,0,0.18855811506947173,False
session_0036,12,2024-01-01 16:12:00,1.4606910625239713,0.5550545638364615,-0.2901106796423058,3.0099366081499945,1.4151079310214723,0.5636144617014356,-0.07363089656318211,0.03894699616284573,1.2646019898146659,0.6622123055240675,-0.03780642701312892,1.0672526016547461,0.8794720239639354,-0.044742096521660835,0.1788314297842717,12,6,360,1,-0.1,True
session_0037,0,2024-01-01 17:00:00,1.0268343911919475,0.731987334876693,0.19155563133599185,1.5482956121074414,1.6593426306422867,0.36268273174105425,-0.003444133912882452,0.6204081633495132,1.7913292527814908,0.693840569941049,0.2412898010454007,2.7566752379082824,0.8772636540823189,0.5853444016704199,0.18636485815906312,0,0,0,0,1.1706888033408398,False
session_0037,1,2024-01-01 17:01:00,1.0268343911919475,0.731987334876693,0.19155563133599185,1.5482956121074414,1.6593426306422867,0.36268273174105425,-0.003444133912882452,0.6204081633495132,1.5198867074439064,0.693840569941049,0.2412898010454007,2.7566752379082824,0.843756762330111,-0.03350689175220789,0.19826286759550577,1,0,30,0,0.0,False
session_0037,2,2024-01-01 17:02:00,1.0268343911919475,0.731987334876693,0.19155563133599185,1.5482956121074414,1.6593426306422867,0.36268273174105425,-0.003444133912882452,0.6204081633495132,1.5125648750455243,0.693840569941049,0.2412898010454007,2.7566752379082824,0.8400844820929593,-0.003672280237151715,0.3857185836501833,2,0,60,0,0.0,False
session_0037,3,2024-01-01 17:03:00,1.0268343911919475,0.731987334876693,0.19155563133599185,1.5482956121074414,1.6593426306422867,0.36268273174105425,-0.003444133912882452,0.6204081633495132,1.5125648750455243,0.8310748042277009,0.2412898010454007,2.7566752379082824,0.7508804616665452,-0.08920402042641407,0.5933245513454626,3,1,90,2,-0.1,False
session_0037,4,2024-01-01 17:04:00,1.0268343911919475,0.731987334876693,0.19155563133599185,1.5482956121074414,1.6593426306422867,0.36268273174105425,-0.003444133912882452,0.6204081633495132,1.5125648750455243,0.8770966681712072,0.2412898010454007,2.7566752379082824,0.8432500212606027,0.09236955959405746,0.17632344424857266,4,2,120,2,0.08473911918811491,False
session_0037,5,2024-01-01 17:05:00,1.0268343911919475,0.731987334876693,0.19155563133599185,1.5482956121074414,1.6593426306422867,0.3781533737290505,-0.003444133912882452,0.6204081633495132,1.5125648750455243,0.8770966681712072,0.2412898010454007,2.7566752379082824,0.7541899645757238,-0.08906005668487882,0.34861977254352716,5,2,150,0,0.0,False
session_0037,6,2024-01-01 17:06:00,1.0268343911919475,0.731987334876693,0.19155563133599185,1.5482956121074414,1.6593426306422867,0.3781533737290505,-0.003444133912882452,0.6204081633495132,1.5125648750455243,0.8770966681712072,0.2412898010454007,2.7566752379082824,0.7154438035920091,-0.03874616098371475,0.3905740331424036,6,3,180,5,-0.1,False
session_0037,7,2024-01-01 17:07:00,1.0268343911919475,0.731987334876693,0.19155563133599185,1.5482956121074414,1.6593426306422867,0.406842485558311,-0.003444133912882452,0.6204081633495132,1.5125648750455243,0.8770966681712072,0.2412898010454007,2.7566752379082824,0.7044674741855289,-0.01097632940648019,0.47118847139819225,7,3,210,0,0.0,True
session_0038,0,2024-01-01 18:00:00,1.0911261341228873,0.3475886109143722,-0.005033799421527374,2.5315486459171654,1.8427461766606095,0.24206865922651033,0.044892438744069285,1.467982579788719,1.4214227757073674,0.4683654121449615,-0.060813107487950935,1.4824569795392015,0.8360207556868101,0.6196209299355273,0.09442889020412924,0,1,0,3,1.1392418598710545,False
session_0038,1,2024-01-01 18:01:00,1.0911261341228873,0.3475886109143722,-0.005033799421527374,2.5315486459171654,1.9256149826722342,0.24206865922651033,0.044892438744069285,1.467982579788719,1.4214227757073674,0.4683654121449615,-0.060813107487950935,1.4824569795392015,0.7939576498379465,-0.042063105848863636,0.32073013380090004,1,1,30,0,0.0,False
session_0038,2,2024-01-01 18:02:00,1.0911261341228873,0.3475886109143722,-0.005033799421527374,2.5315486459171654,1.9101016695541748,0.24206865922651033,0.044892438744069285,1.467982579788719,1.4214227757073674,0.4683654121449615,-0.060813107487950935,1.4824569795392015,0.8973172501061141,0.1033596002681676,0.04775706587173665,2,2,60,1,0.10671920053633518,False
session_0038,3,2024-01-01 18:03:00,1.0911261341228873,0.3520964522977509,-0.005033799421527374,2.5315486459171654,1.9101016695541748,0.24206865922651033,0.044892438744069285,1.467982579788719,1.4214227757073674,0.4683654121449615,-0.060813107487950935,1.4824569795392015,0.781027741910688,-0.11628950819542605,0.2262615076912869,3,3,90,4,-0.1,False
session_0038,4,2024-01-01 18:04:00,1.0911261341228873,0.472838955128871,-0.005033799421527374,2.5315486459171654,1.9101016695541748,0.24206865922651033,0.044892438744069285,1.467982579788719,1.4214227757073674,0.4683654121449615,-0.060813107487950935,1.4824569795392015,0.8319906529432356,0.050962911032547575,0.07866037673986158,4,4,120,4,0.0019258220650951452,False
session_0038,5,2024-01-01 18:05:00,1.0911261341228873,0.472838955128871,-0.005033799421527374,2.5315486459171654,1.9101016695541748,0.24206865922651033,0.044892438744069285,1.467982579788719,1.4214227757073674,0.3805871448059098,-0.060813107487950935,1.4824569795392015,0.8308890583918674,-0.0011015945513681569,0.31245938929405725,5,5,150,2,-0.1,False
session_0038,6,2024-01-01 18:06:00,1.0911261341228873,0.472838955128871,-0.005033799421527374,2.5315486459171654,1.9101016695541748,0.38677452882962055,0.044892438744069285,1.467982579788719,1.4214227757073674,0.3805871448059098,-0.060813107487950935,1.4824569795392015,0.8491691892436298,0.01828013085176239,0.04598960356372648,6,5,180,0,0.03656026170352478,False
session_0038,7,2024-01-01 18:07:00,1.0911261341228873,0.472838955128871,-0.005033799421527374,2.5315486459171654,1.9101016695541748,0.38677452882962055,0.044892438744069285,1.467982579788719,1.2628147640078755,0.3805871448059098,-0.060813107487950935,1.4824569795392015,0.777960339375755,-0.07120884986787479,0.32211271105472644,7,5,210,0,0.0,False
session_0038,8,2024-01-01 18:08:00,1.0911261341228873,0.472838955128871,-0.005033799421527374,2.5315486459171654,1.9101016695541748,0.41359080692515215,0.044892438744069285,1.467982579788719,1.2628147640078755,0.3805871448059098,-0.060813107487950935,1.4824569795392015,0.8293466957257866,0.051386356350031526,0.10245780854098917,8,6,240,3,0.002772712700063046,False
session_0038,9,2024-01-01 18:09:00,1.0911261341228873,0.472838955128871,-0.005033799421527374,2.5315486459171654,1.9101016695541748,0.41359080692515215,0.044892438744069285,1.467982579788719,1.2628147640078755,0.2293408118647705,-0.060813107487950935,1.4824569795392015,0.8368174144639762,0.007470718738189608,0.29816304632715734,9,7,270,3,-0.08505856252362079,False
session_0038,10,2024-01-01 18:10:00,1.0911261341228873,0.472838955128871,-0.005033799421527374,2.5315486459171654,1.91604149654932,0.41359080692515215,0.044892438744069285,1.467982579788719,1.2628147640078755,0.2293408118647705,-0.060813107487950935,1.4824569795392015,0.840023748797802,0.0032063343338257777,0.3005414547351574,10,7,300,0,0.006412668667651555,False
session_0038,11,2024-01-01 18:11:00,1.0911261341228873,0.472838955128871,-0.005033799421527374,2.5315486459171654,2.1314382152695863,0.41359080692515215,0.044892438744069285,1.467982579788719,1.2628147640078755,0.2293408118647705,-0.060813107487950935,1.4824569795392015,0.856312813146247,0.016289064348445015,0.03630462162193875,11,7,330,0,0.03257812869689003,False
session_0038,12,2024-01-01 18:12:00,1.0911261341228873,0.472838955128871,-0.005033799421527374,2.5315486459171654,2.1314382152695863,0.41359080692515215,0.044892438744069285,1.467982579788719,1.2628147640078755,0.2293408118647705,-0.060813107487950935,1.4824569795392015,0.8574858787232665,0.001173065577019572,0.1686218661717062,12,8,360,4,-0.09765386884596086,False
session_0038,13,2024-01-01 18:13:00,1.0911261341228873,0.5344821422943214,-0.005033799421527374,2.5315486459171654,2.1314382152695863,0.41359080692515215,0.044892438744069285,1.467982579788719,1.2628147640078755,0.2293408118647705,-0.060813107487950935,1.4824569795392015,0.8807364772647743,0.023250598541507794,0.15655226961122048,13,8,390,0,0.04650119708301559,False
session_0038,14,2024-01-01 18:14:00,1.0911261341228873,0.5344821422943214,-0.005033799421527374,2.5315486459171654,2.1314382152695863,0.41359080692515215,0.044892438744069285,1.467982579788719,0.9993432558959283,0.2293408118647705,-0.060813107487950935,1.4824569795392015,0.8815126520815382,0.0007761748167638416,0.29480245043686965,14,9,420,3,-0.09844765036647232,False
session_0038,15,2024-01-01 18:15:00,0.9363212973486507,0.5344821422943214,-0.005033799421527374,2.5315486459171654,2.1314382152695863,0.41359080692515215,0.044892438744069285,1.467982579788719,0.9993432558959283,0.2293408118647705,-0.060813107487950935,1.4824569795392015,0.783404215989529,-0.09810843609200914,0.47393685914139305,15,10,450,2,-0.1,True
session_0039,0,2024-01-01 19:00:00,1.4791808367369725,0.7514657987399631,-0.23968679914997493,0.992003363865897,0.6086824603938077,0.7668831031664232,-0.03284072040036723,2.121657227718801,1.761680096756482,0.7946001488458931,-0.20293052532464056,2.5117429285768202,0.7701664207220849,0.49268184109473756,0.1508181120371147,0,0,0,0,0.9853636821894751,False
session_0039,1,2024-01-01 19:01:00,1.4791808367369725,0.7514657987399631,-0.23968679914997493,0.992003363865897,0.6086824603938077,0.7702608773704643,-0.03284072040036723,2.121657227718801,1.761680096756482,0.7946001488458931,-0.20293052532464056,2.5117429285768202,0.7424290973108406,-0.02773732341124424,0.17338944661784167,1,0,30,0,0.0,False
session_0039,2,2024-01-01 19:02:00,1.4791808367369725,0.8804587686017872,-0.23968679914997493,0.992003363865897,0.6086824603938077,0.7702608773704643,-0.03284072040036723,2.121657227718801,1.761680096756482,0.7946001488458931,-0.20293052532464056,2.5117429285768202,0.6282536086204539,-0.11417548869038674,0.4383770185411806,2,1,60,2,-0.1,False
session_0039,3,2024-01-01 19:03:00,1.4791808367369725,0.8804587686017872,-0.23968679914997493,0.992003363865897,0.6086824603938077,0.7702608773704643,-0.03284072040036723,2.121657227718801,1.6711993464350399,0.7946001488458931,-0.20293052532464056,2.5117429285768202,0.7155547227144357,0.08730111409398178,0.1671725942538586,3,1,90,0,0.17460222818796356,False
session_0039,4,2024-01-01 19:04:00,1.4791808367369725,0.8804587686017872,-0.23968679914997493,0.992003363865897,0.6086824603938077,0.7702608773704643,-0.03284072040036723,2.121657227718801,1.6711993464350399,0.7946001488458931,-0.20293052532464056,2.5117429285768202,0.6589355299912826,-0.05661919272315308,0.31931964325756335,4,1,120,0,0.0,False
session_0039,5,2024-01-01 19:05:00,1.4791808367369725,0.8804587686017872,-0.23968679914997493,0.992003363865897,0.6086824603938077,0.7299825832598403,-0.03284072040036723,2.121657227718801,1.6711993464350399,0.7946001488458931,-0.20293052532464056,2.5117429285768202,0.682852858695897,0.023917328704614382,0.1540790766362654,5,2,150,7,-0.05216534259077124,False
session_0039,6,2024-01-01 19:06:00,1.436533945847359,0.8804587686017872,-0.23968679914997493,0.992003363865897,0.6086824603938077,0.7299825832598403,-0.03284072040036723,2.121657227718801,1.6711993464350399,0.7946001488458931,-0.20293052532464056,2.5117429285768202,0.7667173968580971,0.08386453816220019,0.02380482999643372,6,2,180,0,0.16772907632440037,False
session_0039,7,2024-01-01 19:07:00,1.436533945847359,0.8804587686017872,-0.23968679914997493,0.992003363865897,0.6086824603938077,0.8868904209170252,-0.03284072040036723,2.121657227718801,1.6711993464350399,0.7946001488458931,-0.20293052532464056,2.5117429285768202,0.6873092535954565,-0.07940814326264067,0.1589928484997655,7,3,210,4,-0.1,False
session_0039,8,2024-01-01 19:08:00,1.436533945847359,0.9196083723365979,-0.23968679914997493,0.992003363865897,0.6086824603938077,0.8868904209170252,-0.03284072040036723,2.121657227718801,1.6711993464350399,0.7946001488458931,-0.20293052532464056,2.5117429285768202,0.6852482019313614,-0.0020610516640950927,0.4117348592950112,8,3,240,0,0.0,False
session_0039,9,2024-01-01 19:09:00,1.436533945847359,0.9196083723365979,-0.23968679914997493,0.992003363865897,0.6086824603938077,0.8868904209170252,-0.03284072040036723,2.121657227718801,1.5514405175316242,0.7946001488458931,-0.20293052532464056,2.5117429285768202,0.748843927470354,0.06359572553899262,0.057561802992273585,9,4,270,1,0.027191451077985235,False
session_0039,10,2024-01-01 19:10:00,1.436533945847359,0.9196083723365979,-0.23968679914997493,0.992003363865897,0.6086824603938077,0.8521671588207576,-0.03284072040036723,2.121657227718801,1.5514405175316242,0.7946001488458931,-0.20293052532464056,2.5117429285768202,0.6412664776927479,-0.10757744977760608,0.2978149258032825,10,4,300,0,0.0,False
session_0039,11,2024-01-01 19:11:00,1.436533945847359,0.9196083723365979,-0.23968679914997493,0.992003363865897,0.6086824603938077,0.8521671588207576,-0.03284072040036723,2.121657227718801,1.3693054833391602,0.7946001488458931,-0.20293052532464056,2.5117429285768202,0.8279603288477885,0.18669385115504056,0.09024305883145314,11,4,330,0,0.3733877023100811,False
session_0039,12,2024-01-01 19:12:00,1.436533945847359,0.9196083723365979,-0.23968679914997493,0.992003363865897,0.6086824603938077,0.8521671588207576,-0.03284072040036723,2.121657227718801,1.3693054833391602,0.7946001488458931,-0.20293052532464056,2.5117429285768202,0.7691633691974116,-0.0587969596503769,0.278633508708011,12,5,360,1,-0.1,False
session_0039,13,2024-01-01 19:13:00,1.436533945847359,0.9196083723365979,-0.23968679914997493,0.992003363865897,0.6086824603938077,0.8521671588207576,-0.03284072040036723,2.121657227718801,1.3265490468799477,0.7946001488458931,-0.20293052532464056,2.5117429285768202,0.8763406324869127,0.10717726328950117,0.009132457087341228,13,6,390,3,0.11435452657900233,True
session_0040,0,2024-01-01 10:00:00,0.8141409221891434,0.5526931577414176,-0.16046819087779454,0.2017180563735005,1.6512611239713475,0.4258816606438196,-0.07185864966041733,1.3550263445689843,1.7225672351121406,0.3925021375638903,0.15482172675470163,2.951667169511205,0.8839033864153705,0.6517297472304107,0.14955794462933295,0,0,0,0,1.3034594944608213,False
session_0040,1,2024-01-01 10:01:00,0.8141409221891434,0.539817097795928,-0.16046819087779454,0.2017180563735005,1.6512611239713475,0.4258816606438196,-0.07185864966041733,1.3550263445689843,1.7225672351121406,0.3925021375638903,0.15482172675470163,2.951667169511205,0.7986382051248003,-0.08526518129057015,0.23297040110523304,1,0,30,0,0.0,False
session_0040,2,2024-01-01 10:02:00,0.8141409221891434,0.44162611320084766,-0.16046819087779454,0.2017180563735005,1.6512611239713475,0.4258816606438196,-0.07185864966041733,1.3550263445689843,1.7225672351121406,0.3925021375638903,0.15482172675470163,2.951667169511205,0.7852564203764204,-0.013381784748379921,0.3072444662090607,2,1,60,1,-0.1,False
session_0040,3,2024-01-01 10:03:00,0.8141409221891434,0.44162611320084766,-0.16046819087779454,0.2017180563735005,1.6512611239713475,0.4258816606438196,-0.07185864966041733,1.3550263445689843,1.7225672351121406,0.4203354315209407,0.15482172675470163,2.951667169511205,0.7634055705367493,-0.021850849839671116,0.4933588291462889,3,1,90,0,0.0,False
session_0040,4,2024-01-01 10:04:00,0.8141409221891434,0.44162611320084766,-0.16046819087779454,0.2017180563735005,1.5978815300054268,0.4258816606438196,-0.07185864966041733,1.3550263445689843,1.7225672351121406,0.4203354315209407,0.15482172675470163,2.951667169511205,0.8379060495308173,0.07450047899406798,0.03237387212574816,4,1,120,0,0.14900095798813595,False
session_0040,5,2024-01-01 10:05:00,0.8141409221891434,0.48378482870198114,-0.16046819087779454,0.2017180563735005,1.5978815300054268,0.4258816606438196,-0.07185864966041733,1.3550263445689843,1.7225672351121406,0.4203354315209407,0.15482172675470163,2.951667169511205,0.7668327790239646,-0.07107327050685264,0.15484587081751697,5,2,150,5,-0.1,False
session_0040,6,2024-01-01 10:06:00,0.8141409221891434,0.48378482870198114,-0.16046819087779454,0.2017180563735005,1.5987988548236396,0.4258816606438196,-0.07185864966041733,1.3550263445689843,1.7225672351121406,0.4203354315209407,0.15482172675470163,2.951667169511205,0.8379644390898292,0.07113166006586458,0.19625530479865455,6,3,180,1,0.04226332013172915,False
session_0040,7,2024-01-01 10:07:00,0.5644874631896133,0.48378482870198114,-0.16046819087779454,0.2017180563735005,1.5987988548236396,0.4258816606438196,-0.07185864966041733,1.3550263445689843,1.7225672351121406,0.4203354315209407,0.15482172675470163,2.951667169511205,0.7730511393977283,-0.06491329969210091,0.34490017850845783,7,3,210,0,0.0,False
session_0040,8,2024-01-01 10:08:00,0.5644874631896133,0.48378482870198114,-0.16046819087779454,0.2017180563735005,1.5987988548236396,0.4258816606438196,-0.07185864966041733,1.3550263445689843,1.7225672351121406,0.4696622109048506,0.15482172675470163,2.951667169511205,0.8208347551496777,0.04778361575194945,0.18624866569589252,8,3,240,0,0.0955672315038989,False
session_0040,9,2024-01-01 10:09:00,0.5644874631896133,0.48378482870198114,-0.16046819087779454,0.2017180563735005,1.5987988548236396,0.4258816606438196,-0.07185864966041733,1.3550263445689843,1.7225672351121406,0.4696622109048506,0.15482172675470163,2.951667169511205,0.829981419520284,0.009146664370606294,0.2797549807777109,9,4,270,6,-0.08170667125878742,False
session_0040,10,2024-01-01 10:10:00,0.5644874631896133,0.48378482870198114,-0.16046819087779454,0.2017180563735005,1.5987988548236396,0.462472330359864,-0.07185864966041733,1.3550263445689843,1.7225672351121406,0.4696622109048506,0.15482172675470163,2.951667169511205,0.7984707092074578,-0.03151071031282626,0.4408793757954904,10,4,300,0,0.0,False
session_0040,11,2024-01-01 10:11:00,0.6620858682190185,0.48378482870198114,-0.16046819087779454,0.2017180563735005,1.5987988548236396,0.462472330359864,-0.07185864966041733,1.3550263445689843,1.7225672351121406,0.4696622109048506,0.15482172675470163,2.951667169511205,0.833703368846708,0.03523265963925026,0.04882381501711533,11,5,330,4,-0.02953468072149948,False
session_0040,12,2024-01-01 10:12:00,0.6620858682190185,0.48378482870198114,-0.16046819087779454,0.2017180563735005,1.5987988548236396,0.462472330359864,-0.07185864966041733,1.3550263445689843,1.7347371809321677,0.4696622109048506,0.15482172675470163,2.951667169511205,0.9190117212131025,0.08530835236639445,0.0014965992213533232,12,5,360,0,0.1706167047327889,False
session_0040,13,2024-01-01 10:13:00,0.6620858682190185,0.48378482870198114,-0.16046819087779454,0.2017180563735005,1.5987988548236396,0.462472330359864,-0.07185864966041733,1.3550263445689843,1.6902476646173077,0.4696622109048506,0.15482172675470163,2.951667169511205,0.8763352565506758,-0.042676464662426694,0.267629269622814,13,5,390,0,0.0,False
session_0040,14,2024-01-01 10:14:00,0.6620858682190185,0.48378482870198114,-0.16046819087779454,0.2017180563735005,1.5987988548236396,0.336734082861727,-0.07185864966041733,1.3550263445689843,1.6902476646173077,0.4696622109048506,0.15482172675470163,2.951667169511205,0.851338039028763,-0.02499721752191275,0.41262710871702196,14,6,420,4,-0.1,False
session_0040,15,2024-01-01 10:15:00,0.6620858682190185,0.48378482870198114,-0.16046819087779454,0.2017180563735005,1.5987988548236396,0.336734082861727,-0.07185864966041733,1.3550263445689843,1.6902476646173077,0.28530746915897964,0.15482172675470163,2.951667169511205,0.7643023147016219,-0.08703572432714113,0.4671772418875145,15,6,450,0,0.0,False
session_0040,16,2024-01-01 10:16:00,0.6620858682190185,0.48378482870198114,-0.16046819087779454,0.2017180563735005,1.5987988548236396,0.336734082861727,-0.07185864966041733,1.3550263445689843,1.4659649024562644,0.28530746915897964,0.15482172675470163,2.951667169511205,0.7544963698979421,-0.0098059448036798,0.7629751885370746,16,6,480,0,0.0,True
session_0041,0,2024-01-01 11:00:00,1.6975262191397915,0.7746160448092541,0.22517669019050907,0.48247909855706267,1.6650330145239354,0.2887681479828269,0.2480286639372608,1.6269635287719517,1.0045716320850602,0.2942152984005157,-0.29291454709259723,0.7789484474815253,0.7472976625464083,0.4644936498901459,0.19395874155014392,0,0,0,0,0.9289872997802918,False
session_0041,1,2024-01-01 11:01:00,1.654386218161128,0.7746160448092541,0.22517669019050907,0.48247909855706267,1.6650330145239354,0.2887681479828269,0.2480286639372608,1.6269635287719517,1.0045716320850602,0.2942152984005157,-0.29291454709259723,0.7789484474815253,0.8251977376562138,0.07790007510980557,0.0566931100486715,1,0,30,0,0.15580015021961113,False
session_0041,2,2024-01-01 11:02:00,1.654386218161128,0.7541710902988146,0.22517669019050907,0.48247909855706267,1.6650330145239354,0.2887681479828269,0.2480286639372608,1.6269635287719517,1.0045716320850602,0.2942152984005157,-0.29291454709259723,0.7789484474815253,0.7898960943701379,-0.03530164328607599,0.3361188541753808,2,0,60,0,0.0,False
session_0041,3,2024-01-01 11:03:00,1.654386218161128,0.7541710902988146,0.22517669019050907,0.48247909855706267,1.6650330145239354,0.2887681479828269,0.2480286639372608,1.6269635287719517,1.0045716320850602,0.2942152984005157,-0.29291454709259723,0.7789484474815253,0.815030943558288,0.02513484918815012,0.1420001882445091,3,1,90,2,-0.04973030162369976,False
session_0041,4,2024-01-01 11:04:00,1.654386218161128,0.7541710902988146,0.22517669019050907,0.48247909855706267,1.6650330145239354,0.1,0.2480286639372608,1.6269635287719517,1.0045716320850602,0.2942152984005157,-0.29291454709259723,0.7789484474815253,0.7773901197630385,-0.03764082379524947,0.16990192857309144,4,2,120,1,-0.1,False
session_0041,5,2024-01-01 11:05:00,1.654386218161128,0.6521950717606682,0.22517669019050907,0.48247909855706267,1.6650330145239354,0.1,0.2480286639372608,1.6269635287719517,1.0045716320850602,0.2942152984005157,-0.29291454709259723,0.7789484474815253,0.8204258937348158,0.04303577397177727,0.10977751780131342,5,2,150,0,0.08607154794355454,False
session_0041,6,2024-01-01 11:06:00,1.5577178534287206,0.6521950717606682,0.22517669019050907,0.48247909855706267,1.6650330145239354,0.1,0.2480286639372608,1.6269635287719517,1.0045716320850602,0.2942152984005157,-0.29291454709259723,0.7789484474815253,0.8294128744163484,0.008986980681532586,0.2597909065388992,6,2,180,0,0.017973961363065172,False
session_0041,7,2024-01-01 11:07:00,1.5577178534287206,0.6521950717606682,0.22517669019050907,0.48247909855706267,1.6650330145239354,0.1,0.2480286639372608,1.6269635287719517,0.9889896603875742,0.2942152984005157,-0.29291454709259723,0.7789484474815253,0.8264107010741935,-0.0030021733421549124,0.3196159654181865,7,3,210,3,-0.1,False
session_0041,8,2024-01-01 11:08:00,1.5577178534287206,0.5766731298189661,0.22517669019050907,0.48247909855706267,1.6650330145239354,0.1,0.2480286639372608,1.6269635287719517,0.9889896603875742,0.2942152984005157,-0.29291454709259723,0.7789484474815253,0.6572785484162503,-0.16913215265794312,0.5991350001320599,8,3,240,0,0.0,False
session_0041,9,2024-01-01 11:09:00,1.5577178534287206,0.5766731298189661,0.22517669019050907,0.48247909855706267,1.6650330145239354,0.1,0.2480286639372608,1.6269635287719517,0.9889896603875742,0.2942152984005157,-0.29291454709259723,0.7789484474815253,0.7567189736174686,0.09944042520121832,0.02215006367928032,9,3,270,0,0.19888085040243664,False
session_0041,10,2024-01-01 11:10:00,1.5577178534287206,0.5766731298189661,0.22517669019050907,0.48247909855706267,1.6650330145239354,0.1,0.2480286639372608,1.6269635287719517,0.9889896603875742,0.2942152984005157,-0.29291454709259723,0.7789484474815253,0.7795850499775256,0.022866076360056997,0.1778603701534427,10,4,300,3,-0.05426784727988601,True
session_0042,0,2024-01-01 12:00:00,1.922221526772251,0.2549359006223414,-0.10430241479786037,0.7372446651754179,1.089875201601,0.6453995929123679,-0.015454451144768067,1.7930030793662155,0.9712323321175136,0.28477356025226036,-0.13983981063736287,2.7007653188176866,0.8016634131797752,0.5811800207490931,0.15798119634711752,0,0,0,0,1.1623600414981863,False
session_0042,1,2024-01-01 12:01:00,1.922221526772251,0.2549359006223414,-0.10430241479786037,0.7372446651754179,1.089875201601,0.6453995929123679,-0.015454451144768067,1.7930030793662155,0.8912348654132963,0.28477356025226036,-0.13983981063736287,2.7007653188176866,0.7609546065920179,-0.04070880658775733,0.27355718727771083,1,0,30,0,0.0,False
session_0042,2,2024-01-01 12:02:00,1.922221526772251,0.2549359006223414,-0.10430241479786037,0.7372446651754179,1.089875201601,0.6453995929123679,-0.015454451144768067,1.7930030793662155,0.8912348654132963,0.2794432733531449,-0.13983981063736287,2.7007653188176866,0.7926985995706458,0.031743992978627955,0.18485607673581217,2,1,60,3,-0.036512014042744095,False
session_0042,3,2024-01-01 12:03:00,1.922221526772251,0.2549359006223414,-0.10430241479786037,0.7372446651754179,1.050662276155241,0.6453995929123679,-0.015454451144768067,1.7930030793662155,0.8912348654132963,0.2794432733531449,-0.13983981063736287,2.7007653188176866,0.7840622778461022,-0.00863632172454365,0.33373292301225904,3,1,90,0,0.0,False
session_0042,4,2024-01-01 12:04:00,1.922221526772251,0.2549359006223414,-0.10430241479786037,0.7372446651754179,1.050662276155241,0.6453995929123679,-0.015454451144768067,1.7930030793662155,0.8912348654132963,0.2794432733531449,-0.13983981063736287,2.7007653188176866,0.8675761062239244,0.08351382837782229,0.1296896341175293,4,2,120,3,0.06702765675564457,False
session_0042,5,2024-01-01 12:05:00,1.922221526772251,0.2549359006223414,-0.10430241479786037,0.7372446651754179,1.050662276155241,0.5783387041321882,-0.015454451144768067,1.7930030793662155,0.8912348654132963,0.2794432733531449,-0.13983981063736287,2.7007653188176866,0.8109003654955856,-0.05667574072833881,0.19311414206604366,5,2,150,0,0.0,False
session_0042,6,2024-01-01 12:06:00,1.922221526772251,0.2549359006223414,-0.10430241479786037,0.7372446651754179,1.050662276155241,0.5783387041321882,-0.015454451144768067,1.7930030793662155,1.053974999359765,0.2794432733531449,-0.13983981063736287,2.7007653188176866,0.8136955344855173,0.0027951689899317067,0.3747843680586447,6,2,180,0,0.005590337979863413,False
session_0042,7,2024-01-01 12:07:00,1.922221526772251,0.2549359006223414,-0.10430241479786037,0.7372446651754179,0.9901596336707894,0.5783387041321882,-0.015454451144768067,1.7930030793662155,1.053974999359765,0.2794432733531449,-0.13983981063736287,2.7007653188176866,0.8515697597332199,0.037874225247702564,0.0032514219785436897,7,3,210,6,-0.024251549504594877,False
session_0042,8,2024-01-01 12:08:00,1.922221526772251,0.2549359006223414,-0.10430241479786037,0.7372446651754179,0.9901596336707894,0.5783387041321882,-0.015454451144768067,1.7930030793662155,1.1571288271274323,0.2794432733531449,-0.13983981063736287,2.7007653188176866,0.7435211222420961,-0.10804863749112381,0.33136145072111006,8,3,240,0,0.0,False
session_0042,9,2024-01-01 12:09:00,1.922221526772251,0.2549359006223414,-0.10430241479786037,0.7372446651754179,0.9901596336707894,0.5783387041321882,-0.015454451144768067,1.7930030793662155,1.2631615476054017,0.2794432733531449,-0.13983981063736287,2.7007653188176866,0.8053638986156404,0.061842776373544295,0.04439045028941344,9,3,270,0,0.12368555274708859,False
session_0042,10,2024-01-01 12:10:00,1.922221526772251,0.2727355260809408,-0.10430241479786037,0.7372446651754179,0.9901596336707894,0.5783387041321882,-0.015454451144768067,1.7930030793662155,1.2631615476054017,0.2794432733531449,-0.13983981063736287,2.7007653188176866,0.8709160378737687,0.0655521392581283,0.04105197009304045,10,3,300,0,0.1311042785162566,False
session_0042,11,2024-01-01 12:11:00,1.922221526772251,0.2727355260809408,-0.10430241479786037,0.7372446651754179,0.9901596336707894,0.5783387041321882,-0.015454451144768067,1.7930030793662155,0.9564523081546785,0.2794432733531449,-0.13983981063736287,2.7007653188176866,0.7422454658271509,-0.1286705720466178,0.2430999994338115,11,3,330,0,0.0,False
session_0042,12,2024-01-01 12:12:00,1.922221526772251,0.27405919336110784,-0.10430241479786037,0.7372446651754179,0.9901596336707894,0.5783387041321882,-0.015454451144768067,1.7930030793662155,0.9564523081546785,0.2794432733531449,-0.13983981063736287,2.7007653188176866,0.8405002739066396,0.09825480807948872,0.03908391768212449,12,4,360,5,0.09650961615897743,False
session_0042,13,2024-01-01 12:13:00,1.922221526772251,0.27405919336110784,-0.10430241479786037,0.7372446651754179,1.003807421413959,0.5783387041321882,-0.015454451144768067,1.7930030793662155,0.9564523081546785,0.2794432733531449,-0.13983981063736287,2.7007653188176866,0.8336713437987838,-0.006828930107855791,0.2162948647318248,13,5,390,1,-0.1,False
session_0042,14,2024-01-01 12:14:00,1.922221526772251,0.27405919336110784,-0.10430241479786037,0.7372446651754179,1.003807421413959,0.6874970660699354,-0.015454451144768067,1.7930030793662155,0.9564523081546785,0.2794432733531449,-0.13983981063736287,2.7007653188176866,0.8130455577337504,-0.020625786065033402,0.3603586679921187,14,5,420,0,0.0,False
session_0042,15,2024-01-01 12:15:00,1.922221526772251,0.27405919336110784,-0.10430241479786037,0.7372446651754179,1.003807421413959,0.6874970660699354,-0.015454451144768067,1.7930030793662155,0.9564523081546785,0.2794432733531449,-0.13983981063736287,2.7007653188176866,0.7851047007542968,-0.027940856979453588,0.540259783668661,15,6,450,1,-0.1,False
session_0042,16,2024-01-01 12:16:00,1.8729968178957124,0.27405919336110784,-0.10430241479786037,0.7372446651754179,1.003807421413959,0.6874970660699354,-0.015454451144768067,1.7930030793662155,0.9564523081546785,0.2794432733531449,-0.13983981063736287,2.7007653188176866,0.8036696161277366,0.01856491537343974,0.05456719533529147,16,6,480,0,0.03712983074687948,False
session_0042,17,2024-01-01 12:17:00,2.0063442949564094,0.27405919336110784,-0.10430241479786037,0.7372446651754179,1.003807421413959,0.6874970660699354,-0.015454451144768067,1.7930030793662155,0.9564523081546785,0.2794432733531449,-0.13983981063736287,2.7007653188176866,0.8300852897764884,0.02641567364875186,0.03860150723175326,17,6,510,0,0.05283134729750372,False
session_0042,18,2024-01-01 12:18:00,2.0063442949564094,0.27405919336110784,-0.10430241479786037,0.7372446651754179,0.9361311178280468,0.6874970660699354,-0.015454451144768067,1.7930030793662155,0.9564523081546785,0.2794432733531449,-0.13983981063736287,2.7007653188176866,0.7514401334906295,-0.07864515628585889,0.3302210626301354,18,6,540,0,0.0,True
session_0043,0,2024-01-01 13:00:00,1.764587361448627,0.23409060703998885,0.16614423297409825,1.1829313167457514,0.9550064490232979,0.3038143528059782,0.29760945306151626,0.2000050645052996,1.7405120219119992,0.5836966612943166,0.14104826655712027,2.2359252753804015,0.7402631311601433,0.4685762341455068,0.00016492336693707532,0,0,0,0,0.9371524682910136,False
session_0043,1,2024-01-01 13:01:00,1.764587361448627,0.23409060703998885,0.16614423297409825,1.1829313167457514,0.9550064490232979,0.3038143528059782,0.29760945306151626,0.2000050645052996,1.7929135007928618,0.5836966612943166,0.14104826655712027,2.2359252753804015,0.7224416547140264,-0.01782147644611687,0.16404667417734065,1,0,30,0,0.0,False
session_0043,2,2024-01-01 13:02:00,1.764587361448627,0.23409060703998885,0.16614423297409825,1.1829313167457514,0.9550064490232979,0.3038143528059782,0.29760945306151626,0.2000050645052996,1.7929135007928618,0.5836966612943166,0.14104826655712027,2.2359252753804015,0.8148481047446735,0.09240645003064707,0.196446139494717,2,1,60,6,0.08481290006129413,False
session_0043,3,2024-01-01 13:03:00,1.764587361448627,0.2417946066474323,0.16614423297409825,1.1829313167457514,0.9550064490232979,0.3038143528059782,0.29760945306151626,0.2000050645052996,1.7929135007928618,0.5836966612943166,0.14104826655712027,2.2359252753804015,0.8409454184765375,0.02609731373186397,0.13812941462103073,3,1,90,0,0.05219462746372794,False
session_0043,4,2024-01-01 13:04:00,1.764587361448627,0.2417946066474323,0.16614423297409825,1.1829313167457514,0.9550064490232979,0.3038143528059782,0.29760945306151626,0.2000050645052996,2.066844902828882,0.5836966612943166,0.14104826655712027,2.2359252753804015,0.8180682037380296,-0.0228772147385079,0.2843969075315883,4,2,120,2,-0.1,False
session_0043,5,2024-01-01 13:05:00,1.764587361448627,0.2417946066474323,0.16614423297409825,1.1829313167457514,0.9550064490232979,0.3629464256912266,0.29760945306151626,0.2000050645052996,2.066844902828882,0.5836966612943166,0.14104826655712027,2.2359252753804015,0.7097132476608191,-0.10835495607721046,0.3080363145256941,5,3,150,4,-0.1,False
session_0043,6,2024-01-01 13:06:00,1.764587361448627,0.2417946066474323,0.16614423297409825,1.1829313167457514,0.9550064490232979,0.3629464256912266,0.29760945306151626,0.2000050645052996,2.0597733436564356,0.5836966612943166,0.14104826655712027,2.2359252753804015,0.7634541440966481,0.05374089643582902,0.18740300017525274,6,3,180,0,0.10748179287165804,False
session_0043,7,2024-01-01 13:07:00,1.764587361448627,0.2417946066474323,0.16614423297409825,1.1829313167457514,0.9143577477912889,0.3629464256912266,0.29760945306151626,0.2000050645052996,2.0597733436564356,0.5836966612943166,0.14104826655712027,2.2359252753804015,0.8179304807501586,0.05447633665351048,0.14540218119227108,7,4,210,4,0.008952673307020959,False
session_0043,8,2024-01-01 13:08:00,1.8076809756040815,0.2417946066474323,0.16614423297409825,1.1829313167457514,0.9143577477912889,0.3629464256912266,0.29760945306151626,0.2000050645052996,2.0597733436564356,0.5836966612943166,0.14104826655712027,2.2359252753804015,0.7195094559993858,-0.09842102475077286,0.1553711553852856,8,4,240,0,0.0,False
session_0043,9,2024-01-01 13:09:00,1.8076809756040815,0.2751495078110528,0.16614423297409825,1.1829313167457514,0.9143577477912889,0.3629464256912266,0.29760945306151626,0.2000050645052996,2.0597733436564356,0.5836966612943166,0.14104826655712027,2.2359252753804015,0.7671258990135088,0.047616443014123044,0.11100204918798107,9,4,270,0,0.09523288602824609,False
session_0043,10,2024-01-01 13:10:00,1.8076809756040815,0.2751495078110528,0.16614423297409825,1.1829313167457514,0.9143577477912889,0.3565439612571051,0.29760945306151626,0.2000050645052996,2.0597733436564356,0.5836966612943166,0.14104826655712027,2.2359252753804015,0.7775344337802734,0.010408534766764621,0.18333605689987345,10,5,300,1,-0.07918293046647076,False
session_0043,11,2024-01-01 13:11:00,1.8076809756040815,0.2751495078110528,0.16614423297409825,1.1829313167457514,0.9143577477912889,0.2560917470462746,0.29760945306151626,0.2000050645052996,2.0597733436564356,0.5836966612943166,0.14104826655712027,2.2359252753804015,0.7444136368371712,-0.033120796943102215,0.16251422316923186,11,5,330,0,0.0,False
session_0043,12,2024-01-01 13:12:00,1.8076809756040815,0.2751495078110528,0.16614423297409825,1.1829313167457514,0.9143577477912889,0.3626602645182794,0.29760945306151626,0.2000050645052996,2.0597733436564356,0.5836966612943166,0.14104826655712027,2.2359252753804015,0.7846790022196963,0.04026536538252512,0.11804265486892494,12,5,360,0,0.08053073076505024,True
session_0044,0,2024-01-01 14:00:00,1.0322028787063984,0.20779600920307775,-0.13164682768035038,1.0386122721620108,0.9113683028271544,0.6871220919125514,0.15595583855645417,2.185141148933819,0.708507617768398,0.6847003458237693,0.10630557699799426,0.6121006444923721,0.7751919291833442,0.545573143127041,0.08787001237124502,0,0,0,0,1.091146286254082,False
session_0044,1,2024-01-01 14:01:00,1.0322028787063984,0.20779600920307775,-0.13164682768035038,1.0386122721620108,0.8764572298405258,0.6871220919125514,0.15595583855645417,2.185141148933819,0.708507617768398,0.6847003458237693,0.10630557699799426,0.6121006444923721,0.7995344163777351,0.024342487194390916,0.19082165581400154,1,0,30,0,0.04868497438878183,False
session_0044,2,2024-01-01 14:02:00,1.0322028787063984,0.20779600920307775,-0.13164682768035038,1.0386122721620108,0.8764572298405258,0.6871220919125514,0.15595583855645417,2.185141148933819,0.7255296399434753,0.6847003458237693,0.10630557699799426,0.6121006444923721,0.7600120373635246,-0.03952237901421052,0.33383197978666235,2,0,60,0,0.0,False
session_0044,3,2024-01-01 14:03:00,1.0322028787063984,0.20779600920307775,-0.13164682768035038,1.0386122721620108,0.8764572298405258,0.6871220919125514,0.15595583855645417,2.185141148933819,0.7255296399434753,0.753561515921658,0.10630557699799426,0.6121006444923721,0.8423191035532767,0.08230706618975203,0.17588468178233174,3,0,90,0,0.16461413237950406,False
session_0044,4,2024-01-01 14:04:00,1.0322028787063984,0.20779600920307775,-0.13164682768035038,1.0386122721620108,0.8764572298405258,0.6871220919125514,0.15595583855645417,2.185141148933819,0.7255296399434753,0.753561515921658,0.10630557699799426,0.6121006444923721,0.836640210956638,-0.005678892596638674,0.2041840786772625,4,0,120,0,0.0,False
session_0044,5,2024-01-01 14:05:00,1.0322028787063984,0.20779600920307775,-0.13164682768035038,1.0386122721620108,0.8764572298405258,0.5884165764588627,0.15595583855645417,2.185141148933819,0.7255296399434753,0.753561515921658,0.10630557699799426,0.6121006444923721,0.7333896736028712,-0.10325053735376677,0.361749697700601,5,0,150,0,0.0,False
session_0044,6,2024-01-01 14:06:00,0.9340929419595769,0.20779600920307775,-0.13164682768035038,1.0386122721620108,0.8764572298405258,0.5884165764588627,0.15595583855645417,2.185141148933819,0.7255296399434753,0.753561515921658,0.10630557699799426,0.6121006444923721,0.7623188844006994,0.028929210797828175,0.0954165732494753,6,0,180,0,0.05785842159565635,False
session_0044,7,2024-01-01 14:07:00,0.8108176474984439,0.20779600920307775,-0.13164682768035038,1.0386122721620108,0.8764572298405258,0.5884165764588627,0.15595583855645417,2.185141148933819,0.7255296399434753,0.753561515921658,0.10630557699799426,0.6121006444923721,0.7271234222639535,-0.03519546213674585,0.17803594844066634,7,1,210,5,-0.1,False
session_0044,8,2024-01-01 14:08:00,0.8108176474984439,0.20779600920307775,-0.13164682768035038,1.0386122721620108,0.8764572298405258,0.5884165764588627,0.15595583855645417,2.185141148933819,0.5953516662021243,0.753561515921658,0.10630557699799426,0.6121006444923721,0.762813053956966,0.035689631693012425,0.14198527562851637,8,2,240,2,-0.028620736613975156,False
session_0044,9,2024-01-01 14:09:00,0.8108176474984439,0.20779600920307775,-0.13164682768035038,1.0386122721620108,0.8764572298405258,0.7629409486048337,0.15595583855645417,2.185141148933819,0.5953516662021243,0.753561515921658,0.10630557699799426,0.6121006444923721,0.73164658210702,-0.03116647184994592,0.21476540049268317,9,2,270,0,0.0,True
session_0045,0,2024-01-01 15:00:00,0.6413447966691503,0.31443629439363086,0.08323854773842848,1.97441756440464,1.131582369493568,0.25410318589369474,-0.039975650124355,1.1081806980214874,1.5806887292839247,0.5474159649194311,-0.005060539597800617,1.529899332199233,0.8316609400731929,0.5384015626211092,0.09939591209202557,0,0,0,0,1.0768031252422183,False
session_0045,1,2024-01-01 15:01:00,0.5041583549200477,0.31443629439363086,0.08323854773842848,1.97441756440464,1.131582369493568,0.25410318589369474,-0.039975650124355,1.1081806980214874,1.5806887292839247,0.5474159649194311,-0.005060539597800617,1.529899332199233,0.8105363926197195,-0.021124547453473363,0.3498817850775343,1,1,30,2,-0.1,False
session_0045,2,2024-01-01 15:02:00,0.5041583549200477,0.31443629439363086,0.08323854773842848,1.97441756440464,0.9863066148173534,0.25410318589369474,-0.039975650124355,1.1081806980214874,1.5806887292839247,0.5474159649194311,-0.005060539597800617,1.529899332199233,0.7767022703365125,-0.033834122283207035,0.4199237799025738,2,1,60,0,0.0,False
session_0045,3,2024-01-01 15:03:00,0.5041583549200477,0.31443629439363086,0.08323854773842848,1.97441756440464,0.9863066148173534,0.25410318589369474,-0.039975650124355,1.1081806980214874,1.5806887292839247,0.5474159649194311,-0.005060539597800617,1.529899332199233,0.774909613273082,-0.0017926570634304584,0.5592108133496159,3,2,90,1,-0.1,False
session_0045,4,2024-01-01 15:04:00,0.5782865316185498,0.31443629439363086,0.08323854773842848,1.97441756440464,0.9863066148173534,0.25410318589369474,-0.039975650124355,1.1081806980214874,1.5806887292839247,0.5474159649194311,-0.005060539597800617,1.529899332199233,0.8520169491310758,0.07710733585799379,0.1474920890383631,4,2,120,0,0.15421467171598757,True
session_0046,0,2024-01-01 16:00:00,1.561521365120115,0.6808093588531634,0.06258438227935276,2.6605337750173783,1.1097533056506654,0.709263251036286,0.0038839862990275864,0.7006886612045573,1.916218469990699,0.36498252430226996,-0.2842791094873241,0.7623829905644465,0.7606095930067484,0.5872720807552628,0.10493350188871434,0,1,0,4,1.0745441615105256,False
session_0046,1,2024-01-01 16:01:00,1.561521365120115,0.6808093588531634,0.06258438227935276,2.6605337750173783,0.9459259565876217,0.709263251036286,0.0038839862990275864,0.7006886612045573,1.916218469990699,0.36498252430226996,-0.2842791094873241,0.7623829905644465,0.8686506231829784,0.10804103017623001,0.1643546118746401,1,1,30,0,0.21608206035246003,False
session_0046,2,2024-01-01 16:02:00,1.561521365120115,0.6808093588531634,0.06258438227935276,2.6605337750173783,0.9459259565876217,0.7073167910120439,0.0038839862990275864,0.7006886612045573,1.916218469990699,0.36498252430226996,-0.2842791094873241,0.7623829905644465,0.7474221881927209,-0.12122843499025748,0.2679249705810633,2,2,60,3,-0.1,False
session_0046,3,2024-01-01 16:03:00,1.561521365120115,0.6808093588531634,0.06258438227935276,2.6605337750173783,0.9459259565876217,0.7073167910120439,0.0038839862990275864,0.7006886612045573,1.8984707212813403,0.36498252430226996,-0.2842791094873241,0.7623829905644465,0.7712621994447225,0.023840011252001636,0.023219861580311307,3,2,90,0,0.04768002250400327,False
session_0046,4,2024-01-01 16:04:00,1.561521365120115,0.6424935913723782,0.06258438227935276,2.6605337750173783,0.9459259565876217,0.7073167910120439,0.0038839862990275864,0.7006886612045573,1.8984707212813403,0.36498252430226996,-0.2842791094873241,0.7623829905644465,0.7758832054918057,0.004621006047083154,0.24612182969855753,4,3,120,1,-0.0907579879058337,False
session_0046,5,2024-01-01 16:05:00,1.561521365120115,0.8381706459397108,0.06258438227935276,2.6605337750173783,0.9459259565876217,0.7073167910120439,0.0038839862990275864,0.7006886612045573,1.8984707212813403,0.36498252430226996,-0.2842791094873241,0.7623829905644465,0.729491859096138,-0.046391346395667665,0.41702956432826066,5,3,150,0,0.0,False
session_0046,6,2024-01-01 16:06:00,1.561521365120115,0.8381706459397108,0.06258438227935276,2.6605337750173783,0.9459259565876217,0.7073167910120439,0.0038839862990275864,0.7006886612045573,1.7956202971872133,0.36498252430226996,-0.2842791094873241,0.7623829905644465,0.7659455118767909,0.036453652780652934,0.027010160935954944,6,3,180,0,0.07290730556130587,False
session_0046,7,2024-01-01 16:07:00,1.561521365120115,0.8381706459397108,0.06258438227935276,2.6605337750173783,0.9459259565876217,0.7073167910120439,0.0038839862990275864,0.7006886612045573,1.7956202971872133,0.36498252430226996,-0.2842791094873241,0.7623829905644465,0.7476529983474033,-0.018292513529387655,0.32103278929684276,7,3,210,0,0.0,False
session_0046,8,2024-01-01 16:08:00,1.561521365120115,0.7940324147031158,0.06258438227935276,2.6605337750173783,0.9459259565876217,0.7073167910120439,0.0038839862990275864,0.7006886612045573,1.7956202971872133,0.36498252430226996,-0.2842791094873241,0.7623829905644465,0.7910004670043591,0.04334746865695582,0.1830793874179264,8,3,240,0,0.08669493731391165,False
session_0046,9,2024-01-01 16:09:00,1.561521365120115,0.7940324147031158,0.06258438227935276,2.6605337750173783,0.9459259565876217,0.7073167910120439,0.0038839862990275864,0.7006886612045573,1.7956202971872133,0.36498252430226996,-0.2842791094873241,0.7623829905644465,0.8322229247068879,0.04122245770252875,0.1732551546831945,9,4,270,5,-0.01755508459494251,False
session_0046,10,2024-01-01 16:10:00,1.561521365120115,0.7940324147031158,0.06258438227935276,2.6605337750173783,0.9459259565876217,0.812919052160292,0.0038839862990275864,0.7006886612045573,1.7956202971872133,0.36498252430226996,-0.2842791094873241,0.7623829905644465,0.717134789164446,-0.1150881355424419,0.259795613305892,10,5,300,5,-0.1,False
session_0046,11,2024-01-01 16:11:00,1.561521365120115,0.7940324147031158,0.06258438227935276,2.6605337750173783,0.9459259565876217,0.7955015959381722,0.0038839862990275864,0.7006886612045573,1.7956202971872133,0.36498252430226996,-0.2842791094873241,0.7623829905644465,0.7771068777508917,0.05997208858644576,0.1397267137373359,11,6,330,6,0.019944177172891514,False
session_0046,12,2024-01-01 16:12:00,1.561521365120115,0.7940324147031158,0.06258438227935276,2.6605337750173783,0.9378399064355594,0.7955015959381722,0.0038839862990275864,0.7006886612045573,1.7956202971872133,0.36498252430226996,-0.2842791094873241,0.7623829905644465,0.8261508380446299,0.04904396029373814,0.01495630684546987,12,6,360,0,0.09808792058747628,False
session_0046,13,2024-01-01 16:13:00,1.561521365120115,0.7940324147031158,0.06258438227935276,2.6605337750173783,0.9378399064355594,0.7955015959381722,0.0038839862990275864,0.7006886612045573,1.8204476164897276,0.36498252430226996,-0.2842791094873241,0.7623829905644465,0.8124094442787075,-0.013741393765922316,0.25468476956897845,13,7,390,4,-0.1,False
session_0046,14,2024-01-01 16:14:00,1.5679350453579304,0.7940324147031158,0.06258438227935276,2.6605337750173783,0.9378399064355594,0.7955015959381722,0.0038839862990275864,0.7006886612045573,1.8204476164897276,0.36498252430226996,-0.2842791094873241,0.7623829905644465,0.7325704170989095,-0.07983902717979807,0.40317977924888426,14,7,420,0,0.0,False
session_0046,15,2024-01-01 16:15:00,1.5679350453579304,0.7940324147031158,0.06258438227935276,2.6605337750173783,0.9378399064355594,0.7955015959381722,0.0038839862990275864,0.7006886612045573,1.7806992829967845,0.36498252430226996,-0.2842791094873241,0.7623829905644465,0.7730481175116893,0.04047770041277987,0.10223459250014462,15,7,450,0,0.08095540082555974,False
session_0046,16,2024-01-01 16:16:00,1.5139871860054988,0.7940324147031158,0.06258438227935276,2.6605337750173783,0.9378399064355594,0.7955015959381722,0.0038839862990275864,0.7006886612045573,1.7806992829967845,0.36498252430226996,-0.2842791094873241,0.7623829905644465,0.7582241312506411,-0.014823986261048194,0.16146059090810522,16,8,480,4,-0.1,False
session_0046,17,2024-01-01 16:17:00,1.5139871860054988,0.7940324147031158,0.06258438227935276,2.6605337750173783,0.9378399064355594,0.8737144198476462,0.0038839862990275864,0.7006886612045573,1.7806992829967845,0.36498252430226996,-0.2842791094873241,0.7623829905644465,0.6904875092126115,-0.06773662203802966,0.4318008131940644,17,8,510,0,0.0,False
session_0046,18,2024-01-01 16:18:00,1.5139871860054988,0.7940324147031158,0.06258438227935276,2.6605337750173783,0.8461350117894832,0.8737144198476462,0.0038839862990275864,0.7006886612045573,1.7806992829967845,0.36498252430226996,-0.2842791094873241,0.7623829905644465,0.7579773621189833,0.06748985290637177,0.18485795188192172,18,9,540,3,0.03497970581274354,False
session_0046,19,2024-01-01 16:19:00,1.5139871860054988,0.7940324147031158,0.06258438227935276,2.6605337750173783,0.8461350117894832,0.8334285115170066,0.0038839862990275864,0.7006886612045573,1.7806992829967845,0.36498252430226996,-0.2842791094873241,0.7623829905644465,0.6255822099873751,-0.13239515213160813,0.1995803379662366,19,9,570,0,0.0,True
session_0047,0,2024-01-01 17:00:00,0.5106280312549221,0.5577436457287599,-0.14157977863463156,0.5901750349161707,0.5606478970895056,0.4186169458853668,0.2273813234318744,1.0576825358260475,1.5186113151793905,0.6539281780411444,-0.10313951448588024,2.5812604970039468,0.7621138826792121,0.5237379507458223,0.00019849281012578325,0,0,0,0,1.0474759014916446,False
session_0047,1,2024-01-01 17:01:00,0.5106280312549221,0.5577436457287599,-0.14157977863463156,0.5901750349161707,0.5606478970895056,0.4186169458853668,0.2273813234318744,1.0576825358260475,1.5186113151793905,0.6539281780411444,-0.10313951448588024,2.5812604970039468,0.7773471836732389,0.015233300994026755,0.18751305175458943,1,1,30,4,-0.0695333980119465,False
session_0047,2,2024-01-01 17:02:00,0.5106280312549221,0.5690366375445876,-0.14157977863463156,0.5901750349161707,0.5606478970895056,0.4186169458853668,0.2273813234318744,1.0576825358260475,1.5186113151793905,0.6539281780411444,-0.10313951448588024,2.5812604970039468,0.8835332374611053,0.1061860537878665,0.15791164080013115,2,1,60,0,0.212372107575733,False
session_0047,3,2024-01-01 17:03:00,0.5106280312549221,0.5690366375445876,-0.14157977863463156,0.5901750349161707,0.5606478970895056,0.4186169458853668,0.2273813234318744,1.0576825358260475,1.5174401672193498,0.6539281780411444,-0.10313951448588024,2.5812604970039468,0.7122685368402408,-0.17126470062086452,0.21025123788925276,3,1,90,0,0.0,False
session_0047,4,2024-01-01 17:04:00,0.5106280312549221,0.5690366375445876,-0.14157977863463156,0.5901750349161707,0.5606478970895056,0.4186169458853668,0.2273813234318744,1.0576825358260475,1.5174401672193498,0.6539281780411444,-0.10313951448588024,2.5812604970039468,0.7499474535739237,0.03767891673368284,0.08942511004876741,4,1,120,0,0.07535783346736569,False
session_0047,5,2024-01-01 17:05:00,0.5106280312549221,0.5690366375445876,-0.14157977863463156,0.5901750349161707,0.5606478970895056,0.4186169458853668,0.2273813234318744,1.0576825358260475,1.3818582737822185,0.6539281780411444,-0.10313951448588024,2.5812604970039468,0.7103774518955394,-0.039570001678384314,0.33181020395965677,5,2,150,5,-0.1,False
session_0047,6,2024-01-01 17:06:00,0.5106280312549221,0.5690366375445876,-0.14157977863463156,0.5901750349161707,0.6431416860509158,0.4186169458853668,0.2273813234318744,1.0576825358260475,1.3818582737822185,0.6539281780411444,-0.10313951448588024,2.5812604970039468,0.7758866098127414,0.06550915791720202,0.1410480117583676,6,3,180,3,0.031018315834404037,False
session_0047,7,2024-01-01 17:07:00,0.5106280312549221,0.5690366375445876,-0.14157977863463156,0.5901750349161707,0.6431416860509158,0.4186169458853668,0.2273813234318744,1.0576825358260475,1.3818582737822185,0.7603774578868259,-0.10313951448588024,2.5812604970039468,0.8791276333486173,0.10324102353587594,0.041729066511199675,7,3,210,0,0.20648204707175188,False
session_0047,8,2024-01-01 17:08:00,0.5106280312549221,0.5690366375445876,-0.14157977863463156,0.5901750349161707,0.6431416860509158,0.4186169458853668,0.2273813234318744,1.0576825358260475,1.3818582737822185,0.6506182705607154,-0.10313951448588024,2.5812604970039468,0.7109130972171975,-0.1682145361314198,0.17582726633964066,8,4,240,3,-0.1,False
session_0047,9,2024-01-01 17:09:00,0.5106280312549221,0.5755898956275927,-0.14157977863463156,0.5901750349161707,0.6431416860509158,0.4186169458853668,0.2273813234318744,1.0576825358260475,1.3818582737822185,0.6506182705607154,-0.10313951448588024,2.5812604970039468,0.8168090296823112,0.10589593246511364,0.17084050133899842,9,4,270,0,0.21179186493022728,False
session_0047,10,2024-01-01 17:10:00,0.5106280312549221,0.5755898956275927,-0.14157977863463156,0.5901750349161707,0.6431416860509158,0.4186169458853668,0.2273813234318744,1.0576825358260475,1.3830573782145406,0.6506182705607154,-0.10313951448588024,2.5812604970039468,0.8641481601760477,0.0473391304937365,0.11342187309775847,10,4,300,0,0.094678260987473,False
session_0047,11,2024-01-01 17:11:00,0.5106280312549221,0.5755898956275927,-0.14157977863463156,0.5901750349161707,0.6431416860509158,0.4186169458853668,0.2273813234318744,1.0576825358260475,1.3830573782145406,0.6506182705607154,-0.10313951448588024,2.5812604970039468,0.8299740135055722,-0.03417414667047547,0.2056148079440046,11,5,330,5,-0.1,True
session_0048,0,2024-01-01 18:00:00,1.9568919744033026,0.7513458336860541,0.15322292473518456,1.9145788269519397,0.7582559955243864,0.5260108504542547,0.15922591343659637,1.6363210233590648,1.8023586926084867,0.265793539515019,-0.07143579117081955,1.5895341004316645,0.7984663757326055,0.6120013165587839,0.030705658808926107,0,1,0,3,1.1240026331175677,False
session_0048,1,2024-01-01 18:01:00,1.9568919744033026,0.7513458336860541,0.15322292473518456,1.9145788269519397,0.7582559955243864,0.5260108504542547,0.15922591343659637,1.6363210233590648,1.8023586926084867,0.3147231826982672,-0.07143579117081955,1.5895341004316645,0.7486177559125269,-0.0498486198200786,0.2446950803988653,1,1,30,0,0.0,False
session_0048,2,2024-01-01 18:02:00,1.9568919744033026,0.7513458336860541,0.15322292473518456,1.9145788269519397,0.7582559955243864,0.5260108504542547,0.15922591343659637,1.6363210233590648,1.8023586926084867,0.3147231826982672,-0.07143579117081955,1.5895341004316645,0.786566776274943,0.0379490203624161,0.04565934169142112,2,1,60,0,0.0758980407248322,False
session_0048,3,2024-01-01 18:03:00,1.9097339781848333,0.7513458336860541,0.15322292473518456,1.9145788269519397,0.7582559955243864,0.5260108504542547,0.15922591343659637,1.6363210233590648,1.8023586926084867,0.3147231826982672,-0.07143579117081955,1.5895341004316645,0.7938318811244256,0.007265104849482618,0.32717773902884006,3,1,90,0,0.014530209698965235,False
session_0048,4,2024-01-01 18:04:00,1.9097339781848333,0.7513458336860541,0.15322292473518456,1.9145788269519397,0.7582559955243864,0.5260108504542547,0.15922591343659637,1.6363210233590648,1.8023586926084867,0.2456649861237285,-0.07143579117081955,1.5895341004316645,0.848057304553453,0.054225423429027364,0.02288906379422602,4,2,120,4,0.008450846858054722,False
session_0048,5,2024-01-01 18:05:00,1.9097339781848333,0.7513458336860541,0.15322292473518456,1.9145788269519397,0.971417386234854,0.5260108504542547,0.15922591343659637,1.6363210233590648,1.8023586926084867,0.2456649861237285,-0.07143579117081955,1.5895341004316645,0.6889137195652285,-0.15914358498822445,0.25384522085765926,5,2,150,0,0.0,True
session_0049,0,2024-01-01 19:00:00,1.247418738065495,0.7555053073264704,0.0736148066136263,1.6157818385122908,1.5666040309664784,0.5023597786581406,0.24270381025166826,0.5794540757064109,1.9600230256188584,0.6873143311107153,0.21644001711892175,1.5170996985379284,0.8290949404264414,0.561654630558922,0.15238963571283504,0,0,0,0,1.123309261117844,False
session_0049,1,2024-01-01 19:01:00,1.247418738065495,0.7555053073264704,0.0736148066136263,1.6157818385122908,1.5666040309664784,0.5023597786581406,0.24270381025166826,0.5794540757064109,1.9600230256188584,0.6732136070139548,0.21644001711892175,1.5170996985379284,0.8300062245652534,0.0009112841388120296,0.3140209489567396,1,0,30,0,0.0018225682776240593,False
session_0049,2,2024-01-01 19:02:00,1.247418738065495,0.7555053073264704,0.0736148066136263,1.6157818385122908,1.5666040309664784,0.5023597786581406,0.24270381025166826,0.5794540757064109,1.9600230256188584,0.6732136070139548,0.21644001711892175,1.5170996985379284,0.871899399406738,0.04189317484148458,0.15314782150301218,2,1,60,3,-0.016213650317030842,False
session_0049,3,2024-01-01 19:03:00,1.247418738065495,0.7555053073264704,0.0736148066136263,1.6157818385122908,1.5666040309664784,0.5684665733620645,0.24270381025166826,0.5794540757064109,1.9600230256188584,0.6732136070139548,0.21644001711892175,1.5170996985379284,0.8398097642928399,-0.03208963511389806,0.3101425947109054,3,1,90,0,0.0,False
session_0049,4,2024-01-01 19:04:00,1.247418738065495,0.7555053073264704,0.0736148066136263,1.6157818385122908,1.5666040309664784,0.5684665733620645,0.24270381025166826,0.5794540757064109,2.004794528628365,0.6732136070139548,0.21644001711892175,1.5170996985379284,0.83083438896555,-0.00897537532728998,0.3656142285121882,4,2,120,3,-0.1,False
session_0049,5,2024-01-01 19:05:00,1.247418738065495,0.7555053073264704,0.0736148066136263,1.6157818385122908,1.5666040309664784,0.5684665733620645,0.24270381025166826,0.5794540757064109,1.8654110134249025,0.6732136070139548,0.21644001711892175,1.5170996985379284,0.7861975932788692,-0.044636795686680775,0.6495350894739644,5,3,150,5,-0.1,False
session_0049,6,2024-01-01 19:06:00,1.247418738065495,0.7555053073264704,0.0736148066136263,1.6157818385122908,1.5666040309664784,0.5684665733620645,0.24270381025166826,0.5794540757064109,1.9010866424557382,0.6732136070139548,0.21644001711892175,1.5170996985379284,0.7986873453085291,0.012489752029659962,0.05736711093603045,6,3,180,0,0.024979504059319924,False
session_0049,7,2024-01-01 19:07:00,1.247418738065495,0.7555053073264704,0.0736148066136263,1.6157818385122908,1.5666040309664784,0.5684665733620645,0.24270381025166826,0.5794540757064109,1.9010866424557382,0.7060545333499617,0.21644001711892175,1.5170996985379284,0.8110019170231889,0.012314571714659772,0.02863934754862432,7,3,210,0,0.024629143429319544,False
session_0049,8,2024-01-01 19:08:00,1.247418738065495,0.7555053073264704,0.0736148066136263,1.6157818385122908,1.5666040309664784,0.5684665733620645,0.24270381025166826,0.5794540757064109,1.9010866424557382,0.7844648557031533,0.21644001711892175,1.5170996985379284,0.7310441333224063,-0.07995778370078266,0.27300487638067467,8,4,240,4,-0.1,False
session_0049,9,2024-01-01 19:09:00,1.247418738065495,0.7555053073264704,0.0736148066136263,1.6157818385122908,1.5666040309664784,0.7245852266797128,0.24270381025166826,0.5794540757064109,1.9010866424557382,0.7844648557031533,0.21644001711892175,1.5170996985379284,0.7644678436546107,0.03342371033220448,0.07310065964427147,9,4,270,0,0.06684742066440896,False
session_0049,10,2024-01-01 19:10:00,1.247418738065495,0.896133745588934,0.0736148066136263,1.6157818385122908,1.5666040309664784,0.7245852266797128,0.24270381025166826,0.5794540757064109,1.9010866424557382,0.7844648557031533,0.21644001711892175,1.5170996985379284,0.7359648827917785,-0.028502960862832216,0.24018305343242077,10,5,300,3,-0.1,False
session_0049,11,2024-01-01 19:11:00,1.247418738065495,0.896133745588934,0.0736148066136263,1.6157818385122908,1.6018043263602415,0.7245852266797128,0.24270381025166826,0.5794540757064109,1.9010866424557382,0.7844648557031533,0.21644001711892175,1.5170996985379284,0.7414897892872893,0.00552490649551074,0.43448791444335805,11,6,330,1,-0.08895018700897853,False
session_0049,12,2024-01-01 19:12:00,1.247418738065495,0.896133745588934,0.0736148066136263,1.6157818385122908,1.6018043263602415,0.7245852266797128,0.24270381025166826,0.5794540757064109,1.8686336548036742,0.7844648557031533,0.21644001711892175,1.5170996985379284,0.8048843971993611,0.06339460791207185,0.11977167402007055,12,6,360,0,0.1267892158241437,True
